timestamp,lat,lon,token
2026-08-01T02:36:52Z,-14.1721,89.3481,n
2026-08-01T11:50:01Z,36.4708,-174.4673,b
2026-08-01T01:15:25Z,-52.8139,119.1966,6
2026-08-01T15:29:59Z,38.0682,-55.0409,p
2026-08-01T02:17:08Z,33.3097,-153.6178,z
2026-08-01T17:37:03Z,0.5347,-38.2836,f
2026-08-01T12:23:09Z,-42.5099,-81.4957,}
2026-08-01T09:08:33Z,-36.1182,-55.9583,4
2026-08-01T22:44:27Z,-38.6270,33.9391,m
2026-08-01T22:31:42Z,23.1157,-79.7278,7
2026-08-01T03:15:23Z,-43.6718,-78.5650,_
2026-08-01T14:39:41Z,34.1204,38.1132,z
2026-08-01T19:17:41Z,-48.7051,71.7395,{
2026-08-01T13:32:10Z,33.5426,160.2446,k
2026-08-01T21:50:20Z,-46.0594,126.8851,l
2026-08-01T18:51:14Z,-53.0161,-117.2147,7
2026-08-01T12:24:33Z,-55.0780,-77.8196,w
2026-08-01T16:25:34Z,51.4998,70.7374,2
2026-08-01T04:30:52Z,25.5358,-53.5122,v
2026-08-01T17:28:57Z,23.8303,61.9990,m
2026-08-01T19:28:52Z,21.1151,-40.9637,a
2026-08-01T05:49:42Z,20.3700,24.5409,0
2026-08-01T18:17:42Z,23.0065,117.6272,0
2026-08-01T13:35:42Z,13.3897,-169.0948,t
2026-08-01T10:12:44Z,47.6301,-161.1671,i
2026-08-01T07:08:00Z,52.1322,61.2240,q
2026-08-01T10:01:42Z,-23.8977,-58.7918,l
2026-08-01T12:18:36Z,-38.1505,-102.4683,7
2026-08-01T08:53:42Z,27.6113,-72.3387,w
2026-08-01T12:40:44Z,-37.6639,8.9175,q
2026-08-01T04:17:13Z,-49.8464,-168.3851,9
2026-08-01T22:57:21Z,28.4175,34.6799,6
2026-08-01T11:52:08Z,43.2335,-159.3427,8
2026-08-01T06:48:58Z,11.1268,51.5738,h
2026-08-01T08:22:17Z,37.7361,143.5839,d
2026-08-01T06:45:46Z,30.6943,162.8032,6
2026-08-01T12:04:23Z,2.2912,-136.2803,f
2026-08-01T19:50:19Z,12.7413,-44.2582,3
2026-08-01T16:50:59Z,-5.0432,157.5384,8
2026-08-01T07:01:57Z,-4.2366,-69.1410,e
2026-08-01T08:24:40Z,48.8651,147.6876,k
2026-08-01T22:21:09Z,12.3866,-136.8888,o
2026-08-01T21:42:15Z,-20.1494,86.3034,3
2026-08-01T02:34:15Z,10.6615,0.1520,s
2026-08-01T02:01:00Z,-57.7757,-58.6739,9
2026-08-01T10:43:05Z,-30.7299,-85.7348,v
2026-08-01T20:39:15Z,-21.7078,-100.7613,r
2026-08-01T09:25:45Z,17.3269,-51.0445,j
2026-08-01T06:18:35Z,-59.8514,36.3306,g
2026-08-01T17:33:24Z,-17.0603,-49.6743,7
2026-08-01T20:41:20Z,-33.1917,22.8125,e
2026-08-01T12:27:18Z,-49.8640,-54.0874,l
2026-08-01T21:44:11Z,-24.0976,110.9781,j
2026-08-01T21:39:15Z,-19.2653,97.1625,m
2026-08-01T21:03:21Z,43.8883,-29.9194,e
2026-08-01T13:22:57Z,40.4133,158.3416,}
2026-08-01T21:38:16Z,40.5651,156.5133,t
2026-08-01T02:35:04Z,9.5745,5.9884,{
2026-08-01T22:13:36Z,53.4232,-86.6947,n
2026-08-01T00:38:41Z,51.7796,-55.2301,v
2026-08-01T21:20:11Z,41.0398,45.6897,3
2026-08-01T02:08:43Z,16.4217,91.7549,y
2026-08-01T03:13:44Z,-37.6453,150.9135,a
2026-08-01T11:59:00Z,24.3381,-150.1626,2
2026-08-01T13:51:54Z,-37.3544,-122.3688,k
2026-08-01T15:44:22Z,57.3324,-63.8523,2
2026-08-01T20:08:49Z,52.3985,-153.6760,}
2026-08-01T03:43:56Z,46.2741,116.4723,9
2026-08-01T08:07:05Z,-5.1170,108.1068,e
2026-08-01T01:02:54Z,-45.8943,84.5175,1
2026-08-01T03:50:17Z,22.9451,61.7692,y
2026-08-01T21:56:31Z,-9.6588,-86.7220,h
2026-08-01T05:09:16Z,28.2975,-136.2540,l
2026-08-01T11:19:57Z,-50.2651,-104.7451,r
2026-08-01T14:59:41Z,-18.1221,-33.0410,f
2026-08-01T05:34:22Z,32.3616,-61.8040,m
2026-08-01T09:15:39Z,-14.6281,114.4094,l
2026-08-01T10:28:57Z,-6.3411,-131.4045,c
2026-08-01T08:57:58Z,-3.6626,-75.3479,5
2026-08-01T11:19:35Z,33.6867,-129.0382,x
2026-08-01T02:08:50Z,-2.0863,-43.7255,e
2026-08-01T02:48:05Z,20.3424,-21.6827,2
2026-08-01T12:53:35Z,45.4578,23.3525,q
2026-08-01T22:45:59Z,-43.6103,-166.5105,q
2026-08-01T09:19:14Z,19.9036,-8.4130,}
2026-08-01T05:40:58Z,22.9836,-42.6305,}
2026-08-01T12:55:57Z,-55.1082,73.8413,n
2026-08-01T21:24:09Z,26.8540,62.0912,v
2026-08-01T22:21:56Z,3.9575,-108.4352,z
2026-08-01T19:23:39Z,55.8244,113.6656,x
2026-08-01T07:11:25Z,-26.2237,118.6779,l
2026-08-01T12:40:58Z,1.3693,160.7089,4
2026-08-01T12:20:26Z,-11.1587,168.5633,1
2026-08-01T09:50:13Z,17.4055,93.4592,6
2026-08-01T20:45:52Z,8.6739,-24.5190,h
2026-08-01T18:03:17Z,50.1821,69.0385,w
2026-08-01T19:08:45Z,48.7023,-70.6784,y
2026-08-01T23:07:21Z,4.6035,60.0111,4
2026-08-01T02:42:02Z,-13.1093,19.0722,u
2026-08-01T02:32:57Z,18.0358,-1.1680,}
2026-08-01T07:15:59Z,-8.0155,-28.1725,f
2026-08-01T02:30:07Z,29.2128,1.2077,7
2026-08-01T09:24:18Z,-16.6864,26.1799,h
2026-08-01T22:20:38Z,22.0558,-121.5633,h
2026-08-01T19:25:28Z,38.6106,-23.5571,s
2026-08-01T18:08:17Z,43.5102,-13.3270,g
2026-08-01T05:11:12Z,33.3206,-175.1210,3
2026-08-01T02:29:36Z,25.2998,-5.8791,2
2026-08-01T04:03:21Z,19.2945,13.6806,q
2026-08-01T17:40:38Z,9.0244,-35.8253,m
2026-08-01T23:03:16Z,9.0767,127.6645,y
2026-08-01T21:26:37Z,57.7538,94.1462,t
2026-08-01T00:56:52Z,-7.3551,57.2837,a
2026-08-01T20:02:28Z,-10.0928,38.5246,e
2026-08-01T15:44:00Z,-16.2641,129.5676,r
2026-08-01T08:28:13Z,22.6045,-106.1864,7
2026-08-01T02:45:03Z,-23.8632,25.6104,i
2026-08-01T07:28:34Z,22.7342,-99.5053,t
2026-08-01T02:33:53Z,-11.8938,-10.7934,1
2026-08-01T06:26:47Z,-19.1427,123.4974,9
2026-08-01T06:26:42Z,-21.3140,117.5423,y
2026-08-01T20:55:44Z,27.1535,-64.4655,j
2026-08-01T19:53:46Z,-8.1167,126.7400,f
2026-08-01T06:46:08Z,-38.3370,-6.2301,f
2026-08-01T10:54:44Z,-50.5742,-30.0977,i
2026-08-01T11:14:38Z,-5.6410,52.9078,c
2026-08-01T19:01:42Z,-30.7238,-73.7512,}
2026-08-01T05:00:58Z,7.6997,158.8287,5
2026-08-01T17:09:55Z,37.6619,-94.7233,t
2026-08-01T02:47:25Z,-30.6721,37.8088,6
2026-08-01T22:06:36Z,-11.5219,163.6707,}
2026-08-01T22:34:10Z,-4.7401,31.7654,l
2026-08-01T16:11:06Z,18.8363,-21.6646,t
2026-08-01T11:49:09Z,28.0465,-122.5640,d
2026-08-01T15:55:01Z,-29.5847,-30.8063,7
2026-08-01T14:12:49Z,-40.0544,-18.6535,6
2026-08-01T06:59:05Z,6.7329,-118.9387,i
2026-08-01T16:08:52Z,28.3302,2.1986,k
2026-08-01T05:23:07Z,45.8700,-118.3056,l
2026-08-01T00:03:54Z,-31.9837,-163.7030,3
2026-08-01T19:53:36Z,21.2201,96.5300,1
2026-08-01T09:52:18Z,27.3866,110.5485,_
2026-08-01T01:15:59Z,-11.5991,-15.4504,9
2026-08-01T11:45:08Z,53.1946,165.5321,w
2026-08-01T17:14:42Z,-21.7405,17.6240,a
2026-08-01T10:45:10Z,1.5034,126.4466,_
2026-08-01T10:58:59Z,-44.5096,-1.4033,}
2026-08-01T14:22:24Z,-19.4711,0.1971,f
2026-08-01T14:53:32Z,20.1574,34.3797,5
2026-08-01T18:32:30Z,-23.3507,148.5612,p
2026-08-01T11:46:10Z,42.7466,166.1362,t
2026-08-01T08:35:01Z,54.5796,-151.3745,n
2026-08-01T20:53:33Z,40.1514,51.9955,s
2026-08-01T14:14:44Z,-32.5315,-12.8236,m
2026-08-01T01:44:15Z,27.4387,-64.3786,t
2026-08-01T11:43:15Z,15.7299,-173.0290,n
2026-08-01T14:23:11Z,51.5177,-27.7291,n
2026-08-01T04:41:02Z,-45.3613,78.2177,8
2026-08-01T01:46:03Z,-57.6836,-27.9188,l
2026-08-01T05:35:53Z,37.2429,-61.5795,a
2026-08-01T14:45:50Z,-7.6405,153.8985,n
2026-08-01T15:55:38Z,-17.4795,-23.4577,t
2026-08-01T21:39:11Z,-7.3569,-117.5603,n
2026-08-01T15:05:16Z,31.6658,161.8633,q
2026-08-01T14:38:21Z,-33.8048,-87.1466,p
2026-08-01T23:36:20Z,48.9733,-50.2929,4
2026-08-01T01:48:48Z,1.7622,-157.5427,5
2026-08-01T15:20:33Z,-12.9441,-165.6611,x
2026-08-01T09:53:18Z,-29.3426,111.1710,k
2026-08-01T06:18:35Z,-43.4336,88.5313,}
2026-08-01T08:54:58Z,6.0142,-108.9006,0
2026-08-01T21:40:33Z,25.0849,-48.6004,y
2026-08-01T08:14:17Z,-9.6401,86.3087,i
2026-08-01T19:24:35Z,59.2235,-27.6391,_
2026-08-01T10:51:34Z,-36.5383,1.0305,0
2026-08-01T22:56:38Z,-45.3121,162.8553,2
2026-08-01T13:56:34Z,-47.9848,-110.9481,b
2026-08-01T07:27:03Z,-27.6188,29.0157,o
2026-08-01T20:15:58Z,-11.2960,69.7213,7
2026-08-01T11:10:59Z,-3.1322,73.1826,n
2026-08-01T19:06:43Z,-43.5666,163.6347,_
2026-08-01T21:23:46Z,33.3062,63.2068,{
2026-08-01T19:55:26Z,-45.8050,-138.8668,9
2026-08-01T22:46:34Z,57.3264,-10.8611,1
2026-08-01T04:24:23Z,4.2792,-69.5112,p
2026-08-01T14:40:15Z,-55.7603,11.5566,c
2026-08-01T20:03:25Z,-13.5894,116.1406,g
2026-08-01T10:33:27Z,-8.1721,-109.5207,o
2026-08-01T06:47:34Z,-15.8486,-160.2339,d
2026-08-01T06:03:59Z,-51.4080,7.3560,0
2026-08-01T13:45:24Z,-14.5423,-146.4218,8
2026-08-01T22:07:17Z,-40.7876,-143.1893,i
2026-08-01T05:27:51Z,-3.7364,84.8607,h
2026-08-01T19:37:56Z,-14.8612,125.5348,p
2026-08-01T17:43:28Z,15.5419,-0.2769,v
2026-08-01T12:08:48Z,-1.7175,-127.4265,j
2026-08-01T12:08:26Z,-6.8633,-126.1202,q
2026-08-01T23:45:59Z,-27.9555,-153.4664,u
2026-08-01T02:37:40Z,-57.2574,-44.3230,r
2026-08-01T14:33:04Z,19.0136,22.2862,2
2026-08-01T08:06:57Z,-39.9873,-156.0002,}
2026-08-01T04:00:52Z,32.3691,-34.1437,h
2026-08-01T01:53:46Z,6.7328,-141.5550,l
2026-08-01T10:20:53Z,-20.3987,-38.3211,h
2026-08-01T08:11:03Z,-51.6871,129.1269,1
2026-08-01T12:21:20Z,-42.7288,-89.0790,f
2026-08-01T03:50:07Z,6.1962,156.0156,c
2026-08-01T10:29:29Z,7.9011,7.4429,n
2026-08-01T17:47:43Z,53.3936,38.7734,4
2026-08-01T13:15:21Z,-53.3689,0.7693,z
2026-08-01T17:00:19Z,-43.4095,-61.7444,r
2026-08-01T23:49:07Z,-58.0792,16.5056,m
2026-08-01T02:27:38Z,24.2701,-5.7608,b
2026-08-01T19:17:31Z,18.8151,-52.9194,j
2026-08-01T15:26:26Z,-33.4169,-159.5442,b
2026-08-01T09:09:33Z,41.6308,-83.0069,o
2026-08-01T21:24:09Z,33.6584,59.4383,s
2026-08-01T07:54:45Z,-34.9393,74.9086,c
2026-08-01T01:29:03Z,-34.0807,-9.2440,{
2026-08-01T03:38:51Z,35.8961,-151.3934,w
2026-08-01T08:02:39Z,-15.9946,100.0895,6
2026-08-01T06:02:07Z,-29.9091,83.9011,6
2026-08-01T11:26:22Z,26.8114,78.6426,r
2026-08-01T03:09:27Z,3.7060,-177.8563,5
2026-08-01T12:03:09Z,20.9106,3.2418,}
2026-08-01T12:34:55Z,-51.9946,-10.3637,9
2026-08-01T20:13:24Z,-45.2020,150.7345,f
2026-08-01T14:10:09Z,57.8649,-37.3861,q
2026-08-01T08:16:51Z,-16.3046,-57.7225,b
2026-08-01T16:33:41Z,49.3505,114.1061,z
2026-08-01T07:51:43Z,-42.8632,58.5710,9
2026-08-01T00:56:02Z,27.5579,18.0112,9
2026-08-01T17:55:12Z,55.5474,16.3697,m
2026-08-01T17:28:01Z,-56.1322,90.9653,m
2026-08-01T09:20:33Z,10.0981,111.3623,z
2026-08-01T12:55:33Z,7.2238,34.1129,i
2026-08-01T19:16:07Z,14.0767,-52.2077,b
2026-08-01T21:37:11Z,-23.5734,-52.3149,p
2026-08-01T15:49:13Z,-36.3554,-43.9787,1
2026-08-01T06:41:59Z,22.5189,147.4334,8
2026-08-01T11:16:44Z,-9.3914,57.2634,_
2026-08-01T17:22:21Z,-45.8125,-70.4867,d
2026-08-01T18:32:57Z,2.1876,-148.7622,j
2026-08-01T13:06:19Z,37.7869,66.4145,3
2026-08-01T10:49:21Z,-49.1173,-51.5261,i
2026-08-01T14:12:12Z,-44.1454,-27.6073,_
2026-08-01T13:11:37Z,48.1068,93.0056,g
2026-08-01T01:53:14Z,9.4798,-150.5588,0
2026-08-01T01:19:44Z,-44.0506,-42.9373,g
2026-08-01T00:51:32Z,32.7814,3.6556,o
2026-08-01T04:36:39Z,-50.6591,83.6091,k
2026-08-01T03:21:42Z,56.5831,-38.8421,3
2026-08-01T03:07:35Z,-47.4389,130.1737,k
2026-08-01T17:55:12Z,48.2927,17.0602,_
2026-08-01T22:12:19Z,-12.9018,90.6936,l
2026-08-01T08:46:52Z,27.2969,-112.3935,v
2026-08-01T02:46:58Z,-28.0998,32.9069,4
2026-08-01T02:46:11Z,-31.2701,-15.3462,9
2026-08-01T18:31:52Z,-19.4815,141.4561,z
2026-08-01T08:32:20Z,30.1273,93.4556,2
2026-08-01T18:39:01Z,-44.4806,176.9953,t
2026-08-01T17:16:18Z,-17.4373,58.0312,q
2026-08-01T23:36:46Z,-52.6747,163.2622,a
2026-08-01T07:23:25Z,-6.6232,-53.9588,{
2026-08-01T21:36:45Z,-11.0495,93.4126,r
2026-08-01T19:44:20Z,-39.2452,-166.8316,f
2026-08-01T00:09:27Z,55.2677,13.6646,4
2026-08-01T20:15:31Z,-48.2040,152.1471,e
2026-08-01T22:09:06Z,-35.9392,-138.4076,e
2026-08-01T05:10:35Z,37.5796,-176.3046,{
2026-08-01T17:42:58Z,55.0443,137.7585,b
2026-08-01T07:34:05Z,-53.3028,-72.5998,d
2026-08-01T08:55:26Z,2.1319,-86.0366,q
2026-08-01T08:02:22Z,-16.1946,100.8513,3
2026-08-01T07:40:51Z,29.1296,-23.0574,l
2026-08-01T15:57:56Z,-10.4336,-22.9736,1
2026-08-01T06:56:23Z,5.2285,-37.6767,m
2026-08-01T09:34:31Z,48.1315,41.8381,4
2026-08-01T12:45:35Z,-29.0222,24.6233,o
2026-08-01T02:36:42Z,-50.8153,119.3913,t
2026-08-01T13:18:01Z,2.1790,-174.5705,s
2026-08-01T17:24:49Z,-48.4709,101.4140,b
2026-08-01T20:11:54Z,-45.5671,140.7050,d
2026-08-01T22:23:12Z,7.7187,-104.6052,4
2026-08-01T12:04:44Z,52.3298,45.3597,v
2026-08-01T00:21:59Z,-36.1789,139.8004,9
2026-08-01T22:16:45Z,53.4975,55.0048,7
2026-08-01T03:16:37Z,-25.4049,158.9652,h
2026-08-01T20:03:49Z,-21.2094,122.5679,q
2026-08-01T05:01:00Z,22.0745,-149.9799,}
2026-08-01T00:57:39Z,-45.9841,108.1528,j
2026-08-01T20:01:16Z,-53.7278,-52.6332,4
2026-08-01T03:03:27Z,-57.9290,112.3228,g
2026-08-01T08:14:59Z,-7.1805,-10.0968,o
2026-08-01T01:15:58Z,-39.5044,67.1981,5
2026-08-01T11:10:46Z,-22.6738,44.8093,p
2026-08-01T14:56:57Z,48.9529,123.4846,0
2026-08-01T20:34:05Z,-39.4801,-114.0803,}
2026-08-01T02:16:04Z,59.8926,137.6070,k
2026-08-01T23:15:48Z,-21.5867,77.5988,_
2026-08-01T21:01:17Z,18.0364,-47.4793,x
2026-08-01T14:01:39Z,56.6832,-129.9607,i
2026-08-01T21:09:27Z,6.5148,142.1043,}
2026-08-01T15:34:45Z,-52.0936,-118.0971,{
2026-08-01T08:18:16Z,25.5567,135.7355,i
2026-08-01T03:12:46Z,-29.7588,148.0305,v
2026-08-01T10:15:55Z,5.4014,-24.1658,f
2026-08-01T16:23:41Z,-18.4799,90.1173,y
2026-08-01T21:04:42Z,28.7451,49.0704,j
2026-08-01T12:50:23Z,-16.2077,33.4614,2
2026-08-01T00:43:40Z,47.6804,-14.0572,n
2026-08-01T02:39:37Z,11.4010,46.5218,{
2026-08-01T01:00:31Z,-45.2195,177.0253,e
2026-08-01T22:02:31Z,-13.4889,31.4075,}
2026-08-01T22:39:18Z,41.6337,-164.9528,v
2026-08-01T06:16:32Z,-52.2507,82.5989,e
2026-08-01T19:01:22Z,-35.5815,-91.2948,c
2026-08-01T08:50:31Z,-4.4775,-167.5241,s
2026-08-01T02:28:46Z,27.7886,95.6873,r
2026-08-01T07:21:02Z,43.7006,-100.2295,{
2026-08-01T21:44:28Z,-32.7006,104.5484,o
2026-08-01T00:09:53Z,-19.1772,-141.6798,v
2026-08-01T14:55:25Z,48.0379,122.8243,l
2026-08-01T03:49:44Z,56.0539,119.5455,b
2026-08-01T02:22:00Z,-38.4700,-4.7295,l
2026-08-01T22:44:23Z,57.0115,-19.3189,{
2026-08-01T23:35:23Z,15.4292,146.4694,_
2026-08-01T23:07:51Z,5.4938,62.0334,2
2026-08-01T19:33:59Z,12.3997,139.7130,}
2026-08-01T15:12:09Z,4.7085,176.3585,}
2026-08-01T10:18:54Z,39.8097,-131.5654,i
2026-08-01T20:18:00Z,-56.4086,162.9594,b
2026-08-01T23:44:16Z,-34.9150,-155.5112,7
2026-08-01T03:20:46Z,36.8455,75.6887,t
2026-08-01T23:44:13Z,48.7757,-12.7971,d
2026-08-01T00:22:01Z,-22.0941,-33.2669,y
2026-08-01T02:18:47Z,49.3549,-39.4098,1
2026-08-01T01:43:10Z,-57.8305,10.9277,2
2026-08-01T22:05:09Z,-43.5624,-149.2031,v
2026-08-01T06:16:03Z,-52.6338,79.1533,r
2026-08-01T01:05:14Z,-53.4768,116.7281,9
2026-08-01T15:06:03Z,25.1164,165.5383,x
2026-08-01T14:03:37Z,-37.7722,-87.9614,s
2026-08-01T02:16:00Z,51.2071,-67.5929,o
2026-08-01T21:45:17Z,15.0666,164.2644,1
2026-08-01T17:22:35Z,-35.5724,-71.9282,_
2026-08-01T18:12:48Z,58.7006,16.4191,m
2026-08-01T01:05:23Z,-2.4294,44.1235,i
2026-08-01T17:12:42Z,-40.9968,-123.0813,a
2026-08-01T10:13:35Z,47.9623,-156.3732,a
2026-08-01T08:49:31Z,27.2588,-102.2451,a
2026-08-01T17:52:46Z,49.3101,7.2886,x
2026-08-01T09:43:25Z,3.0977,80.5785,i
2026-08-01T12:07:44Z,31.1934,38.8256,p
2026-08-01T20:44:40Z,1.6066,5.6251,q
2026-08-01T04:15:56Z,11.7995,109.4192,9
2026-08-01T11:41:10Z,0.4975,83.2970,{
2026-08-01T11:43:17Z,52.7222,150.5231,0
2026-08-01T12:49:37Z,-5.0673,144.1267,j
2026-08-01T12:12:49Z,39.7950,61.3052,3
2026-08-01T00:12:41Z,-3.0705,-137.0141,z
2026-08-01T19:10:19Z,47.7640,-129.1550,g
2026-08-01T06:10:17Z,-44.6717,93.5673,r
2026-08-01T13:03:54Z,35.9649,57.2046,5
2026-08-01T21:19:23Z,41.7350,46.5055,t
2026-08-01T06:24:53Z,45.4708,36.3398,w
2026-08-01T14:22:25Z,13.8610,43.9664,7
2026-08-01T03:41:25Z,39.7059,-136.3687,m
2026-08-01T21:38:34Z,-15.3470,93.7065,o
2026-08-01T15:02:42Z,29.7237,149.6877,9
2026-08-01T21:41:12Z,11.4835,-3.6206,_
2026-08-01T14:13:18Z,47.5779,-44.4205,s
2026-08-01T04:01:09Z,35.2255,-32.8090,l
2026-08-01T20:06:41Z,-22.9905,123.7461,b
2026-08-01T21:34:39Z,1.1188,83.2416,p
2026-08-01T00:58:47Z,13.0324,25.9707,7
2026-08-01T14:12:00Z,49.1026,24.7803,1
2026-08-01T17:34:49Z,8.7403,-160.7343,1
2026-08-01T01:07:27Z,-9.0562,42.4310,9
2026-08-01T07:37:17Z,2.0602,-175.5393,s
2026-08-01T22:56:14Z,33.9531,26.2213,w
2026-08-01T13:34:17Z,17.3491,-169.5477,2
2026-08-01T08:04:34Z,-14.7096,102.8176,q
2026-08-01T15:00:11Z,44.6938,145.2898,l
2026-08-01T16:11:41Z,34.5699,8.7179,s
2026-08-01T22:45:53Z,54.1973,-14.4015,u
2026-08-01T05:54:28Z,-28.1769,47.3404,v
2026-08-01T13:47:56Z,-31.5312,150.1564,v
2026-08-01T07:29:47Z,-26.5897,-39.7035,_
2026-08-01T12:28:18Z,-53.6082,-55.9122,m
2026-08-01T13:03:46Z,41.0508,19.2321,2
2026-08-01T22:24:37Z,-33.1671,65.5316,7
2026-08-01T04:49:32Z,-23.5526,128.3536,d
2026-08-01T00:37:23Z,29.7888,-28.7018,s
2026-08-01T02:28:42Z,5.7498,48.2087,p
2026-08-01T23:04:23Z,8.4970,51.8087,y
2026-08-01T13:07:39Z,42.6246,71.3990,b
2026-08-01T04:58:32Z,0.1907,158.3265,v
2026-08-01T01:11:09Z,-25.0185,52.6038,}
2026-08-01T14:54:32Z,11.0810,84.9692,3
2026-08-01T13:58:30Z,-50.5892,-98.3485,8
2026-08-01T01:18:37Z,47.7888,-29.3829,m
2026-08-01T03:09:28Z,-52.1548,139.0053,4
2026-08-01T23:17:04Z,-29.8090,160.3598,g
2026-08-01T23:52:51Z,-45.6837,-73.1367,b
2026-08-01T20:45:09Z,-9.7189,-82.2108,m
2026-08-01T13:50:00Z,-55.2001,166.7139,g
2026-08-01T13:58:10Z,-47.5889,-96.8116,h
2026-08-01T09:48:19Z,-3.2743,-105.7769,r
2026-08-01T04:20:04Z,-22.0221,4.2846,t
2026-08-01T03:51:00Z,57.1103,-77.6081,i
2026-08-01T22:23:11Z,6.0922,-104.6637,i
2026-08-01T19:26:08Z,35.2939,-21.1445,h
2026-08-01T21:17:12Z,56.4726,121.0334,a
2026-08-01T20:37:07Z,-38.3935,148.0649,c
2026-08-01T10:25:12Z,-44.0821,-137.5781,u
2026-08-01T06:35:35Z,-14.1219,-171.0037,r
2026-08-01T21:14:06Z,-34.7545,62.2651,n
2026-08-01T08:01:44Z,-16.8518,96.4553,o
2026-08-01T16:02:56Z,26.3743,-33.0661,5
2026-08-01T05:38:46Z,10.1049,-89.1896,z
2026-08-01T13:27:34Z,-25.6031,34.9388,q
2026-08-01T16:22:37Z,-59.8116,-71.2515,i
2026-08-01T08:03:13Z,-12.5568,103.1871,4
2026-08-01T23:44:30Z,-34.3755,-154.7829,o
2026-08-01T00:25:06Z,33.7163,7.6528,l
2026-08-01T01:27:18Z,-59.5683,128.0004,e
2026-08-01T06:56:44Z,58.5934,-146.3681,3
2026-08-01T10:10:49Z,-22.3448,-82.1155,j
2026-08-01T06:04:07Z,-49.8847,12.4751,y
2026-08-01T13:32:32Z,29.8183,-171.2466,w
2026-08-01T19:46:29Z,36.4132,80.3718,j
2026-08-01T07:27:59Z,22.3376,58.6564,}
2026-08-01T12:40:19Z,-27.4675,93.0562,a
2026-08-01T21:03:45Z,11.0705,-41.2809,w
2026-08-01T13:59:02Z,12.0019,-124.3775,r
2026-08-01T15:31:42Z,-41.7004,-128.2274,_
2026-08-01T17:01:24Z,-35.8041,-179.6336,b
2026-08-01T02:09:27Z,43.7711,-100.9190,m
2026-08-01T09:12:48Z,48.4202,-157.5044,z
2026-08-01T08:51:44Z,15.3109,-89.6674,x
2026-08-01T20:36:53Z,34.5542,144.0084,i
2026-08-01T19:55:14Z,48.6524,171.7386,q
2026-08-01T18:40:13Z,41.3689,-115.5296,f
2026-08-01T20:04:56Z,-14.5563,115.0895,5
2026-08-01T06:26:48Z,-28.4694,88.0270,f
2026-08-01T16:13:14Z,-3.4391,-85.9523,_
2026-08-01T13:59:06Z,8.9535,-30.8984,z
2026-08-01T12:35:49Z,-50.8159,-12.7830,l
2026-08-01T12:03:52Z,-36.6412,-127.3900,3
2026-08-01T22:47:06Z,51.0240,-9.8954,i
2026-08-01T10:15:15Z,44.8179,-150.1811,w
2026-08-01T21:50:34Z,-47.8233,135.0601,5
2026-08-01T11:57:07Z,32.3180,63.2497,j
2026-08-01T23:58:47Z,8.1377,-124.8611,h
2026-08-01T21:04:02Z,-48.9990,-35.5083,e
2026-08-01T13:17:06Z,55.4550,119.1376,w
2026-08-01T01:17:51Z,54.2104,38.6548,2
2026-08-01T07:54:07Z,-38.7385,72.2861,j
2026-08-01T21:59:04Z,-52.5658,-175.2313,x
2026-08-01T20:55:51Z,28.8620,-65.3444,n
2026-08-01T16:56:51Z,-20.9680,169.7473,0
2026-08-01T06:50:51Z,18.7970,-19.5759,8
2026-08-01T08:58:32Z,26.9411,20.8396,{
2026-08-01T00:54:43Z,23.7679,10.5001,y
2026-08-01T22:25:56Z,-23.2261,1.0350,o
2026-08-01T02:11:38Z,-30.3970,69.2776,i
2026-08-01T20:48:38Z,4.4898,-80.9111,5
2026-08-01T11:30:34Z,33.1545,90.3660,d
2026-08-01T00:10:43Z,-10.9059,-86.8133,w
2026-08-01T08:41:55Z,39.2085,-114.2279,b
2026-08-01T18:28:29Z,58.1255,21.6867,5
2026-08-01T11:46:47Z,53.6076,83.3464,_
2026-08-01T18:38:37Z,-39.6705,169.9938,w
2026-08-01T04:52:28Z,-16.4134,135.1355,s
2026-08-01T15:57:55Z,-14.0622,-24.5799,}
2026-08-01T17:11:51Z,-43.3559,172.9327,3
2026-08-01T06:40:31Z,-49.1164,178.7539,i
2026-08-01T02:42:29Z,24.9259,5.0188,n
2026-08-01T14:24:23Z,-8.8671,-2.3278,2
2026-08-01T16:04:34Z,33.9792,-16.6525,r
2026-08-01T21:38:00Z,-59.7830,-159.3672,w
2026-08-01T21:20:40Z,0.8534,94.1231,q
2026-08-01T07:16:26Z,11.7261,-68.0304,o
2026-08-01T10:53:21Z,-54.1872,-31.6052,j
2026-08-01T21:03:27Z,30.0488,-87.9686,e
2026-08-01T04:43:54Z,-55.9345,72.4713,y
2026-08-01T07:01:55Z,9.4299,-149.9158,o
2026-08-01T20:39:50Z,4.1887,38.8713,c
2026-08-01T05:49:10Z,10.7539,29.3984,k
2026-08-01T22:22:18Z,-55.2909,116.3289,r
2026-08-01T06:15:40Z,-13.0000,-20.7600,m
2026-08-01T09:32:22Z,49.1419,54.0586,s
2026-08-01T16:57:55Z,49.5336,-30.6941,u
2026-08-01T08:47:19Z,27.7191,-102.1803,z
2026-08-01T21:14:49Z,26.0539,-139.6188,h
2026-08-01T19:57:12Z,-5.0531,81.2224,9
2026-08-01T09:35:04Z,-55.8413,-126.3486,x
2026-08-01T09:24:18Z,-48.8326,25.1141,r
2026-08-01T21:58:35Z,8.6304,48.8897,n
2026-08-01T05:55:53Z,15.6035,120.8283,}
2026-08-01T06:00:26Z,-41.0241,1.0498,p
2026-08-01T23:53:16Z,-10.5713,-128.9148,f
2026-08-01T02:05:36Z,-54.5293,94.9793,6
2026-08-01T23:40:25Z,-40.2397,-174.3385,z
2026-08-01T15:15:22Z,-10.4493,-40.4993,_
2026-08-01T13:46:50Z,-20.1638,-138.9375,q
2026-08-01T06:06:44Z,-48.2950,24.1674,m
2026-08-01T23:07:12Z,-29.9166,-141.6866,m
2026-08-01T00:54:22Z,59.5069,158.7414,j
2026-08-01T12:31:44Z,5.5598,40.5524,q
2026-08-01T23:57:43Z,-47.1484,79.7691,t
2026-08-01T14:46:17Z,54.6631,65.9868,a
2026-08-01T18:14:54Z,26.3729,104.1006,9
2026-08-01T14:07:22Z,33.7061,73.5660,9
2026-08-01T08:49:49Z,-40.7616,20.0453,s
2026-08-01T18:04:06Z,-4.7175,-143.8016,4
2026-08-01T03:17:18Z,59.4246,-6.9238,l
2026-08-01T04:45:39Z,3.8204,-81.7863,g
2026-08-01T00:28:39Z,30.0462,-99.1233,a
2026-08-01T12:12:41Z,20.3049,46.6569,b
2026-08-01T03:05:29Z,-54.0487,120.2264,h
2026-08-01T19:54:26Z,8.7146,102.5192,v
2026-08-01T22:31:37Z,6.4041,-57.4294,d
2026-08-01T22:17:43Z,-15.9631,-118.2092,d
2026-08-01T06:05:19Z,-47.0236,17.4577,c
2026-08-01T20:20:58Z,-51.3193,-178.8115,t
2026-08-01T06:32:24Z,-11.4283,135.2987,r
2026-08-01T02:09:06Z,-25.6527,55.7085,x
2026-08-01T10:14:43Z,48.0098,-155.8835,w
2026-08-01T08:27:52Z,47.4446,157.2622,o
2026-08-01T04:31:38Z,-58.2809,50.6772,f
2026-08-01T08:22:48Z,-24.7973,-110.3713,5
2026-08-01T04:10:37Z,14.5993,-116.9318,v
2026-08-01T06:22:43Z,-34.0716,111.8482,g
2026-08-01T16:47:43Z,-32.0310,54.3701,h
2026-08-01T13:49:32Z,-35.4639,-132.0022,s
2026-08-01T08:16:31Z,20.9805,126.6686,h
2026-08-01T19:14:11Z,9.8694,-50.8852,0
2026-08-01T21:00:17Z,31.9180,-49.4676,{
2026-08-01T09:15:11Z,-45.1456,-31.8477,8
2026-08-01T07:45:18Z,-52.1524,-88.9322,e
2026-08-01T06:19:40Z,-37.7551,91.4384,q
2026-08-01T19:35:03Z,58.1907,25.1454,{
2026-08-01T15:55:03Z,-7.6300,13.0275,8
2026-08-01T23:57:31Z,-48.7272,-112.6584,n
2026-08-01T16:11:42Z,26.1961,8.0048,p
2026-08-01T16:47:35Z,48.6638,139.7135,u
2026-08-01T07:39:11Z,-48.8435,-12.2380,f
2026-08-01T16:06:27Z,16.5584,-5.4066,t
2026-08-01T23:28:36Z,-53.1694,123.6047,s
2026-08-01T06:06:46Z,-54.4333,26.8216,u
2026-08-01T07:58:49Z,36.0708,-96.1051,h
2026-08-01T16:53:41Z,-14.6378,169.3355,0
2026-08-01T19:24:49Z,8.7969,152.6892,h
2026-08-01T20:21:45Z,-51.3245,-166.6557,0
2026-08-01T07:54:22Z,-40.7782,74.8477,r
2026-08-01T09:11:50Z,32.3379,-177.8186,c
2026-08-01T13:09:33Z,43.3900,89.8510,4
2026-08-01T13:15:05Z,49.7906,116.9234,u
2026-08-01T08:51:09Z,-56.8589,78.0757,7
2026-08-01T22:24:52Z,39.6108,-48.4900,y
2026-08-01T20:28:13Z,-43.0742,-131.5969,}
2026-08-01T13:51:00Z,-38.3642,-129.4571,r
2026-08-01T05:24:18Z,61.4738,-115.3353,i
2026-08-01T20:28:17Z,-53.8484,-140.7665,r
2026-08-01T06:40:03Z,-3.2585,-25.5931,d
2026-08-01T10:28:22Z,-40.9677,-105.3648,g
2026-08-01T06:23:53Z,-31.2151,107.5334,z
2026-08-01T10:43:12Z,-38.5412,-76.8891,b
2026-08-01T23:09:53Z,-40.7435,82.0306,g
2026-08-01T07:17:38Z,13.8086,-67.8305,v
2026-08-01T23:31:13Z,28.2344,63.4665,p
2026-08-01T01:07:37Z,-16.9400,45.0584,3
2026-08-01T09:03:19Z,-26.2017,-66.5122,v
2026-08-01T00:06:13Z,-37.4750,-109.2717,a
2026-08-01T09:35:40Z,43.9875,43.0781,a
2026-08-01T02:29:37Z,-33.7036,177.0164,c
2026-08-01T21:44:42Z,-49.1529,166.7146,1
2026-08-01T23:06:23Z,-36.7735,-151.2342,r
2026-08-01T07:51:14Z,-45.4341,59.5537,y
2026-08-01T03:49:14Z,45.6957,-90.6116,3
2026-08-01T02:32:17Z,19.1667,15.8787,4
2026-08-01T06:28:18Z,40.8494,-99.4170,1
2026-08-01T03:14:11Z,-57.6316,37.8093,c
2026-08-01T12:48:45Z,2.5177,-0.3973,9
2026-08-01T19:44:49Z,36.8153,67.9916,d
2026-08-01T07:40:36Z,5.8239,-36.7125,7
2026-08-01T18:47:35Z,9.9299,-119.9778,s
2026-08-01T19:10:25Z,15.2838,-91.4843,v
2026-08-01T04:31:56Z,26.2809,77.6022,5
2026-08-01T12:45:35Z,-21.1392,21.5693,y
2026-08-01T19:32:53Z,54.8123,9.6318,4
2026-08-01T01:32:13Z,-24.8252,135.9262,k
2026-08-01T06:41:05Z,-13.1583,137.5703,0
2026-08-01T13:34:49Z,22.2451,-168.3750,m
2026-08-01T17:54:42Z,47.4407,14.6516,d
2026-08-01T18:27:31Z,-48.9613,148.3394,_
2026-08-01T00:20:43Z,37.6178,136.7972,p
2026-08-01T09:29:19Z,-39.3741,51.9732,l
2026-08-01T23:58:32Z,55.1737,-88.1979,4
2026-08-01T23:25:19Z,9.8971,-163.2534,}
2026-08-01T05:39:17Z,28.4103,-47.2558,4
2026-08-01T09:02:38Z,31.8200,-48.4058,m
2026-08-01T07:12:15Z,-10.8485,95.1116,s
2026-08-01T18:08:26Z,-5.0323,-93.0053,g
2026-08-01T07:45:45Z,-20.9632,13.0857,2
2026-08-01T15:06:08Z,-13.1189,123.1919,a
2026-08-01T13:45:41Z,-33.8551,-132.9107,s
2026-08-01T10:16:01Z,17.1713,-156.8735,o
2026-08-01T18:04:23Z,49.9407,71.6791,c
2026-08-01T23:18:20Z,-20.5921,-103.4306,l
2026-08-01T00:48:07Z,41.7120,-1.3367,f
2026-08-01T09:40:10Z,-14.6711,70.2366,x
2026-08-01T07:49:08Z,-51.7994,47.9119,o
2026-08-01T04:04:59Z,21.6817,-29.6340,_
2026-08-01T14:17:27Z,-6.1859,13.3013,d
2026-08-01T13:24:42Z,41.7684,162.6865,o
2026-08-01T12:03:00Z,12.4271,-141.8056,0
2026-08-01T03:17:01Z,47.3908,87.7422,p
2026-08-01T15:58:26Z,-17.5295,97.9602,7
2026-08-01T00:38:12Z,22.6689,16.8864,w
2026-08-01T07:21:59Z,-44.0043,138.5593,5
2026-08-01T17:53:42Z,-9.2660,-65.3823,f
2026-08-01T21:11:15Z,-40.2980,1.1172,r
2026-08-01T16:25:13Z,53.5263,68.7788,4
2026-08-01T07:53:21Z,-37.2574,64.1716,b
2026-08-01T13:45:45Z,-10.8281,-101.8820,2
2026-08-01T20:45:35Z,-9.0233,-81.3582,8
2026-08-01T05:34:58Z,-49.1146,-3.9875,8
2026-08-01T04:30:32Z,13.5825,4.4702,6
2026-08-01T23:36:29Z,-1.9300,4.1169,u
2026-08-01T01:01:03Z,9.5380,35.0997,q
2026-08-01T16:13:35Z,-35.7828,24.0422,f
2026-08-01T09:42:03Z,-6.4517,81.4283,j
2026-08-01T02:04:54Z,19.9133,175.7916,4
2026-08-01T05:36:48Z,32.2372,-57.0185,g
2026-08-01T09:52:52Z,43.5019,-15.8087,f
2026-08-01T16:23:01Z,50.6748,51.7472,_
2026-08-01T15:35:23Z,-52.5580,70.4316,y
2026-08-01T19:28:25Z,42.5547,-17.5014,4
2026-08-01T16:20:27Z,47.5473,-129.8677,t
2026-08-01T20:53:13Z,23.8533,-70.8546,j
2026-08-01T18:38:53Z,-38.3830,145.1095,9
2026-08-01T19:16:07Z,-22.4831,-125.1002,z
2026-08-01T04:52:13Z,-15.2717,136.7611,a
2026-08-01T19:14:10Z,-28.0496,52.7764,a
2026-08-01T21:20:55Z,-2.6763,14.4742,s
2026-08-01T03:38:55Z,12.6475,-61.6892,0
2026-08-01T19:08:55Z,-11.0523,-63.9230,e
2026-08-01T04:58:34Z,-27.7175,-176.6688,g
2026-08-01T10:02:32Z,-17.7616,-12.6893,z
2026-08-01T23:12:46Z,-12.7317,-6.3424,u
2026-08-01T01:53:42Z,8.7453,-147.1050,7
2026-08-01T18:38:16Z,-36.8735,164.3091,l
2026-08-01T22:13:50Z,-25.7383,-130.8378,j
2026-08-01T03:39:05Z,12.2957,137.4371,4
2026-08-01T01:20:40Z,15.3564,113.9954,p
2026-08-01T08:20:50Z,35.5329,134.9967,s
2026-08-01T00:06:32Z,40.2014,51.0845,c
2026-08-01T16:17:15Z,34.1274,18.2745,x
2026-08-01T15:49:01Z,-31.2474,-45.9918,h
2026-08-01T09:47:30Z,10.2418,89.1283,1
2026-08-01T08:02:47Z,47.7218,176.9122,t
2026-08-01T01:41:00Z,-24.0222,177.7600,u
2026-08-01T13:46:27Z,-59.1367,50.5217,d
2026-08-01T08:07:30Z,-55.1945,-110.6091,{
2026-08-01T16:21:10Z,34.5599,127.7237,g
2026-08-01T20:15:42Z,-36.7542,7.7605,7
2026-08-01T16:07:57Z,23.9935,-1.7554,2
2026-08-01T11:13:16Z,-18.2536,47.6776,o
2026-08-01T11:52:57Z,32.3095,-157.9194,k
2026-08-01T21:11:00Z,53.0218,5.6870,r
2026-08-01T17:31:43Z,-12.5808,-49.6037,q
2026-08-01T01:14:52Z,13.2009,-174.3871,w
2026-08-01T16:55:18Z,-18.9281,167.6025,3
2026-08-01T03:24:12Z,14.8647,-18.4081,m
2026-08-01T22:35:00Z,37.9528,-68.8415,}
2026-08-01T00:41:22Z,53.1561,-42.3204,8
2026-08-01T02:09:34Z,-35.0462,60.7815,i
2026-08-01T22:04:42Z,-38.5996,32.2583,l
2026-08-01T07:19:37Z,-9.8912,-100.6926,9
2026-08-01T16:42:45Z,18.0702,147.8656,c
2026-08-01T08:58:10Z,-0.0930,135.4111,0
2026-08-01T19:18:15Z,14.8542,-46.1816,_
2026-08-01T01:39:34Z,-34.5129,161.5622,p
2026-08-01T00:05:01Z,-12.7420,-101.7142,o
2026-08-01T04:54:33Z,33.8593,121.3227,h
2026-08-01T18:14:58Z,-1.3534,162.3439,h
2026-08-01T06:10:42Z,-61.3035,49.3178,a
2026-08-01T01:46:53Z,41.9685,113.2095,z
2026-08-01T10:04:28Z,50.3192,148.9083,m
2026-08-01T21:00:15Z,36.5662,-51.9414,p
2026-08-01T11:05:45Z,-16.9726,89.0345,a
2026-08-01T11:01:29Z,-50.4761,14.4900,8
2026-08-01T20:23:21Z,-50.0220,-165.0668,p
2026-08-01T11:50:39Z,19.2161,-54.7684,y
2026-08-01T11:56:31Z,18.7290,-36.5553,3
2026-08-01T01:03:57Z,-4.6289,36.8386,z
2026-08-01T01:37:22Z,-32.3869,174.9617,4
2026-08-01T13:20:44Z,50.0219,138.1644,9
2026-08-01T03:15:41Z,-14.0492,118.8773,g
2026-08-01T10:52:09Z,-50.4474,-38.2345,2
2026-08-01T12:12:04Z,50.3116,158.6576,a
2026-08-01T05:48:11Z,-57.7820,-55.5820,{
2026-08-01T12:43:13Z,-27.1226,13.8627,4
2026-08-01T01:37:34Z,-47.0753,104.0897,p
2026-08-01T17:51:25Z,-21.2758,-34.1667,}
2026-08-01T11:33:31Z,37.7964,96.5015,x
2026-08-01T09:55:26Z,34.0624,111.0016,n
2026-08-01T04:32:48Z,-48.2247,47.9841,5
2026-08-01T10:10:58Z,12.0730,149.7816,6
2026-08-01T15:46:28Z,37.9259,153.7382,n
2026-08-01T14:30:55Z,7.7196,14.3216,3
2026-08-01T02:12:46Z,56.2292,-81.1982,k
2026-08-01T17:01:18Z,-7.1909,-36.0806,4
2026-08-01T08:43:48Z,20.7927,-49.1004,6
2026-08-01T09:19:50Z,-55.8713,-1.2748,b
2026-08-01T14:06:19Z,-48.6903,-100.3879,1
2026-08-01T12:05:08Z,2.9374,-138.2413,2
2026-08-01T22:49:41Z,55.7295,-35.0479,w
2026-08-01T18:16:59Z,17.7435,115.6633,e
2026-08-01T05:48:33Z,-3.3252,-33.1350,v
2026-08-01T13:07:36Z,39.0659,72.0357,p
2026-08-01T13:05:32Z,32.7346,62.9235,1
2026-08-01T10:59:25Z,-56.2122,4.9284,e
2026-08-01T10:14:45Z,58.5743,-19.2577,b
2026-08-01T18:36:22Z,-28.5195,163.7248,z
2026-08-01T10:27:02Z,12.7751,-117.8335,}
2026-08-01T14:24:24Z,59.7155,46.0703,l
2026-08-01T23:18:02Z,-27.0799,86.7811,g
2026-08-01T03:51:34Z,54.2226,-72.2745,_
2026-08-01T04:20:40Z,-41.2789,178.9740,t
2026-08-01T23:16:39Z,-29.6464,78.0570,i
2026-08-01T03:59:00Z,35.1155,-39.4646,q
2026-08-01T05:04:35Z,6.5405,167.9290,h
2026-08-01T17:29:33Z,-19.7201,-58.5869,j
2026-08-01T03:46:16Z,51.9672,-118.1214,t
2026-08-01T12:11:57Z,-51.4392,-38.0411,h
2026-08-01T17:15:46Z,-58.0224,-103.4224,o
2026-08-01T07:40:10Z,-44.0047,-4.2010,5
2026-08-01T23:27:14Z,-55.1978,111.6433,0
2026-08-01T01:08:11Z,-17.5794,45.7920,s
2026-08-01T22:57:20Z,-35.8907,24.9176,b
2026-08-01T15:26:13Z,-3.5357,-58.6158,l
2026-08-01T14:12:33Z,-32.0521,144.5859,u
2026-08-01T22:38:47Z,-38.6929,-38.3348,h
2026-08-01T00:10:54Z,-8.8813,-142.7979,5
2026-08-01T23:20:37Z,-28.8351,94.4958,2
2026-08-01T08:01:26Z,42.1519,59.1200,i
2026-08-01T14:17:50Z,-4.9704,147.4786,k
2026-08-01T02:09:33Z,55.3414,-99.1690,t
2026-08-01T00:32:45Z,-0.2352,22.0663,}
2026-08-01T21:26:32Z,-50.4513,-112.4570,a
2026-08-01T09:31:24Z,-32.1675,54.7947,v
2026-08-01T19:28:42Z,33.1087,-91.0793,x
2026-08-01T23:09:22Z,-0.8502,58.9449,z
2026-08-01T15:04:49Z,-47.3906,-131.0586,5
2026-08-01T23:41:50Z,-38.9099,-169.1503,9
2026-08-01T06:00:07Z,-37.7208,0.2467,k
2026-08-01T00:25:42Z,34.2115,-110.1622,u
2026-08-01T21:53:03Z,-47.5230,143.5378,9
2026-08-01T23:56:46Z,-35.9859,174.2693,p
2026-08-01T23:51:07Z,-39.0292,-71.3071,e
2026-08-01T13:17:27Z,29.5339,132.9095,{
2026-08-01T11:10:08Z,24.7592,-69.4525,7
2026-08-01T22:22:40Z,-0.5429,-108.7596,x
2026-08-01T14:02:35Z,2.0125,-13.6845,6
2026-08-01T05:44:14Z,37.3125,176.5078,8
2026-08-01T22:03:59Z,-43.5504,132.2652,c
2026-08-01T20:25:31Z,38.1593,-39.4838,n
2026-08-01T03:12:07Z,-36.1540,154.2484,q
2026-08-01T06:41:26Z,-33.0504,1.7690,t
2026-08-01T17:01:12Z,-31.4378,-179.7708,u
2026-08-01T01:00:12Z,-33.5631,-41.7541,i
2026-08-01T12:58:51Z,19.2266,49.7635,u
2026-08-01T15:52:09Z,-19.2674,-129.1193,w
2026-08-01T20:38:08Z,-10.8382,175.3590,0
2026-08-01T15:41:29Z,-9.0868,-36.9208,l
2026-08-01T22:38:36Z,49.5830,-64.6301,9
2026-08-01T03:46:50Z,47.5101,-109.3813,8
2026-08-01T17:42:46Z,14.9814,-23.0021,m
2026-08-01T02:17:26Z,59.4762,-53.8267,7
2026-08-01T02:55:43Z,-47.3068,65.6612,y
2026-08-01T13:32:00Z,21.1835,-173.0288,6
2026-08-01T16:32:26Z,42.4335,110.6987,u
2026-08-01T07:02:11Z,53.3113,-125.3810,a
2026-08-01T09:21:14Z,-3.3548,-172.9810,y
2026-08-01T15:02:50Z,-19.5049,-144.5779,9
2026-08-01T07:30:42Z,-28.0318,-22.9034,o
2026-08-01T12:45:38Z,-54.7839,55.5583,0
2026-08-01T16:25:10Z,59.2427,71.0265,n
2026-08-01T06:02:35Z,42.7723,117.8056,x
2026-08-01T23:46:04Z,-9.0271,139.1885,d
2026-08-01T12:42:39Z,-28.6469,11.3564,t
2026-08-01T15:37:59Z,-54.1161,-140.3189,v
2026-08-01T20:12:30Z,-31.3095,-89.9256,4
2026-08-01T12:59:32Z,-41.5869,96.3096,f
2026-08-01T02:45:59Z,-20.4828,27.1267,6
2026-08-01T03:55:56Z,36.8559,-53.5829,0
2026-08-01T12:48:42Z,37.2789,126.5888,d
2026-08-01T18:14:31Z,29.7826,108.6933,u
2026-08-01T02:56:21Z,-54.6266,117.9505,t
2026-08-01T22:28:23Z,-28.3807,31.3533,s
2026-08-01T02:39:34Z,-8.5840,10.7915,f
2026-08-01T13:53:12Z,-42.7548,-122.7238,k
2026-08-01T02:19:15Z,-23.3666,-141.2288,{
2026-08-01T23:43:58Z,-34.2428,-154.3320,s
2026-08-01T00:38:28Z,46.6458,-53.8719,t
2026-08-01T21:03:56Z,43.0684,-29.5200,y
2026-08-01T09:45:16Z,6.3179,85.5279,e
2026-08-01T15:27:52Z,-39.6470,-154.3081,z
2026-08-01T18:09:14Z,38.5597,95.7749,v
2026-08-01T05:39:08Z,24.6631,-44.4810,x
2026-08-01T16:23:13Z,-54.6194,-29.5568,6
2026-08-01T11:50:56Z,-46.1122,119.6286,r
2026-08-01T15:15:33Z,43.9423,-11.9739,r
2026-08-01T07:02:15Z,39.5335,51.3899,j
2026-08-01T18:51:08Z,51.9916,34.0103,d
2026-08-01T15:02:07Z,-33.3419,-27.5450,9
2026-08-01T07:41:29Z,-47.0439,-3.9357,m
2026-08-01T11:57:48Z,-50.5131,68.6009,8
2026-08-01T15:21:45Z,15.6664,-148.4808,5
2026-08-01T06:04:05Z,-40.2045,8.8902,5
2026-08-01T01:32:53Z,34.0098,24.3833,0
2026-08-01T10:11:06Z,51.7036,-171.1452,j
2026-08-01T03:02:48Z,37.8938,-158.6115,s
2026-08-01T14:07:17Z,4.8886,26.0933,_
2026-08-01T14:13:35Z,23.2124,-13.0119,}
2026-08-01T10:32:37Z,-3.9134,-103.1858,b
2026-08-01T18:52:19Z,-48.7604,-128.1939,a
2026-08-01T08:52:45Z,7.4638,-91.1942,v
2026-08-01T03:10:02Z,-40.9932,142.9053,z
2026-08-01T12:28:42Z,25.3689,-122.4403,q
2026-08-01T20:25:55Z,-43.7893,-146.6783,s
2026-08-01T04:10:02Z,12.0140,-12.4481,0
2026-08-01T18:23:49Z,-0.0341,131.6558,z
2026-08-01T05:17:44Z,43.1550,-156.5290,c
2026-08-01T08:24:03Z,41.0832,148.4387,d
2026-08-01T09:47:19Z,-43.8492,2.6150,_
2026-08-01T03:38:24Z,43.3539,-145.5785,5
2026-08-01T06:38:03Z,16.0584,-174.7342,8
2026-08-01T15:17:58Z,-9.9885,-168.5310,_
2026-08-01T11:52:08Z,34.8202,-165.9455,p
2026-08-01T04:06:14Z,-38.5626,-49.0037,h
2026-08-01T22:42:10Z,55.2603,-35.3698,3
2026-08-01T19:21:12Z,28.4147,-32.7185,7
2026-08-01T10:55:27Z,19.3731,120.3084,w
2026-08-01T09:02:20Z,-3.8217,156.6402,f
2026-08-01T16:37:10Z,-20.3757,0.9205,i
2026-08-01T20:14:26Z,-51.0663,110.6178,6
2026-08-01T01:16:48Z,-23.6807,-62.5950,y
2026-08-01T05:18:15Z,46.5388,-147.7322,e
2026-08-01T05:51:06Z,-13.7082,-32.4800,2
2026-08-01T13:32:01Z,32.0311,-156.6868,e
2026-08-01T19:11:11Z,-4.3195,60.6654,j
2026-08-01T04:43:30Z,-46.2477,112.9184,0
2026-08-01T16:40:35Z,27.6783,128.8016,e
2026-08-01T12:34:02Z,-39.2328,-105.0822,l
2026-08-01T10:49:38Z,-30.3133,21.2925,3
2026-08-01T13:24:28Z,41.0351,162.0617,2
2026-08-01T00:27:30Z,30.0635,-101.2537,y
2026-08-01T21:52:46Z,-52.9085,29.7262,y
2026-08-01T17:22:49Z,40.0831,-122.4945,7
2026-08-01T17:03:14Z,-47.1876,-171.4460,7
2026-08-01T18:55:29Z,19.8358,143.9778,e
2026-08-01T05:06:09Z,17.5680,171.8372,m
2026-08-01T11:49:23Z,52.2127,-176.7420,8
2026-08-01T17:33:23Z,21.2109,-142.2488,}
2026-08-01T00:48:43Z,57.9024,-179.6242,v
2026-08-01T23:13:28Z,-19.2661,76.6731,6
2026-08-01T18:49:56Z,24.1041,-46.0635,{
2026-08-01T00:31:28Z,-57.2843,111.5227,y
2026-08-01T05:44:50Z,6.4500,-38.4348,p
2026-08-01T14:50:54Z,-47.4398,-31.2835,m
2026-08-01T22:02:49Z,-45.3722,-166.1777,y
2026-08-01T19:51:43Z,24.3750,90.0144,l
2026-08-01T20:56:13Z,23.4252,-58.0619,5
2026-08-01T00:23:29Z,14.8073,-114.7711,x
2026-08-01T16:45:40Z,8.4156,151.0046,u
2026-08-01T06:46:01Z,-47.7010,-137.9505,5
2026-08-01T14:22:54Z,48.2332,53.1939,i
2026-08-01T02:40:13Z,-36.5403,-62.6609,c
2026-08-01T12:41:24Z,24.5730,38.5557,3
2026-08-01T17:52:46Z,-17.2192,-46.3526,i
2026-08-01T15:11:05Z,27.3455,-101.6881,1
2026-08-01T13:10:35Z,45.8665,86.8422,p
2026-08-01T22:22:13Z,-37.1898,67.9933,k
2026-08-01T21:29:54Z,13.0701,80.0551,0
2026-08-01T14:09:26Z,-40.8235,-45.3403,_
2026-08-01T08:42:01Z,37.3664,-127.3462,}
2026-08-01T20:30:22Z,14.9734,-49.3511,g
2026-08-01T19:07:57Z,-18.7697,-69.1576,s
2026-08-01T13:17:36Z,53.7495,123.6533,u
2026-08-01T04:21:14Z,-55.2178,100.3168,4
2026-08-01T12:05:14Z,1.0225,-136.9047,t
2026-08-01T15:45:36Z,-49.9191,-64.2174,z
2026-08-01T03:42:13Z,25.5802,37.2242,f
2026-08-01T20:27:48Z,-41.5722,-135.0966,8
2026-08-01T10:46:51Z,-44.4465,-60.3094,4
2026-08-01T05:47:03Z,33.2423,22.3743,j
2026-08-01T19:37:46Z,-38.0047,-42.9999,z
2026-08-01T09:30:57Z,-33.9037,58.8073,p
2026-08-01T14:36:57Z,-20.4162,38.2989,f
2026-08-01T21:40:31Z,-13.1252,101.1155,e
2026-08-01T12:10:45Z,-14.1134,-116.7549,0
2026-08-01T04:25:03Z,28.2186,-152.5104,o
2026-08-01T03:17:45Z,-1.5292,-131.3392,g
2026-08-01T07:13:16Z,-42.9693,22.4761,6
2026-08-01T14:13:15Z,-1.8521,-32.1618,4
2026-08-01T23:55:04Z,-16.4518,-5.2845,j
2026-08-01T10:27:47Z,4.9503,-113.2634,_
2026-08-01T08:12:53Z,5.7667,112.8042,2
2026-08-01T03:19:57Z,39.7749,-72.7607,t
2026-08-01T02:35:14Z,2.6379,14.8118,0
2026-08-01T00:25:40Z,27.6802,-106.2833,5
2026-08-01T23:05:31Z,9.1456,61.4070,o
2026-08-01T22:30:28Z,23.4658,-87.5826,9
2026-08-01T17:10:23Z,-53.0155,26.6150,b
2026-08-01T19:12:50Z,-48.3767,44.3396,u
2026-08-01T19:10:16Z,-1.9976,-63.7379,_
2026-08-01T19:16:22Z,47.9378,92.2602,7
2026-08-01T05:23:02Z,-2.1679,-162.2240,e
2026-08-01T12:54:39Z,4.9810,30.7281,k
2026-08-01T04:45:47Z,-43.6958,121.4400,3
2026-08-01T08:36:07Z,54.2291,-153.1851,o
2026-08-01T22:25:24Z,-52.2225,-139.1446,2
2026-08-01T01:32:46Z,45.3537,125.4453,f
2026-08-01T14:29:02Z,6.9653,15.3753,s
2026-08-01T21:35:08Z,-0.0875,82.4271,q
2026-08-01T14:29:05Z,29.6119,-91.0985,7
2026-08-01T20:31:10Z,-2.2877,-86.7098,5
2026-08-01T19:50:10Z,29.7156,90.8772,g
2026-08-01T10:13:30Z,48.0429,-148.8996,n
2026-08-01T03:28:56Z,12.9320,-169.7002,b
2026-08-01T06:33:29Z,-4.2829,134.6244,j
2026-08-01T22:45:59Z,-58.4616,-122.0348,1
2026-08-01T23:19:32Z,-16.0375,170.1670,_
2026-08-01T06:56:53Z,2.1370,49.4867,_
2026-08-01T18:45:05Z,25.1983,34.2153,7
2026-08-01T12:49:55Z,-5.1602,26.1549,7
2026-08-01T08:20:09Z,-26.7819,-74.4621,m
2026-08-01T04:48:51Z,-23.9406,134.7115,z
2026-08-01T09:15:37Z,-51.2826,-21.5665,x
2026-08-01T18:25:47Z,-5.1592,132.0041,2
2026-08-01T06:14:15Z,52.7127,-50.4267,6
2026-08-01T01:56:51Z,22.1583,-138.3202,{
2026-08-01T02:22:58Z,41.9906,-32.0095,7
2026-08-01T22:41:53Z,53.2994,-44.0209,0
2026-08-01T05:39:30Z,27.2459,-43.8400,3
2026-08-01T00:06:46Z,-27.7504,-152.1366,3
2026-08-01T17:19:35Z,-49.0094,-91.0544,z
2026-08-01T18:08:46Z,41.6607,-94.4760,9
2026-08-01T03:44:14Z,51.9942,-117.7102,2
2026-08-01T22:06:11Z,-41.6447,-141.6472,9
2026-08-01T01:42:57Z,8.2334,-108.4645,p
2026-08-01T00:26:42Z,35.4049,-105.1501,e
2026-08-01T06:38:31Z,-52.5409,-27.2069,x
2026-08-01T11:16:34Z,39.1603,15.9658,0
2026-08-01T08:26:33Z,41.5361,-115.7191,y
2026-08-01T07:31:27Z,46.9999,29.8515,9
2026-08-01T05:20:02Z,53.3901,-139.3343,y
2026-08-01T23:03:43Z,18.0970,53.2840,8
2026-08-01T07:53:50Z,-48.7420,71.8332,i
2026-08-01T00:35:24Z,41.1937,173.0127,0
2026-08-01T19:33:24Z,51.3563,15.7901,a
2026-08-01T13:08:33Z,40.8157,41.6299,l
2026-08-01T03:31:35Z,17.7582,-166.1184,z
2026-08-01T02:50:27Z,-36.7501,37.0267,0
2026-08-01T10:41:32Z,9.8396,16.0874,l
2026-08-01T20:32:40Z,41.7132,150.7954,g
2026-08-01T23:49:33Z,-18.9275,-149.1475,k
2026-08-01T12:45:55Z,-38.3639,137.3151,{
2026-08-01T13:49:52Z,-28.7542,-129.4785,a
2026-08-01T06:47:49Z,-21.4228,-176.9017,j
2026-08-01T03:24:27Z,2.6413,-173.8396,n
2026-08-01T21:17:16Z,42.7226,46.9458,y
2026-08-01T05:31:40Z,-0.1992,159.3083,1
2026-08-01T03:27:20Z,9.0824,-165.7524,v
2026-08-01T05:45:05Z,20.1801,-35.5725,1
2026-08-01T16:35:02Z,13.9544,84.3426,s
2026-08-01T15:40:42Z,-53.4411,-82.1748,f
2026-08-01T15:20:40Z,-13.0169,-171.7981,z
2026-08-01T17:56:25Z,28.9828,25.4805,l
2026-08-01T20:57:15Z,40.6661,-164.2340,{
2026-08-01T10:28:18Z,-19.7658,160.4633,r
2026-08-01T06:12:50Z,-54.0820,59.3686,2
2026-08-01T21:16:09Z,4.4601,-25.0636,7
2026-08-01T16:41:21Z,20.4195,144.0958,u
2026-08-01T15:33:13Z,-23.3541,117.4241,9
2026-08-01T14:08:47Z,-50.7758,-47.0612,g
2026-08-01T09:59:39Z,-53.8450,-13.2927,q
2026-08-01T14:00:40Z,-47.8499,-92.7396,7
2026-08-01T02:23:10Z,40.6776,-23.0596,a
2026-08-01T22:47:27Z,56.2238,-1.1421,3
2026-08-01T03:16:08Z,7.4457,27.6071,k
2026-08-01T03:54:29Z,50.2745,-65.7142,1
2026-08-01T10:49:50Z,38.4367,-128.1242,u
2026-08-01T09:07:07Z,-28.9819,-54.6153,2
2026-08-01T08:18:09Z,22.1735,129.2547,e
2026-08-01T22:29:20Z,-54.9916,12.1501,0
2026-08-01T00:04:30Z,-32.1160,-158.7319,1
2026-08-01T07:57:28Z,4.4755,175.0913,o
2026-08-01T01:26:38Z,34.2676,62.6286,2
2026-08-01T01:13:16Z,-33.6429,53.1465,s
2026-08-01T13:17:25Z,57.8115,121.5368,k
2026-08-01T15:14:59Z,5.0191,-177.0076,v
2026-08-01T19:05:16Z,-18.3710,-71.4721,r
2026-08-01T23:59:11Z,10.7066,-126.5827,q
2026-08-01T22:10:43Z,-28.3764,-130.7122,e
2026-08-01T17:52:08Z,41.5514,5.6670,f
2026-08-01T16:12:25Z,-33.8280,-55.4188,z
2026-08-01T09:07:31Z,-13.9415,-117.0279,g
2026-08-01T09:15:47Z,-39.2278,-132.2966,x
2026-08-01T11:43:34Z,-11.4199,113.0490,a
2026-08-01T13:01:03Z,51.0855,-20.9068,f
2026-08-01T21:39:33Z,12.0444,39.5354,q
2026-08-01T05:44:37Z,-21.0255,-138.1994,w
2026-08-01T10:29:45Z,-17.0424,132.7325,t
2026-08-01T07:26:33Z,-13.4996,-52.0623,t
2026-08-01T20:37:54Z,-32.4130,-107.5531,f
2026-08-01T18:05:37Z,-32.7801,-114.9431,4
2026-08-01T12:18:00Z,-37.7470,-126.9014,}
2026-08-01T17:51:38Z,47.5600,-3.2540,a
2026-08-01T16:10:10Z,9.8695,58.1801,n
2026-08-01T09:12:42Z,-44.3507,-41.1910,v
2026-08-01T07:04:47Z,50.8834,-103.7995,y
2026-08-01T05:36:00Z,30.1488,-56.9737,8
2026-08-01T01:43:43Z,-22.4523,-168.2085,r
2026-08-01T04:43:40Z,-58.9008,94.5093,p
2026-08-01T03:00:20Z,-54.7769,88.4158,m
2026-08-01T23:24:32Z,-43.3068,101.8312,h
2026-08-01T03:43:08Z,44.8732,-125.0789,y
2026-08-01T05:51:57Z,-17.9763,-17.3569,n
2026-08-01T09:11:52Z,-45.9311,-34.4891,1
2026-08-01T23:09:19Z,-21.6160,-124.6787,n
2026-08-01T22:21:22Z,1.1801,-112.3095,q
2026-08-01T17:43:32Z,36.7716,116.1626,p
2026-08-01T19:08:44Z,-55.1052,-110.6069,k
2026-08-01T04:07:50Z,-8.4992,19.5673,i
2026-08-01T11:05:29Z,-35.5379,36.4669,}
2026-08-01T21:02:13Z,35.9518,-39.4774,2
2026-08-01T14:22:30Z,-13.1233,4.9369,l
2026-08-01T06:12:03Z,-50.7248,53.9083,}
2026-08-01T18:26:29Z,-1.5549,143.9168,z
2026-08-01T07:00:48Z,41.0018,0.4813,1
2026-08-01T05:05:09Z,34.5524,-174.3544,b
2026-08-01T19:31:35Z,-27.0975,172.8675,k
2026-08-01T02:07:25Z,-56.1521,-170.5549,f
2026-08-01T23:53:22Z,-4.9887,-135.3582,3
2026-08-01T05:48:43Z,-29.2074,134.9916,v
2026-08-01T09:24:59Z,50.1566,75.2315,l
2026-08-01T04:47:36Z,-32.0530,125.1510,g
2026-08-01T20:27:37Z,3.8583,-63.8091,2
2026-08-01T03:14:21Z,-37.1317,155.4248,e
2026-08-01T10:32:39Z,34.9591,-152.5104,e
2026-08-01T10:18:21Z,41.8880,-142.0137,h
2026-08-01T21:53:00Z,-54.2326,147.3963,_
2026-08-01T11:06:16Z,-29.7944,24.5111,3
2026-08-01T03:06:17Z,-46.5528,121.2414,y
2026-08-01T08:28:50Z,42.2436,171.0308,h
2026-08-01T15:52:34Z,-49.0080,-145.0525,q
2026-08-01T23:28:09Z,46.3364,5.5068,j
2026-08-01T07:30:38Z,25.7083,133.5753,x
2026-08-01T05:22:10Z,-51.6874,-110.5203,g
2026-08-01T17:57:37Z,51.1915,34.8446,c
2026-08-01T00:31:00Z,51.6517,60.7597,e
2026-08-01T18:13:46Z,37.1399,68.6106,c
2026-08-01T00:14:57Z,-58.2322,91.5305,d
2026-08-01T01:01:18Z,-45.8349,48.4525,3
2026-08-01T02:44:53Z,-18.8787,36.8592,x
2026-08-01T00:41:17Z,13.7766,20.8120,6
2026-08-01T11:11:36Z,-17.5792,52.0124,i
2026-08-01T17:34:28Z,-9.8007,-44.5036,3
2026-08-01T22:06:31Z,49.1350,-177.8043,o
2026-08-01T19:46:19Z,38.5530,69.1757,3
2026-08-01T10:00:24Z,51.5301,133.2694,m
2026-08-01T08:45:38Z,55.1618,-62.6912,7
2026-08-01T00:15:01Z,6.5609,-131.2399,1
2026-08-01T00:48:10Z,46.1310,-4.3433,e
2026-08-01T19:31:02Z,50.0277,-1.1265,c
2026-08-01T09:48:05Z,9.4661,95.7199,j
2026-08-01T02:52:45Z,-34.5464,-85.5794,r
2026-08-01T17:37:42Z,-4.0748,-31.2439,t
2026-08-01T22:20:34Z,-1.5358,-104.8562,e
2026-08-01T02:30:43Z,21.4975,-2.2587,b
2026-08-01T20:07:38Z,-10.6549,52.3204,{
2026-08-01T07:18:30Z,8.3169,-62.0548,p
2026-08-01T11:56:51Z,-57.6735,167.5196,j
2026-08-01T12:16:33Z,43.0177,49.7183,w
2026-08-01T07:35:34Z,-45.4155,-20.4829,6
2026-08-01T01:25:10Z,-51.4060,108.7668,n
2026-08-01T19:48:46Z,31.5753,76.5461,t
2026-08-01T12:38:28Z,2.3937,-112.3504,g
2026-08-01T04:32:56Z,-13.0361,63.9713,m
2026-08-01T09:56:31Z,24.7885,-132.5044,k
2026-08-01T07:14:58Z,19.0495,-72.5603,i
2026-08-01T01:52:59Z,3.9857,-153.1103,q
2026-08-01T12:29:01Z,-54.2586,-52.7481,2
2026-08-01T16:39:41Z,-7.5973,57.9923,5
2026-08-01T15:20:54Z,-17.9447,-165.3027,a
2026-08-01T21:34:17Z,-2.6015,87.0162,0
2026-08-01T21:39:39Z,-12.6841,94.0927,}
2026-08-01T12:19:07Z,-41.2443,-100.1359,b
2026-08-01T15:00:50Z,40.6779,146.1242,s
2026-08-01T04:36:18Z,-50.5041,71.2954,h
2026-08-01T02:31:48Z,-52.2958,-155.1266,0
2026-08-01T11:48:26Z,9.6771,56.5774,q
2026-08-01T13:52:01Z,38.8382,-124.1170,u
2026-08-01T21:08:19Z,-1.0569,-49.2701,c
2026-08-01T20:53:41Z,22.4279,-69.8080,r
2026-08-01T21:33:18Z,3.3017,81.2673,q
2026-08-01T01:55:40Z,13.5193,-145.5357,u
2026-08-01T22:42:38Z,45.4094,-39.3910,i
2026-08-01T14:10:08Z,-36.6057,81.0174,w
2026-08-01T13:15:01Z,-11.5040,25.2378,f
2026-08-01T10:18:50Z,40.9253,-144.6829,r
2026-08-01T09:50:29Z,20.6437,103.0138,o
2026-08-01T06:54:47Z,55.6139,-164.4577,o
2026-08-01T09:34:32Z,-34.4533,69.3555,v
2026-08-01T07:32:20Z,-32.8002,-26.9578,x
2026-08-01T18:18:18Z,17.9044,117.4377,a
2026-08-01T19:28:55Z,-21.5875,143.5175,o
2026-08-01T23:26:44Z,-46.9502,108.0117,z
2026-08-01T05:35:25Z,26.2509,-179.5190,6
2026-08-01T08:11:20Z,12.0827,107.6895,g
2026-08-01T09:17:57Z,-58.4674,-12.9305,w
2026-08-01T05:45:36Z,3.9626,-44.4824,y
2026-08-01T21:25:25Z,23.2502,66.9287,m
2026-08-01T07:37:48Z,-46.6254,-20.8311,q
2026-08-01T16:33:17Z,44.3085,112.1947,3
2026-08-01T07:05:03Z,38.0164,-108.5416,v
2026-08-01T19:05:25Z,48.6523,110.8636,q
2026-08-01T06:23:23Z,12.0100,66.0938,d
2026-08-01T18:06:54Z,44.5247,87.1863,k
2026-08-01T02:38:01Z,0.6343,12.7250,5
2026-08-01T13:54:58Z,-7.2282,-142.6984,a
2026-08-01T13:40:00Z,0.8449,-155.3259,u
2026-08-01T18:22:22Z,-25.9077,-107.2306,a
2026-08-01T13:29:02Z,-30.4277,-125.2109,v
2026-08-01T10:45:57Z,-43.9518,-72.6979,d
2026-08-01T06:26:07Z,-21.1539,117.6692,n
2026-08-01T17:08:14Z,-12.0812,-162.9053,r
2026-08-01T02:34:44Z,12.8330,2.8845,w
2026-08-01T12:15:14Z,-16.1012,-124.1407,s
2026-08-01T09:43:12Z,-0.0659,86.6340,_
2026-08-01T06:45:27Z,41.2587,158.3683,n
2026-08-01T12:39:30Z,30.7224,13.6310,9
2026-08-01T14:07:36Z,38.0855,-18.9571,c
2026-08-01T08:15:29Z,16.7936,122.6030,5
2026-08-01T08:01:39Z,-23.2106,93.9526,l
2026-08-01T20:22:20Z,-58.9435,-173.7866,z
2026-08-01T16:46:55Z,47.9388,-65.1778,4
2026-08-01T01:09:31Z,-41.4013,-44.4537,b
2026-08-01T21:19:08Z,11.2989,-61.8772,}
2026-08-01T00:18:50Z,-15.5462,-99.0463,a
2026-08-01T00:46:20Z,46.1255,-13.9613,2
2026-08-01T00:27:02Z,20.4392,-29.9579,s
2026-08-01T19:20:36Z,28.8312,-42.4335,h
2026-08-01T08:39:41Z,47.9693,-125.1821,m
2026-08-01T01:43:20Z,-56.6673,-52.0725,e
2026-08-01T22:24:56Z,-52.2962,134.0243,6
2026-08-01T06:59:38Z,-52.9014,132.1300,c
2026-08-01T11:18:05Z,-6.2155,56.1619,}
2026-08-01T09:14:04Z,-30.5191,-145.1863,4
2026-08-01T12:04:39Z,-0.4155,49.6294,y
2026-08-01T04:30:44Z,-17.5235,-164.3623,s
2026-08-01T10:02:02Z,-58.7699,62.5613,s
2026-08-01T03:23:27Z,-6.4489,172.3224,b
2026-08-01T07:53:29Z,-44.5530,66.1940,1
2026-08-01T18:39:26Z,-28.3894,-75.5825,k
2026-08-01T18:36:18Z,-41.3394,163.1021,d
2026-08-01T23:35:33Z,-52.7644,162.4836,4
2026-08-01T23:24:06Z,-43.4333,105.7254,o
2026-08-01T12:23:45Z,-44.7609,-77.2191,z
2026-08-01T09:18:45Z,-49.5419,0.6222,2
2026-08-01T19:53:53Z,-5.2804,-117.8725,u
2026-08-01T19:14:52Z,5.6640,-53.0935,w
2026-08-01T23:32:45Z,-55.4558,144.6713,n
2026-08-01T10:59:17Z,-48.4582,1.7651,c
2026-08-01T16:08:19Z,10.9128,-3.5028,g
2026-08-01T14:10:08Z,-56.2457,-127.9671,a
2026-08-01T06:33:11Z,31.0023,132.9679,b
2026-08-01T20:27:00Z,-55.2730,-139.8886,6
2026-08-01T11:01:37Z,-27.8362,-83.1010,m
2026-08-01T05:14:08Z,57.1321,-46.6462,8
2026-08-01T14:43:25Z,54.5908,67.7517,h
2026-08-01T08:25:16Z,42.0399,151.9826,o
2026-08-01T21:30:58Z,-17.3780,78.0041,2
2026-08-01T19:55:39Z,-57.9551,15.9402,6
2026-08-01T12:06:08Z,-14.0277,170.5022,5
2026-08-01T16:31:01Z,50.0253,93.9789,{
2026-08-01T09:22:55Z,-53.6059,20.1308,w
2026-08-01T08:06:21Z,-8.5170,100.9198,1
2026-08-01T13:51:27Z,40.6796,115.8606,2
2026-08-01T01:26:17Z,-54.1562,110.1032,q
2026-08-01T20:50:45Z,19.4312,-80.8752,9
2026-08-01T07:46:00Z,-51.7964,26.6820,n
2026-08-01T21:37:19Z,-9.0996,95.7278,0
2026-08-01T10:47:06Z,-41.7759,-65.5249,o
2026-08-01T11:53:02Z,-30.0177,100.2061,m
2026-08-01T22:39:20Z,45.1766,-50.4933,q
2026-08-01T18:38:53Z,-44.7178,168.7613,0
2026-08-01T22:44:39Z,45.7984,-29.7452,n
2026-08-01T12:04:58Z,51.5347,26.9317,f
2026-08-01T09:56:23Z,41.9062,-165.3193,t
2026-08-01T07:23:16Z,-4.4645,-47.3959,v
2026-08-01T10:03:14Z,-11.2244,33.3950,d
2026-08-01T23:28:04Z,-49.6824,119.4145,q
2026-08-01T17:05:01Z,-24.1773,165.4427,l
2026-08-01T22:42:05Z,-33.3966,145.0041,c
2026-08-01T20:08:10Z,-38.5390,69.3812,m
2026-08-01T03:19:44Z,-17.7658,-1.5609,3
2026-08-01T14:14:50Z,-10.3628,34.3322,i
2026-08-01T15:05:32Z,-13.7463,-164.6997,h
2026-08-01T12:04:26Z,28.3589,-157.0699,4
2026-08-01T04:42:07Z,-42.1386,103.0720,m
2026-08-01T03:53:13Z,16.3088,-143.1948,o
2026-08-01T07:41:56Z,-54.1837,5.8133,o
2026-08-01T12:28:30Z,-43.1907,115.4130,v
2026-08-01T12:46:26Z,-23.9251,68.3882,a
2026-08-01T20:16:49Z,-43.7323,155.7957,3
2026-08-01T19:22:08Z,31.4459,-35.2502,1
2026-08-01T21:19:52Z,39.7829,-28.8120,c
2026-08-01T03:29:27Z,15.4078,-178.1491,u
2026-08-01T15:08:15Z,17.4625,161.5029,4
2026-08-01T20:18:23Z,55.1869,-177.1779,5
2026-08-01T10:25:45Z,13.7089,-117.8826,w
2026-08-01T09:02:08Z,-50.3395,-77.4183,z
2026-08-01T03:18:35Z,-18.3256,172.4284,z
2026-08-01T10:05:33Z,51.4420,151.2189,7
2026-08-01T09:12:24Z,-41.6824,-32.8110,0
2026-08-01T15:51:08Z,-31.0763,-39.9255,b
2026-08-01T02:11:58Z,54.4548,-81.7135,u
2026-08-01T22:03:12Z,-54.6724,-85.8444,s
2026-08-01T13:24:04Z,-34.8748,-58.4516,v
2026-08-01T18:31:51Z,-18.9265,145.7910,l
2026-08-01T00:49:32Z,-25.1414,169.8174,g
2026-08-01T16:01:03Z,-41.5579,-11.7068,8
2026-08-01T17:30:04Z,-23.1361,-57.4634,n
2026-08-01T17:40:12Z,-22.7008,63.0545,5
2026-08-01T22:57:11Z,40.6483,29.8370,_
2026-08-01T16:07:51Z,15.5204,7.6291,m
2026-08-01T19:31:27Z,47.3129,-1.3972,v
2026-08-01T18:30:56Z,-20.2698,150.7866,i
2026-08-01T06:08:04Z,30.0702,-0.9405,6
2026-08-01T08:42:50Z,33.7863,-104.9867,w
2026-08-01T08:12:36Z,6.2712,117.1853,d
2026-08-01T05:12:45Z,28.7627,-170.8192,b
2026-08-01T09:10:15Z,-38.5729,113.3394,6
2026-08-01T01:45:00Z,-18.9826,-150.9545,o
2026-08-01T20:06:14Z,-22.7367,124.3601,1
2026-08-01T10:33:45Z,44.2861,38.7367,7
2026-08-01T10:41:04Z,-12.1342,173.3896,n
2026-08-01T09:34:19Z,-19.9739,61.1052,8
2026-08-01T08:58:21Z,-6.7599,-85.9636,m
2026-08-01T17:21:28Z,-46.9813,-78.5804,8
2026-08-01T13:01:24Z,41.5285,51.9094,r
2026-08-01T11:42:31Z,6.4791,-137.6247,4
2026-08-01T06:26:19Z,-48.4311,130.8614,h
2026-08-01T09:01:16Z,-51.5863,104.4877,s
2026-08-01T06:38:24Z,40.8498,103.3767,t
2026-08-01T13:38:59Z,42.7385,96.3595,6
2026-08-01T07:28:04Z,2.4608,102.0231,s
2026-08-01T01:20:53Z,-40.8979,83.3841,w
2026-08-01T18:56:51Z,-41.2377,-96.8967,h
2026-08-01T17:36:12Z,0.1063,-35.7119,q
2026-08-01T06:24:31Z,-23.8083,104.5397,q
2026-08-01T12:40:58Z,-41.8231,5.6103,}
2026-08-01T07:52:32Z,21.5516,110.2383,a
2026-08-01T09:24:17Z,-50.4860,23.5503,k
2026-08-01T10:05:38Z,53.3904,159.8988,x
2026-08-01T20:48:50Z,9.5567,-75.6981,w
2026-08-01T19:03:48Z,-2.9486,-144.2063,1
2026-08-01T00:14:12Z,-5.3609,-134.4253,c
2026-08-01T09:32:04Z,-34.4018,59.5860,u
2026-08-01T19:55:24Z,6.6114,48.6639,e
2026-08-01T05:59:15Z,-41.0269,-2.5384,q
2026-08-01T19:24:36Z,32.8846,-21.2353,x
2026-08-01T06:07:14Z,-43.7065,32.4557,0
2026-08-01T04:28:01Z,-41.1454,-12.5559,n
2026-08-01T05:22:05Z,26.0783,-124.2994,z
2026-08-01T19:38:57Z,52.2553,42.6543,i
2026-08-01T21:29:46Z,30.1337,-45.4335,y
2026-08-01T21:38:39Z,36.5468,-8.2625,9
2026-08-01T04:12:36Z,-0.1438,-9.0742,7
2026-08-01T08:07:32Z,30.3581,-11.8583,x
2026-08-01T15:24:59Z,15.4946,137.7188,e
2026-08-01T08:32:38Z,50.8871,-174.6888,i
2026-08-01T17:44:56Z,16.3102,-15.6374,1
2026-08-01T07:35:52Z,-47.8485,-26.6390,2
2026-08-01T03:17:00Z,1.8654,-178.8658,a
2026-08-01T20:54:06Z,-5.4306,102.6581,1
2026-08-01T10:12:56Z,36.2999,-61.2682,6
2026-08-01T11:44:39Z,34.0667,19.1273,_
2026-08-01T06:04:01Z,-25.1666,-170.1360,v
2026-08-01T09:47:55Z,0.9293,84.7294,q
2026-08-01T19:54:59Z,12.3259,-45.7020,a
2026-08-01T07:17:51Z,15.6802,-73.0358,1
2026-08-01T16:36:57Z,-18.9524,-134.2634,z
2026-08-01T15:29:58Z,17.6749,-39.8780,b
2026-08-01T01:38:54Z,-28.7084,-175.2174,{
2026-08-01T17:37:07Z,-29.0554,-78.3013,o
2026-08-01T17:49:22Z,28.0974,-1.5864,q
2026-08-01T15:41:12Z,-44.9945,-86.4189,z
2026-08-01T15:37:57Z,-50.3126,-57.1092,0
2026-08-01T14:08:29Z,21.5983,-82.7675,i
2026-08-01T11:29:45Z,22.3729,133.9495,w
2026-08-01T01:01:34Z,27.2056,54.1349,x
2026-08-01T04:36:29Z,-54.0980,81.7774,f
2026-08-01T18:48:18Z,49.1741,25.2284,v
2026-08-01T15:12:06Z,5.3455,178.4551,a
2026-08-01T03:07:10Z,51.1447,108.2098,4
2026-08-01T02:04:16Z,-55.5658,-23.9162,v
2026-08-01T00:58:15Z,-18.0793,-42.5051,z
2026-08-01T15:04:15Z,16.8932,-65.2466,8
2026-08-01T16:33:57Z,37.4188,-75.1854,a
2026-08-01T20:14:53Z,-39.7891,150.1630,n
2026-08-01T18:28:54Z,-32.6674,-44.4583,4
2026-08-01T11:12:41Z,55.1308,-16.9395,o
2026-08-01T08:44:35Z,36.3151,-104.6932,8
2026-08-01T20:49:00Z,16.2527,-80.0494,7
2026-08-01T08:10:51Z,7.6025,110.9651,j
2026-08-01T09:16:21Z,-53.6825,-3.4509,g
2026-08-01T13:24:04Z,43.8116,166.0404,h
2026-08-01T11:02:55Z,-42.2141,15.8277,j
2026-08-01T05:36:43Z,34.2257,26.8934,q
2026-08-01T08:44:35Z,18.9836,21.6062,m
2026-08-01T04:42:28Z,41.7704,-54.7530,s
2026-08-01T08:22:09Z,39.9831,149.5894,u
2026-08-01T20:35:44Z,-35.8840,-107.1272,u
2026-08-01T04:26:33Z,-43.7820,23.9070,5
2026-08-01T11:43:45Z,48.1871,158.2154,2
2026-08-01T23:16:33Z,-37.6999,-161.9714,w
2026-08-01T20:52:05Z,18.5278,-74.7503,m
2026-08-01T21:34:30Z,56.9826,-154.3266,7
2026-08-01T04:12:09Z,56.6569,177.3080,j
2026-08-01T04:03:26Z,41.0735,-8.6613,o
2026-08-01T06:47:27Z,39.0605,167.5046,4
2026-08-01T05:08:04Z,24.5700,170.9003,i
2026-08-01T06:36:15Z,-36.0339,-138.9832,4
2026-08-01T02:32:23Z,16.5312,6.6804,r
2026-08-01T07:31:43Z,-14.6776,23.2474,p
2026-08-01T18:24:53Z,-0.1536,131.3116,f
2026-08-01T05:22:20Z,55.9647,-126.2769,1
2026-08-01T03:34:23Z,28.6852,-150.4397,w
2026-08-01T07:44:19Z,-56.4222,19.3121,7
2026-08-01T03:49:06Z,49.0800,-93.1185,3
2026-08-01T06:21:30Z,-44.4008,99.3009,v
2026-08-01T09:17:33Z,-50.1272,-12.7239,r
2026-08-01T01:03:43Z,-38.7778,65.5944,o
2026-08-01T01:06:00Z,-7.7541,47.3391,i
2026-08-01T21:26:06Z,-53.9410,-69.2830,8
2026-08-01T22:50:24Z,53.0037,7.9418,y
2026-08-01T13:55:42Z,-53.5560,-71.7197,r
2026-08-01T00:05:14Z,-23.8718,-150.6319,h
2026-08-01T00:01:36Z,-38.9764,-169.7851,c
2026-08-01T21:24:14Z,56.7361,-147.9657,4
2026-08-01T17:49:56Z,32.3774,-0.8586,w
2026-08-01T22:40:23Z,47.0644,-44.3716,n
2026-08-01T14:22:33Z,-23.6745,2.9184,j
2026-08-01T05:50:04Z,41.6818,-70.7346,3
2026-08-01T22:39:03Z,46.5708,-54.8534,a
2026-08-01T17:55:30Z,45.8932,16.9620,c
2026-08-01T07:29:41Z,-25.7750,-37.3778,r
2026-08-01T13:09:49Z,-53.6648,-15.0390,e
2026-08-01T12:17:37Z,-24.0771,-12.4424,l
2026-08-01T14:16:19Z,-28.3443,-12.7838,r
2026-08-01T00:51:08Z,36.7211,7.9626,v
2026-08-01T19:46:23Z,39.7157,77.6877,c
2026-08-01T13:02:37Z,-33.0243,-45.7161,i
2026-08-01T16:19:20Z,-39.5880,-159.9529,k
2026-08-01T01:03:13Z,-33.0911,114.8616,y
2026-08-01T14:22:56Z,-6.7420,-0.4247,b
2026-08-01T16:50:01Z,1.1811,151.2881,f
2026-08-01T11:22:56Z,12.0292,68.7398,q
2026-08-01T17:13:08Z,-26.2044,62.9292,p
2026-08-01T16:33:17Z,42.2078,110.7771,e
2026-08-01T09:20:48Z,-50.9548,-3.0743,t
2026-08-01T09:58:27Z,47.9600,124.7667,{
2026-08-01T09:48:59Z,-39.5640,-102.7963,d
2026-08-01T04:15:52Z,28.0369,15.9647,o
2026-08-01T06:53:55Z,51.4623,-166.4253,r
2026-08-01T02:58:06Z,33.2519,-2.1559,b
2026-08-01T07:41:03Z,-44.4147,-0.7901,o
2026-08-01T23:19:31Z,57.5070,139.7432,6
2026-08-01T22:54:07Z,-34.1331,36.7066,4
2026-08-01T16:03:19Z,18.1542,171.1843,5
2026-08-01T09:03:35Z,6.5073,143.5583,f
2026-08-01T16:22:47Z,60.0489,52.1848,p
2026-08-01T16:11:29Z,21.2495,55.7406,q
2026-08-01T18:20:30Z,5.4358,123.2963,m
2026-08-01T14:40:46Z,23.4614,-5.5372,3
2026-08-01T00:05:56Z,9.6708,17.8955,{
2026-08-01T09:22:57Z,21.4580,141.9201,4
2026-08-01T20:08:26Z,-27.0916,127.9051,z
2026-08-01T00:50:54Z,32.3264,14.1141,n
2026-08-01T18:59:41Z,13.3635,-107.4097,i
2026-08-01T00:27:45Z,57.9006,104.6583,m
2026-08-01T18:12:29Z,37.5821,96.1880,z
2026-08-01T07:27:13Z,37.9756,38.0492,c
2026-08-01T19:58:36Z,5.8805,110.3338,f
2026-08-01T03:00:07Z,-55.1616,90.1783,q
2026-08-01T21:22:45Z,-11.4527,162.6959,u
2026-08-01T10:59:22Z,53.2010,81.8456,p
2026-08-01T16:46:09Z,35.0467,25.9769,8
2026-08-01T10:46:23Z,12.0249,57.2063,m
2026-08-01T00:58:51Z,13.5783,27.5849,g
2026-08-01T08:20:23Z,-57.2233,-134.5665,o
2026-08-01T04:16:12Z,-16.3001,-0.8880,3
2026-08-01T20:49:36Z,5.2475,-71.2616,z
2026-08-01T17:24:51Z,-40.5108,60.0567,q
2026-08-01T15:27:25Z,-13.6543,18.1379,i
2026-08-01T19:49:52Z,-17.0329,-10.5652,t
2026-08-01T09:59:19Z,50.8957,-90.4938,q
2026-08-01T02:42:00Z,-33.1042,-78.2904,l
2026-08-01T03:36:40Z,27.4035,-150.2508,1
2026-08-01T02:43:20Z,-44.1754,-69.2414,e
2026-08-01T03:22:31Z,51.7194,-118.7804,q
2026-08-01T04:59:09Z,47.7034,-84.3901,i
2026-08-01T05:37:50Z,43.5042,-126.1293,d
2026-08-01T18:06:37Z,44.1197,80.4784,v
2026-08-01T17:31:58Z,-16.5464,12.7928,j
2026-08-01T18:31:11Z,-12.7880,146.6297,z
2026-08-01T01:10:56Z,29.9823,-110.3448,d
2026-08-01T16:22:30Z,-13.0890,-10.5421,v
2026-08-01T06:12:03Z,-60.2859,54.9706,s
2026-08-01T15:01:46Z,12.2126,-132.4689,8
2026-08-01T16:24:28Z,50.6938,63.4298,i
2026-08-01T20:11:47Z,-35.1122,140.1422,i
2026-08-01T09:39:52Z,-8.5533,74.0375,z
2026-08-01T11:30:07Z,31.5493,80.6181,}
2026-08-01T18:08:06Z,-0.7475,51.7264,k
2026-08-01T20:38:22Z,-17.2215,153.3023,q
2026-08-01T18:49:21Z,-17.3473,90.1224,h
2026-08-01T12:48:44Z,7.3247,-84.0414,n
2026-08-01T09:18:28Z,-53.1751,-15.7562,4
2026-08-01T20:09:33Z,-14.6773,-155.7545,f
2026-08-01T20:18:22Z,-51.7773,166.3908,3
2026-08-01T02:22:07Z,46.4531,-23.2844,9
2026-08-01T03:02:52Z,-50.1046,106.9307,q
2026-08-01T07:14:32Z,55.4465,-32.9869,d
2026-08-01T16:34:04Z,29.1940,90.0878,z
2026-08-01T19:54:53Z,30.1406,59.3693,2
2026-08-01T01:11:14Z,-26.0339,54.0816,z
2026-08-01T09:04:55Z,-13.9961,-92.8611,g
2026-08-01T05:42:59Z,12.8759,-36.5722,5
2026-08-01T15:37:13Z,-52.9675,-96.3681,f
2026-08-01T15:11:34Z,6.9926,-179.5238,u
2026-08-01T17:42:11Z,16.0374,-28.0646,d
2026-08-01T05:32:30Z,47.8262,-71.5446,q
2026-08-01T15:32:38Z,36.2600,62.3576,3
2026-08-01T21:44:19Z,49.1073,-39.6295,l
2026-08-01T03:19:25Z,33.5780,-1.8199,g
2026-08-01T18:01:42Z,-29.3564,-39.0110,i
2026-08-01T10:54:59Z,-46.8825,-21.4774,7
2026-08-01T09:23:28Z,51.7095,10.2629,t
2026-08-01T02:24:34Z,15.3251,138.4707,1
2026-08-01T10:18:39Z,36.9664,-143.4107,w
2026-08-01T03:26:35Z,18.1196,-126.5892,q
2026-08-01T06:07:34Z,-43.9184,55.0006,6
2026-08-01T05:41:49Z,20.3466,-45.2385,4
2026-08-01T20:38:04Z,-26.3255,-101.8167,5
2026-08-01T02:56:32Z,46.9190,-171.6412,1
2026-08-01T03:18:13Z,-23.6075,162.4982,3
2026-08-01T01:42:49Z,9.4217,61.3171,y
2026-08-01T11:52:46Z,36.6701,-165.0103,v
2026-08-01T06:08:02Z,-54.4418,31.2074,d
2026-08-01T01:19:40Z,-45.8518,86.5284,n
2026-08-01T01:41:47Z,-28.0625,-170.1352,b
2026-08-01T17:04:25Z,-41.2292,-160.3686,p
2026-08-01T17:46:13Z,26.3470,130.5471,}
2026-08-01T16:46:32Z,6.7787,141.8650,0
2026-08-01T05:57:15Z,-32.2172,-11.6688,u
2026-08-01T21:51:57Z,-1.8032,-74.1448,e
2026-08-01T07:39:27Z,-44.7344,-4.4712,j
2026-08-01T08:48:11Z,29.8710,-107.6881,1
2026-08-01T00:47:21Z,10.7228,-13.6759,5
2026-08-01T22:40:52Z,-55.9972,99.5415,t
2026-08-01T11:53:26Z,17.2923,-11.9855,f
2026-08-01T06:24:25Z,-8.0699,-117.1521,7
2026-08-01T13:04:33Z,2.7055,38.1816,f
2026-08-01T23:38:49Z,-46.3033,-178.1291,x
2026-08-01T09:37:26Z,-13.5273,115.7774,o
2026-08-01T01:24:23Z,-54.2941,116.0812,c
2026-08-01T23:21:13Z,-42.5346,-1.0741,a
2026-08-01T14:48:09Z,-18.7630,43.5022,b
2026-08-01T22:19:14Z,-43.9653,77.9414,_
2026-08-01T22:37:21Z,0.7484,-23.6632,k
2026-08-01T02:05:54Z,-10.6548,57.7249,9
2026-08-01T18:29:47Z,25.6570,126.4711,u
2026-08-01T10:18:36Z,38.1523,-135.6096,r
2026-08-01T22:51:38Z,46.1797,8.4541,j
2026-08-01T18:53:29Z,-43.2198,-115.0976,l
2026-08-01T00:24:45Z,23.8892,53.6667,i
2026-08-01T21:24:43Z,25.1774,62.1974,w
2026-08-01T01:06:59Z,-18.4787,63.3520,4
2026-08-01T15:31:04Z,24.0356,-155.2967,l
2026-08-01T00:53:53Z,27.2365,11.9984,0
2026-08-01T14:52:15Z,60.1877,100.4235,s
2026-08-01T10:02:57Z,-11.4866,42.7555,8
2026-08-01T06:44:38Z,32.1319,148.8627,l
2026-08-01T08:32:58Z,52.9986,-164.4278,p
2026-08-01T05:54:32Z,-25.2300,-21.6158,g
2026-08-01T00:11:01Z,28.9046,-145.4279,7
2026-08-01T09:00:50Z,-42.7578,-71.7600,7
2026-08-01T08:08:05Z,-41.5569,31.1362,y
2026-08-01T06:09:49Z,-11.0436,141.7645,2
2026-08-01T05:51:52Z,-47.5825,-27.6687,z
2026-08-01T18:14:51Z,24.4442,113.8067,f
2026-08-01T21:05:13Z,48.4949,-26.8652,o
2026-08-01T21:02:13Z,46.1386,-48.0908,v
2026-08-01T03:08:54Z,56.3340,14.4324,x
2026-08-01T20:05:47Z,-22.0825,119.5987,r
2026-08-01T05:41:45Z,17.4064,-43.2085,1
2026-08-01T09:03:32Z,11.9860,148.4624,f
2026-08-01T03:22:37Z,-41.4035,76.1917,3
2026-08-01T16:53:49Z,53.1099,-119.6505,i
2026-08-01T23:20:37Z,8.4378,89.2564,0
2026-08-01T03:04:30Z,-50.2813,117.6264,j
2026-08-01T13:35:14Z,11.7769,-77.4614,r
2026-08-01T02:20:20Z,-46.6318,-32.9884,d
2026-08-01T15:04:25Z,23.0805,157.7709,_
2026-08-01T01:50:11Z,-28.8760,-134.1630,d
2026-08-01T17:30:00Z,-24.1602,-54.8435,k
2026-08-01T03:53:33Z,-11.9677,-112.5561,3
2026-08-01T08:42:35Z,-36.0647,-32.1431,9
2026-08-01T06:31:07Z,-13.6812,-18.3149,1
2026-08-01T12:21:33Z,-18.6883,-104.4193,0
2026-08-01T05:33:21Z,37.8315,-65.9421,{
2026-08-01T08:05:05Z,-30.1858,-54.7387,s
2026-08-01T16:31:41Z,40.4641,105.0293,m
2026-08-01T17:35:39Z,-39.3073,-26.6654,h
2026-08-01T15:59:10Z,-12.2199,-19.5906,g
2026-08-01T05:37:15Z,26.1257,-48.5975,{
2026-08-01T01:52:48Z,5.1184,-149.7351,2
2026-08-01T15:32:02Z,-51.7895,-133.2832,_
2026-08-01T07:04:49Z,4.4078,-36.3481,y
2026-08-01T00:27:52Z,34.3982,-96.9601,5
2026-08-01T15:13:25Z,3.1272,170.8832,a
2026-08-01T07:04:27Z,43.8919,-105.5612,t
2026-08-01T01:24:55Z,-45.5082,109.2652,{
2026-08-01T22:56:06Z,32.7455,29.0567,{
2026-08-01T14:34:21Z,13.9103,58.7014,g
2026-08-01T11:36:54Z,56.7088,117.8273,g
2026-08-01T19:29:00Z,46.7505,-11.1765,t
2026-08-01T05:29:27Z,-56.9640,90.4708,f
2026-08-01T05:17:47Z,-37.8406,-116.8896,i
2026-08-01T07:39:13Z,-52.0592,-5.2117,7
2026-08-01T15:51:10Z,49.5891,164.9174,7
2026-08-01T23:24:14Z,-10.6821,-169.7429,n
2026-08-01T11:42:56Z,-19.5563,-108.3263,c
2026-08-01T14:55:16Z,-12.3558,146.3419,b
2026-08-01T19:38:04Z,23.5071,121.6324,1
2026-08-01T01:16:24Z,-45.0990,-167.5679,8
2026-08-01T12:40:41Z,-37.0093,5.8290,1
2026-08-01T09:54:24Z,24.6133,109.3240,u
2026-08-01T16:06:47Z,14.9743,-2.8464,r
2026-08-01T15:12:14Z,52.6379,-107.4873,u
2026-08-01T09:01:29Z,37.1838,142.1804,t
2026-08-01T04:13:48Z,-51.0672,113.8420,h
2026-08-01T07:01:54Z,-47.3878,45.2749,2
2026-08-01T14:32:22Z,13.7186,28.6965,v
2026-08-01T23:35:19Z,9.0019,170.7254,y
2026-08-01T16:25:47Z,50.4378,-164.4921,_
2026-08-01T09:03:10Z,-59.0890,60.5715,r
2026-08-01T04:30:19Z,26.7508,44.7880,y
2026-08-01T01:17:51Z,-1.7865,-18.3156,4
2026-08-01T04:42:04Z,39.7389,-9.3725,v
2026-08-01T23:33:56Z,-57.4947,161.5284,6
2026-08-01T00:25:26Z,22.2715,-106.9922,v
2026-08-01T17:05:09Z,-41.3335,-155.7660,m
2026-08-01T17:03:07Z,-23.5870,20.4656,l
2026-08-01T12:32:21Z,-48.0695,-26.5365,r
2026-08-01T17:02:14Z,39.6253,-21.7948,a
2026-08-01T19:42:24Z,48.7082,65.8319,q
2026-08-01T22:11:57Z,-23.9272,-129.2130,6
2026-08-01T18:30:19Z,-18.8095,145.8333,w
2026-08-01T16:20:28Z,-17.0051,129.0385,r
2026-08-01T00:16:10Z,5.8987,-128.2425,}
2026-08-01T21:18:03Z,-44.0137,-143.1270,k
2026-08-01T03:45:01Z,-30.9139,-102.0204,n
2026-08-01T05:21:26Z,49.9929,-129.3917,f
2026-08-01T23:25:06Z,20.8628,-107.3664,t
2026-08-01T00:10:30Z,-10.7152,-145.6530,k
2026-08-01T10:55:50Z,-49.7795,-15.4167,j
2026-08-01T15:00:00Z,42.0871,149.1296,1
2026-08-01T04:55:58Z,-5.9776,154.7576,o
2026-08-01T16:00:36Z,-7.8607,-18.9751,9
2026-08-01T06:55:47Z,-45.7151,19.4358,u
2026-08-01T14:55:16Z,51.2950,121.4798,i
2026-08-01T11:01:32Z,-52.2536,13.6989,c
2026-08-01T07:31:32Z,45.9858,-78.8482,_
2026-08-01T15:05:05Z,3.2800,-18.7223,_
2026-08-01T09:08:34Z,52.8936,-157.1409,d
2026-08-01T01:09:15Z,-23.8477,51.2951,g
2026-08-01T02:58:40Z,-6.8451,-56.8045,_
2026-08-01T02:28:33Z,-2.1439,78.1579,q
2026-08-01T19:36:16Z,58.7587,31.4435,f
2026-08-01T18:45:14Z,-53.6156,-161.2372,o
2026-08-01T10:04:30Z,2.2423,93.0258,i
2026-08-01T13:44:58Z,-17.3716,-144.5125,}
2026-08-01T18:28:44Z,-18.3256,147.9175,6
2026-08-01T02:42:39Z,-16.3213,23.9618,s
2026-08-01T04:48:33Z,-45.3377,108.8952,5
2026-08-01T10:04:17Z,47.3248,-140.7111,z
2026-08-01T09:20:55Z,26.5870,-114.4666,}
2026-08-01T02:25:34Z,4.6261,129.4293,3
2026-08-01T05:48:43Z,-13.8166,-34.7342,s
2026-08-01T22:23:44Z,-36.0394,-16.0317,_
2026-08-01T15:25:59Z,-30.5625,-154.0744,9
2026-08-01T01:52:25Z,52.7213,-108.9768,{
2026-08-01T16:44:55Z,7.9390,143.1307,7
2026-08-01T06:46:43Z,-15.7419,-80.1168,a
2026-08-01T07:24:14Z,12.9828,160.9189,j
2026-08-01T04:51:57Z,54.0153,-25.0903,}
2026-08-01T01:05:20Z,-53.6985,14.3206,}
2026-08-01T07:11:07Z,-9.9351,-113.5870,m
2026-08-01T16:43:03Z,18.1327,136.9443,8
2026-08-01T11:48:09Z,47.1178,175.1930,6
2026-08-01T01:22:00Z,-24.5879,124.9568,a
2026-08-01T05:27:22Z,50.9910,-94.7093,e
2026-08-01T08:43:57Z,44.0642,-113.1528,c
2026-08-01T21:03:54Z,46.7808,-35.5070,i
2026-08-01T00:40:47Z,51.9893,-41.8822,1
2026-08-01T21:13:18Z,51.0443,18.3396,k
2026-08-01T20:39:24Z,-25.1404,-99.1500,o
2026-08-01T22:50:40Z,-6.0381,-152.0573,v
2026-08-01T04:48:08Z,-3.5637,-41.6233,{
2026-08-01T08:45:22Z,26.7403,-102.7475,c
2026-08-01T00:26:55Z,42.9300,45.6251,z
2026-08-01T00:06:04Z,48.3576,151.1389,a
2026-08-01T20:34:55Z,-29.8374,-115.8014,p
2026-08-01T15:00:37Z,38.1686,143.6204,t
2026-08-01T09:59:04Z,45.5703,122.5849,}
2026-08-01T01:21:19Z,-7.2741,-155.5885,l
2026-08-01T11:11:14Z,5.9918,78.9978,x
2026-08-01T18:32:32Z,-24.1311,156.3876,k
2026-08-01T21:44:07Z,-29.7121,108.8828,h
2026-08-01T23:26:55Z,-47.9943,114.0564,8
2026-08-01T10:37:07Z,-22.7147,-95.5839,o
2026-08-01T01:12:16Z,-30.0518,52.6814,{
2026-08-01T04:59:09Z,-2.4321,152.0567,3
2026-08-01T15:31:43Z,-41.7224,-92.9316,m
2026-08-01T19:53:11Z,-53.3445,-98.6373,i
2026-08-01T13:49:54Z,-27.3123,-133.6144,w
2026-08-01T02:02:08Z,-17.2749,-119.0640,n
2026-08-01T09:47:04Z,33.5306,100.9951,x
2026-08-01T19:58:03Z,2.5959,111.5403,{
2026-08-01T17:58:34Z,-44.7917,75.1264,6
2026-08-01T14:22:14Z,-14.6719,-65.0141,d
2026-08-01T06:36:19Z,38.9002,81.7946,z
2026-08-01T08:14:59Z,16.2016,120.3298,w
2026-08-01T08:34:46Z,54.5172,-149.1753,z
2026-08-01T14:19:06Z,-27.5495,-2.8216,l
2026-08-01T16:27:16Z,45.2334,76.2686,m
2026-08-01T21:00:56Z,46.0395,-43.3210,7
2026-08-01T07:33:42Z,33.7388,92.8318,8
2026-08-01T16:19:39Z,7.6154,-116.0151,f
2026-08-01T16:00:22Z,-8.7339,-11.5585,7
2026-08-01T09:09:55Z,-54.1253,157.0999,7
2026-08-01T17:14:33Z,-50.5895,-108.4864,s
2026-08-01T16:04:11Z,10.5409,-38.1902,1
2026-08-01T12:22:54Z,18.1454,134.9438,j
2026-08-01T17:44:48Z,21.3900,-15.7459,k
2026-08-01T08:39:01Z,40.6070,-128.7203,8
2026-08-01T10:55:50Z,-3.9945,-136.8750,u
2026-08-01T06:42:03Z,20.8745,154.9131,g
2026-08-01T15:54:30Z,-10.2626,-7.8424,y
2026-08-01T22:02:11Z,-46.8573,-157.5997,u
2026-08-01T00:52:07Z,-47.7758,-80.1504,o
2026-08-01T22:29:03Z,29.5267,-89.8757,6
2026-08-01T09:40:30Z,1.9461,32.3509,d
2026-08-01T00:14:37Z,-2.7370,123.1416,{
2026-08-01T23:05:38Z,-46.0200,-5.0619,m
2026-08-01T19:29:13Z,51.0462,-12.4611,4
2026-08-01T05:45:11Z,-28.2169,-169.2574,{
2026-08-01T09:47:11Z,8.9100,93.4861,z
2026-08-01T04:23:18Z,-31.3659,13.5558,w
2026-08-01T16:28:22Z,46.9971,88.8253,0
2026-08-01T07:54:08Z,-35.5784,67.9209,u
2026-08-01T09:39:24Z,-15.8066,68.7381,w
2026-08-01T10:10:52Z,-50.4182,166.1820,u
2026-08-01T03:27:02Z,-40.4657,-57.4965,{
2026-08-01T11:14:38Z,-9.1267,49.1326,4
2026-08-01T05:13:14Z,35.7294,-175.6324,1
2026-08-01T02:39:25Z,-6.2170,24.2876,z
2026-08-01T20:34:00Z,-37.6153,-117.8218,p
2026-08-01T20:10:37Z,-10.0053,152.0750,u
2026-08-01T00:22:33Z,-26.2066,50.4399,4
2026-08-01T02:19:27Z,30.2074,123.9750,}
2026-08-01T23:27:57Z,-49.3583,119.7600,s
2026-08-01T17:16:15Z,54.5936,-106.2736,4
2026-08-01T08:15:59Z,14.6319,128.5100,c
2026-08-01T17:18:46Z,-45.4318,-158.7578,m
2026-08-01T02:32:53Z,31.6347,-37.5132,r
2026-08-01T08:59:12Z,-8.1221,-74.5117,p
2026-08-01T14:46:07Z,-10.6986,-70.6757,w
2026-08-01T18:30:28Z,-19.1617,152.3236,2
2026-08-01T05:19:41Z,-3.9088,146.9617,4
2026-08-01T17:43:35Z,17.2706,165.3184,9
2026-08-01T08:14:11Z,17.1823,111.8722,4
2026-08-01T11:57:34Z,25.4544,-146.7553,l
2026-08-01T18:39:19Z,43.5560,-162.8790,j
2026-08-01T12:08:18Z,59.1779,39.9024,u
2026-08-01T22:33:13Z,30.2953,23.1978,2
2026-08-01T15:11:53Z,21.5487,-96.2797,7
2026-08-01T03:08:02Z,-8.6118,156.1842,9
2026-08-01T13:18:41Z,-26.8001,77.0615,f
2026-08-01T23:05:23Z,35.3516,59.2903,5
2026-08-01T09:48:50Z,-28.8220,55.1001,o
2026-08-01T12:08:44Z,-6.2939,-126.6474,y
2026-08-01T03:54:59Z,-24.0392,-30.5581,5
2026-08-01T05:51:08Z,-38.4107,-125.4318,g
2026-08-01T01:24:38Z,-9.2097,-16.2597,v
2026-08-01T04:16:49Z,41.7046,57.6203,t
2026-08-01T01:05:04Z,-9.2417,40.9263,z
2026-08-01T01:15:31Z,9.5509,-103.8907,n
2026-08-01T15:05:02Z,17.1696,-77.7241,a
2026-08-01T21:18:58Z,43.4362,45.8853,r
2026-08-01T21:02:45Z,-55.1490,-13.2746,8
2026-08-01T18:17:34Z,28.1828,118.8220,w
2026-08-01T20:42:00Z,-15.1303,-94.4473,_
2026-08-01T16:29:09Z,59.6000,93.8949,d
2026-08-01T11:59:52Z,8.6732,-143.8653,0
2026-08-01T22:50:06Z,23.7185,-67.9193,y
2026-08-01T08:45:06Z,35.7882,-108.1663,q
2026-08-01T21:35:30Z,-2.3366,76.9268,h
2026-08-01T05:34:55Z,8.0473,50.6327,d
2026-08-01T16:19:14Z,-53.6638,-140.4981,z
2026-08-01T02:44:03Z,-30.1476,42.9364,r
2026-08-01T11:18:39Z,7.2619,58.8285,6
2026-08-01T18:49:13Z,-54.0382,-131.4100,e
2026-08-01T14:12:36Z,-41.1494,-19.3958,q
2026-08-01T05:09:26Z,29.3422,179.8271,0
2026-08-01T13:04:31Z,33.8404,55.4939,b
2026-08-01T01:27:47Z,-45.5426,124.0393,8
2026-08-01T03:35:29Z,30.8656,-160.0714,e
2026-08-01T17:22:40Z,-48.9796,-127.1742,3
2026-08-01T04:30:45Z,-13.3695,-149.0570,b
2026-08-01T23:14:54Z,-15.8590,73.5477,}
2026-08-01T04:04:16Z,17.7528,88.2258,v
2026-08-01T20:48:51Z,-0.8465,-80.6228,6
2026-08-01T21:41:42Z,-7.9551,-18.3672,i
2026-08-01T22:04:55Z,-47.1171,-159.5119,g
2026-08-01T19:52:41Z,19.1278,97.1915,w
2026-08-01T11:19:34Z,2.3147,122.0050,_
2026-08-01T10:51:40Z,55.3348,6.8332,q
2026-08-01T00:53:29Z,21.7413,21.3177,{
2026-08-01T01:41:02Z,25.7302,-174.9003,d
2026-08-01T22:10:00Z,-5.9029,55.8824,g
2026-08-01T00:27:52Z,-18.8520,101.3877,q
2026-08-01T01:18:23Z,-54.4042,159.9379,r
2026-08-01T02:24:25Z,41.3183,-21.7664,4
2026-08-01T14:22:47Z,-1.6386,-65.6889,l
2026-08-01T02:08:41Z,10.3117,88.0593,y
2026-08-01T07:18:50Z,11.9536,-67.4933,i
2026-08-01T07:52:47Z,-49.8550,69.7789,7
2026-08-01T11:14:41Z,-17.7006,58.3672,s
2026-08-01T20:19:26Z,25.1383,-108.0550,x
2026-08-01T06:37:21Z,39.0095,170.5106,5
2026-08-01T04:18:55Z,-18.2797,3.8326,}
2026-08-01T19:12:15Z,3.3181,-59.3558,_
2026-08-01T04:13:08Z,-3.2381,-4.0952,n
2026-08-01T10:41:03Z,-26.1008,-76.7091,}
2026-08-01T03:40:44Z,52.4361,-130.8751,8
2026-08-01T20:53:27Z,21.0244,-75.7581,7
2026-08-01T14:50:37Z,60.6214,87.9481,4
2026-08-01T06:57:43Z,51.6292,-140.2269,7
2026-08-01T20:20:25Z,25.4203,165.7377,d
2026-08-01T12:34:24Z,25.4315,-51.3589,1
2026-08-01T20:22:51Z,-50.2887,-160.6162,x
2026-08-01T20:34:00Z,-5.4940,94.5585,a
2026-08-01T17:55:40Z,-48.8118,17.5100,}
2026-08-01T17:36:28Z,-57.0500,-12.8739,n
2026-08-01T19:07:56Z,10.6956,96.7536,b
2026-08-01T10:23:30Z,25.7625,-131.8470,a
2026-08-01T08:16:45Z,5.4093,-9.6114,h
2026-08-01T13:29:57Z,8.6001,172.7060,c
2026-08-01T23:18:54Z,-53.2801,79.2533,2
2026-08-01T19:13:31Z,10.3289,-57.9238,r
2026-08-01T00:25:21Z,-58.6469,135.4300,1
2026-08-01T15:33:37Z,-47.0142,-116.9901,t
2026-08-01T08:52:15Z,-18.2212,-21.3999,f
2026-08-01T07:48:26Z,4.5634,-60.7967,d
2026-08-01T11:46:34Z,-30.0740,-88.9350,_
2026-08-01T13:31:39Z,-2.8249,119.4477,y
2026-08-01T12:29:16Z,-57.1632,-43.2009,9
2026-08-01T12:05:04Z,5.5965,-125.5619,v
2026-08-01T09:27:51Z,-41.8753,45.8467,j
2026-08-01T03:03:03Z,-59.4133,112.6463,p
2026-08-01T18:38:42Z,-41.3581,171.2484,n
2026-08-01T18:17:04Z,27.2903,122.6719,}
2026-08-01T03:19:04Z,8.0776,-122.5532,l
2026-08-01T02:58:06Z,-52.0687,83.6301,q
2026-08-01T14:56:46Z,57.3953,-34.1443,m
2026-08-01T07:00:22Z,45.7920,-129.7461,r
2026-08-01T12:31:06Z,44.1383,3.1786,9
2026-08-01T01:28:11Z,12.8946,-66.7155,_
2026-08-01T11:20:51Z,-46.2261,-28.5662,f
2026-08-01T17:30:58Z,-38.8590,-10.8234,i
2026-08-01T17:30:49Z,-14.4351,-52.5438,w
2026-08-01T04:11:14Z,-0.5897,-17.6748,8
2026-08-01T01:38:14Z,-41.6040,170.1533,m
2026-08-01T20:25:44Z,-51.6861,-159.3069,b
2026-08-01T06:33:54Z,-36.7152,176.6490,p
2026-08-01T16:36:05Z,35.3030,129.7768,j
2026-08-01T20:10:50Z,32.6861,-10.2056,h
2026-08-01T18:30:21Z,-15.9219,116.2239,m
2026-08-01T18:43:55Z,0.5649,-166.6642,3
2026-08-01T02:44:22Z,-32.1413,21.0645,{
2026-08-01T17:38:31Z,-31.9146,13.5387,s
2026-08-01T15:41:45Z,32.9056,-126.2453,a
2026-08-01T23:16:06Z,-20.1843,-17.3528,i
2026-08-01T02:15:44Z,46.3616,-58.7085,}
2026-08-01T13:32:22Z,24.4308,-165.2737,s
2026-08-01T16:51:47Z,-0.5222,162.4772,r
2026-08-01T05:04:06Z,7.4306,163.5189,g
2026-08-01T06:03:05Z,46.9854,13.8394,8
2026-08-01T00:26:47Z,8.9342,77.3029,2
2026-08-01T09:54:55Z,37.3337,117.5077,}
2026-08-01T02:45:01Z,-15.2375,26.2351,v
2026-08-01T00:58:44Z,55.2109,3.4755,c
2026-08-01T23:34:40Z,-17.2095,-44.8015,d
2026-08-01T13:55:54Z,-1.4020,-41.8415,3
2026-08-01T17:15:33Z,-49.0737,-110.2043,u
2026-08-01T04:56:14Z,21.6492,-151.8277,u
2026-08-01T15:10:24Z,19.4939,176.3914,_
2026-08-01T03:43:55Z,0.0341,-70.5174,g
2026-08-01T12:59:13Z,53.3818,114.9554,q
2026-08-01T15:46:46Z,-16.5501,103.2811,d
2026-08-01T12:52:02Z,-8.5362,31.9080,y
2026-08-01T19:35:11Z,-11.7420,-144.6295,6
2026-08-01T22:32:08Z,34.9484,-88.1213,f
2026-08-01T08:51:13Z,9.9080,-69.3839,3
2026-08-01T05:07:16Z,15.0681,176.6428,2
2026-08-01T01:10:40Z,-11.7919,-64.5613,s
2026-08-01T03:36:09Z,34.4030,-147.8650,p
2026-08-01T17:06:16Z,-51.2872,-157.4831,0
2026-08-01T05:20:55Z,18.9619,49.8248,7
2026-08-01T02:02:38Z,30.1615,-123.6817,9
2026-08-01T19:09:55Z,-11.6010,-62.9854,f
2026-08-01T17:28:16Z,-34.3045,77.5333,q
2026-08-01T09:50:51Z,53.3698,24.7311,k
2026-08-01T16:28:27Z,51.6790,89.2397,r
2026-08-01T19:26:35Z,42.5845,-22.1491,}
2026-08-01T07:00:48Z,-53.6981,138.9355,7
2026-08-01T17:05:55Z,18.2820,-7.2311,b
2026-08-01T14:36:34Z,22.9236,28.8814,p
2026-08-01T15:10:41Z,13.9034,173.6094,p
2026-08-01T03:22:09Z,-4.0503,174.9155,r
2026-08-01T17:45:41Z,-13.4777,96.7303,x
2026-08-01T21:13:10Z,43.0528,-116.9541,x
2026-08-01T07:11:18Z,32.3417,-89.0583,e
2026-08-01T19:26:38Z,-13.0888,-44.9989,9
2026-08-01T20:19:12Z,8.3772,-129.4259,w
2026-08-01T02:33:21Z,-29.0302,-28.3748,t
2026-08-01T11:14:43Z,-18.6904,52.7273,r
2026-08-01T22:50:00Z,47.4620,10.0876,m
2026-08-01T23:33:04Z,-23.8243,-106.3160,d
2026-08-01T07:20:46Z,3.3521,-60.3093,u
2026-08-01T08:17:33Z,-4.8289,98.3187,o
2026-08-01T06:00:52Z,-47.2812,-156.1705,w
2026-08-01T06:10:11Z,-39.8494,-93.9299,t
2026-08-01T13:37:46Z,5.1806,-172.3535,{
2026-08-01T18:43:29Z,-12.6537,138.8860,l
2026-08-01T06:50:14Z,42.8762,175.0736,w
2026-08-01T09:24:11Z,-49.6182,32.6615,}
2026-08-01T05:16:16Z,51.7946,-159.5713,h
2026-08-01T00:28:29Z,-39.4724,8.5682,t
2026-08-01T17:00:08Z,12.4642,7.9038,h
2026-08-01T10:03:26Z,51.6675,136.9177,1
2026-08-01T18:37:16Z,-35.7360,166.2770,l
2026-08-01T04:33:57Z,-50.1515,65.2764,q
2026-08-01T20:35:47Z,27.9293,76.2769,9
2026-08-01T14:39:13Z,33.3456,37.3341,x
2026-08-01T21:00:04Z,37.0297,-55.6457,t
2026-08-01T12:43:28Z,-11.7568,-164.0705,3
2026-08-01T08:57:14Z,-4.8945,-82.8872,1
2026-08-01T07:53:48Z,-41.6831,59.7839,m
2026-08-01T14:29:22Z,8.3705,21.9398,1
2026-08-01T00:31:48Z,-6.7202,164.4893,l
2026-08-01T22:12:47Z,47.6000,37.7033,y
2026-08-01T03:09:49Z,-37.0329,142.8451,g
2026-08-01T01:29:36Z,-50.9836,131.1597,p
2026-08-01T04:22:27Z,-31.9855,19.6800,v
2026-08-01T09:14:18Z,-50.6969,-34.7036,i
2026-08-01T08:09:09Z,15.1425,61.7149,1
2026-08-01T19:32:40Z,49.0576,10.1956,v
2026-08-01T05:26:13Z,50.2096,-101.0739,i
2026-08-01T17:24:57Z,-31.7329,-61.9254,w
2026-08-01T10:04:33Z,12.9142,19.6186,_
2026-08-01T01:19:04Z,-47.8620,-24.6598,l
2026-08-01T06:53:56Z,51.1676,-163.9558,u
2026-08-01T02:20:11Z,47.2018,-34.9421,v
2026-08-01T10:30:39Z,28.3141,-38.5218,_
2026-08-01T00:39:55Z,56.5737,-45.6676,2
2026-08-01T02:58:02Z,16.7593,170.5081,w
2026-08-01T06:54:49Z,-51.8709,-22.4596,b
2026-08-01T07:26:53Z,51.6502,-24.1642,_
2026-08-01T17:38:30Z,17.2143,-53.2956,y
2026-08-01T09:02:59Z,-15.6232,-75.8479,g
2026-08-01T21:53:54Z,-33.6605,-2.5010,7
2026-08-01T03:57:47Z,40.7201,-41.1405,k
2026-08-01T20:45:22Z,-1.8211,-38.4813,c
2026-08-01T14:29:37Z,-38.8877,82.6384,3
2026-08-01T19:44:11Z,11.6684,-25.5270,5
2026-08-01T07:37:13Z,-34.1257,31.4536,g
2026-08-01T14:36:27Z,26.9111,34.7025,t
2026-08-01T03:41:30Z,-53.8031,-43.9754,f
2026-08-01T08:31:10Z,57.7472,-172.5105,e
2026-08-01T22:34:15Z,42.0474,-70.4547,x
2026-08-01T22:44:31Z,2.8543,-59.3753,3
2026-08-01T12:25:00Z,33.3798,-5.8622,m
2026-08-01T16:12:28Z,27.8384,12.3852,5
2026-08-01T00:03:23Z,-17.6027,124.0252,i
2026-08-01T13:35:16Z,22.6597,-163.9523,_
2026-08-01T04:09:35Z,12.4727,-13.7710,x
2026-08-01T02:37:01Z,8.5289,7.7904,5
2026-08-01T01:32:15Z,54.6178,158.9480,z
2026-08-01T03:06:36Z,-54.9506,130.4695,6
2026-08-01T21:13:37Z,32.1832,-78.3136,{
2026-08-01T19:57:00Z,19.2763,72.6051,z
2026-08-01T10:57:51Z,-48.5203,-2.2216,r
2026-08-01T15:56:59Z,41.1337,-143.9239,g
2026-08-01T03:29:19Z,11.2416,-173.8823,x
2026-08-01T23:28:52Z,-24.4180,-139.7005,b
2026-08-01T21:45:27Z,-34.3516,110.3901,k
2026-08-01T07:32:24Z,-44.8594,-4.8131,n
2026-08-01T21:58:33Z,58.3083,-29.4670,5
2026-08-01T11:29:37Z,-41.1708,97.1193,h
2026-08-01T01:22:49Z,-49.5559,97.9817,4
2026-08-01T08:42:02Z,40.8184,-120.6436,6
2026-08-01T21:53:51Z,-46.5166,142.5286,9
2026-08-01T16:05:25Z,-51.6044,8.1037,a
2026-08-01T10:45:01Z,-37.0607,-76.8471,b
2026-08-01T22:28:20Z,-17.0257,68.8210,0
2026-08-01T07:45:43Z,34.7679,-86.2282,p
2026-08-01T01:08:48Z,-11.2821,54.8449,g
2026-08-01T01:07:36Z,-6.6724,48.2272,g
2026-08-01T01:00:20Z,57.4749,36.1578,k
2026-08-01T05:47:08Z,7.4360,-37.7147,3
2026-08-01T08:53:16Z,8.9941,-91.0004,w
2026-08-01T17:21:30Z,-17.9970,-92.2524,h
2026-08-01T21:58:50Z,-54.2107,174.8066,k
2026-08-01T09:49:09Z,22.8618,97.9843,4
2026-08-01T18:14:07Z,-10.6876,-78.2311,3
2026-08-01T15:21:49Z,-22.2886,-163.9042,k
2026-08-01T14:22:47Z,23.8800,-130.8756,q
2026-08-01T04:09:49Z,56.5640,135.7138,l
2026-08-01T22:54:35Z,41.2797,23.4071,4
2026-08-01T03:20:07Z,-12.6158,178.6858,7
2026-08-01T17:39:05Z,5.2751,-32.5861,m
2026-08-01T11:29:20Z,28.7276,89.2787,h
2026-08-01T08:14:43Z,24.6357,122.9345,w
2026-08-01T04:53:10Z,1.1360,-62.6531,}
2026-08-01T04:40:43Z,-50.6881,104.7856,0
2026-08-01T06:04:25Z,-45.3336,7.6729,g
2026-08-01T15:46:33Z,-45.2522,-61.0491,l
2026-08-01T15:18:37Z,50.3576,-164.0288,7
2026-08-01T07:39:02Z,-59.6424,-29.0322,l
2026-08-01T16:05:06Z,5.7219,0.9289,5
2026-08-01T14:52:48Z,-4.5434,-55.4563,o
2026-08-01T10:33:44Z,13.9010,-173.1946,t
2026-08-01T07:49:59Z,58.4964,-31.7236,9
2026-08-01T08:55:51Z,-4.0605,-81.6396,g
2026-08-01T11:08:10Z,-2.2920,114.4386,k
2026-08-01T23:03:39Z,11.8139,50.8192,g
2026-08-01T15:57:24Z,-29.1324,-52.8545,g
2026-08-01T20:52:35Z,54.2250,-139.8038,}
2026-08-01T22:11:41Z,-20.6771,-126.6625,q
2026-08-01T12:44:57Z,-34.7279,-116.1261,l
2026-08-01T00:44:39Z,-53.3570,-125.3937,7
2026-08-01T22:16:32Z,-11.0159,-115.3108,k
2026-08-01T12:51:59Z,-2.8333,36.6323,a
2026-08-01T22:26:47Z,18.0511,-96.1518,f
2026-08-01T21:51:18Z,-33.8672,167.5601,1
2026-08-01T18:52:38Z,-47.2011,-119.6797,f
2026-08-01T08:10:07Z,1.4382,111.8849,h
2026-08-01T09:17:12Z,27.4182,27.9055,x
2026-08-01T08:16:07Z,36.7558,-129.3821,p
2026-08-01T17:05:55Z,-43.1092,151.1057,2
2026-08-01T13:37:48Z,-0.9811,-159.3671,2
2026-08-01T09:22:07Z,6.8118,16.7834,s
2026-08-01T22:20:58Z,-6.0030,-33.9466,w
2026-08-01T09:24:06Z,-44.5242,25.3729,7
2026-08-01T01:20:52Z,-43.8751,90.1809,e
2026-08-01T01:16:01Z,32.3722,133.8707,}
2026-08-01T03:51:19Z,14.2790,-136.7454,z
2026-08-01T07:46:33Z,-47.5688,-117.8135,n
2026-08-01T17:26:37Z,-36.3487,-55.7198,9
2026-08-01T23:13:05Z,-8.7641,-140.1752,z
2026-08-01T02:41:13Z,-13.1539,28.3036,t
2026-08-01T00:42:01Z,1.1782,-154.0641,n
2026-08-01T08:55:17Z,-0.0809,-91.2406,y
2026-08-01T04:30:25Z,-47.3791,-17.8650,p
2026-08-01T21:18:16Z,38.5083,44.7166,8
2026-08-01T08:37:11Z,50.9933,-136.1033,s
2026-08-01T07:33:48Z,19.0939,34.5763,0
2026-08-01T00:08:41Z,34.9692,117.7600,9
2026-08-01T22:28:07Z,8.1491,103.0858,a
2026-08-01T13:21:28Z,41.6762,110.6444,w
2026-08-01T06:59:05Z,55.2009,-140.4895,6
2026-08-01T23:45:45Z,-9.8335,49.4692,o
2026-08-01T06:27:08Z,-32.2739,-68.3072,{
2026-08-01T21:05:36Z,56.4997,-22.4581,c
2026-08-01T12:49:27Z,35.2722,177.7544,3
2026-08-01T16:08:03Z,-44.7229,15.6417,u
2026-08-01T14:09:14Z,45.8586,177.0226,5
2026-08-01T16:44:33Z,8.2816,148.0842,5
2026-08-01T05:53:36Z,-7.6466,-58.1103,4
2026-08-01T12:41:06Z,-26.2294,6.2098,5
2026-08-01T23:40:17Z,-49.1430,-170.7869,7
2026-08-01T23:56:41Z,-28.8155,-21.9366,0
2026-08-01T17:18:38Z,-47.9653,-84.2972,w
2026-08-01T07:02:56Z,49.6763,-113.5746,2
2026-08-01T05:30:01Z,39.1973,-85.6705,_
2026-08-01T02:41:34Z,-12.5823,19.7135,r
2026-08-01T19:59:18Z,44.8305,-124.9334,_
2026-08-01T07:34:12Z,-19.2446,-108.9860,0
2026-08-01T17:51:07Z,39.6724,-4.3927,z
2026-08-01T04:55:13Z,-14.3277,9.6860,2
2026-08-01T16:22:08Z,45.3900,56.3007,i
2026-08-01T23:44:09Z,49.9007,-69.9156,l
2026-08-01T19:16:16Z,28.9953,-9.0538,e
2026-08-01T17:22:32Z,-42.1972,-75.1586,3
2026-08-01T10:34:42Z,43.6052,-21.6908,w
2026-08-01T12:14:30Z,-24.4816,-117.7665,1
2026-08-01T14:26:02Z,54.3757,-82.8212,4
2026-08-01T00:08:34Z,-24.0750,-149.1168,8
2026-08-01T15:16:43Z,-0.6052,-170.3090,j
2026-08-01T00:07:19Z,-27.3408,-150.1621,8
2026-08-01T13:57:58Z,-42.8100,-132.1472,k
2026-08-01T00:24:32Z,26.8794,-112.5778,t
2026-08-01T21:53:33Z,-47.3427,150.7956,k
2026-08-01T06:27:06Z,39.7090,133.3742,p
2026-08-01T09:21:44Z,-57.5024,8.3850,d
2026-08-01T20:53:34Z,-57.1059,79.1655,z
2026-08-01T04:43:13Z,-13.7190,124.5110,d
2026-08-01T00:52:59Z,28.1545,12.1533,x
2026-08-01T23:12:01Z,49.0412,72.0403,j
2026-08-01T05:09:17Z,33.3867,-178.4483,_
2026-08-01T04:28:28Z,-45.5320,29.2395,6
2026-08-01T09:20:36Z,-16.6364,-123.3423,j
2026-08-01T10:04:49Z,-25.9429,-10.9487,k
2026-08-01T19:27:45Z,47.5981,-21.0171,7
2026-08-01T17:13:33Z,-47.1993,-121.2961,}
2026-08-01T12:07:26Z,28.8914,173.6164,z
2026-08-01T06:11:27Z,-26.7568,-32.0754,}
2026-08-01T01:09:40Z,-25.7383,51.1758,6
2026-08-01T02:52:03Z,-12.8787,101.8049,n
2026-08-01T06:46:13Z,-37.3429,161.2902,9
2026-08-01T16:39:46Z,54.7342,-179.5568,}
2026-08-01T17:32:15Z,-43.4458,6.5206,2
2026-08-01T03:58:46Z,-57.4192,-23.5093,2
2026-08-01T08:58:14Z,-4.3696,-42.5974,a
2026-08-01T18:37:42Z,-31.9991,-139.3965,1
2026-08-01T04:07:19Z,-7.5425,150.7632,z
2026-08-01T09:18:43Z,-46.6751,-4.3299,8
2026-08-01T20:13:51Z,57.8847,146.7810,r
2026-08-01T06:49:42Z,37.7682,170.8448,7
2026-08-01T05:54:56Z,-49.1252,-16.7194,n
2026-08-01T11:59:20Z,25.6670,-143.9117,f
2026-08-01T10:19:18Z,29.7950,-132.9682,d
2026-08-01T12:35:22Z,-51.5052,-14.9812,1
2026-08-01T03:40:19Z,21.0842,-109.2677,s
2026-08-01T22:55:15Z,40.6630,27.0098,0
2026-08-01T09:41:52Z,-59.8491,121.6679,b
2026-08-01T07:33:19Z,46.1120,-63.6930,5
2026-08-01T02:48:56Z,-42.8422,11.4878,3
2026-08-01T15:43:54Z,25.8866,-1.9183,n
2026-08-01T09:02:53Z,34.6329,-152.6045,8
2026-08-01T18:01:10Z,52.5054,47.9612,p
2026-08-01T22:27:43Z,32.5047,110.4327,e
2026-08-01T01:52:27Z,-7.1989,-176.4816,}
2026-08-01T22:35:06Z,36.3222,-5.6989,l
2026-08-01T01:11:42Z,45.6935,177.7817,n
2026-08-01T15:04:30Z,24.2356,161.3568,k
2026-08-01T18:32:04Z,-16.5244,147.3638,y
2026-08-01T19:26:00Z,44.1839,-23.6083,6
2026-08-01T18:42:35Z,-54.2684,-168.1525,6
2026-08-01T16:27:49Z,54.7506,79.5722,}
2026-08-01T23:49:24Z,-16.1454,-141.9714,_
2026-08-01T07:12:59Z,20.3651,-85.5358,u
2026-08-01T00:08:35Z,46.5128,-98.3331,7
2026-08-01T17:49:22Z,31.4712,-10.9581,w
2026-08-01T02:28:23Z,7.5034,1.3087,_
2026-08-01T06:31:28Z,-9.1907,135.3952,p
2026-08-01T00:27:20Z,28.7301,-101.3467,x
2026-08-01T06:21:25Z,-39.7614,98.9011,g
2026-08-01T00:35:15Z,44.0559,-72.9098,k
2026-08-01T05:10:58Z,36.1462,-177.6603,0
2026-08-01T06:23:46Z,-31.0380,110.4661,f
2026-08-01T23:00:01Z,24.1935,42.7327,}
2026-08-01T00:02:33Z,52.0762,52.3537,j
2026-08-01T00:59:45Z,38.9785,-101.9409,9
2026-08-01T11:40:05Z,53.0566,133.7867,u
2026-08-01T03:07:10Z,-40.9622,134.2229,g
2026-08-01T23:53:06Z,-3.1162,-131.4678,6
2026-08-01T00:21:37Z,25.0850,-119.9178,6
2026-08-01T08:39:47Z,9.3277,160.4935,2
2026-08-01T04:37:03Z,-43.4028,-54.2678,f
2026-08-01T14:56:46Z,-56.5106,-63.4697,5
2026-08-01T06:40:03Z,10.2006,146.5844,9
2026-08-01T22:42:12Z,40.0788,-87.2049,k
2026-08-01T08:35:45Z,54.1155,-150.0553,1
2026-08-01T23:03:02Z,10.3922,44.5462,d
2026-08-01T21:11:40Z,-12.9593,102.9945,1
2026-08-01T15:31:02Z,3.0067,160.8820,2
2026-08-01T06:00:58Z,-53.9962,41.0915,3
2026-08-01T09:26:01Z,-52.1100,34.4720,y
2026-08-01T15:43:21Z,-46.1354,-73.4880,r
2026-08-01T17:20:20Z,-46.6071,-80.7677,0
2026-08-01T05:51:27Z,9.3549,90.8210,l
2026-08-01T21:17:27Z,50.3551,44.4028,c
2026-08-01T20:32:59Z,-39.8585,-117.9582,t
2026-08-01T01:37:01Z,0.2222,12.1060,}
2026-08-01T22:43:40Z,53.1891,-23.9942,u
2026-08-01T04:58:50Z,58.9682,112.7386,8
2026-08-01T11:57:58Z,54.0775,-31.0521,e
2026-08-01T12:02:39Z,-32.5629,-33.3823,g
2026-08-01T10:03:11Z,52.4365,152.6509,k
2026-08-01T00:12:02Z,-8.4113,-133.6374,j
2026-08-01T16:39:21Z,35.6193,136.2005,x
2026-08-01T23:59:33Z,-55.9040,-65.3653,h
2026-08-01T20:43:29Z,-17.0702,-91.4293,n
2026-08-01T20:32:07Z,-43.0735,-123.1034,w
2026-08-01T07:30:54Z,28.1397,-121.5436,j
2026-08-01T10:28:27Z,11.7195,-105.2013,f
2026-08-01T23:23:08Z,9.2111,-115.1018,h
2026-08-01T12:49:40Z,-10.6291,27.4576,j
2026-08-01T08:30:42Z,57.5789,-173.5018,q
2026-08-01T17:16:01Z,-51.7883,-105.8242,n
2026-08-01T18:36:08Z,-40.9727,154.8888,0
2026-08-01T00:51:33Z,34.4269,13.5367,5
2026-08-01T02:34:26Z,-40.4060,20.2252,x
2026-08-01T03:59:58Z,36.9222,90.6386,y
2026-08-01T20:56:43Z,27.6141,-64.4594,2
2026-08-01T15:13:04Z,12.3436,174.1612,4
2026-08-01T13:16:51Z,37.8702,-130.0884,5
2026-08-01T16:09:39Z,22.3134,4.5420,7
2026-08-01T14:08:55Z,-56.1336,-49.6758,2
2026-08-01T14:59:26Z,43.3490,142.9679,{
2026-08-01T08:08:50Z,-1.1825,108.9262,6
2026-08-01T10:53:45Z,51.2071,-17.9639,1
2026-08-01T18:36:05Z,-29.2647,162.5815,5
2026-08-01T05:59:54Z,-6.7440,-103.2258,}
2026-08-01T05:29:49Z,45.7464,-81.5510,g
2026-08-01T08:17:41Z,25.0058,126.5799,y
2026-08-01T09:27:45Z,-50.9400,31.3169,8
2026-08-01T23:57:19Z,6.1370,-124.4454,m
2026-08-01T16:09:32Z,26.2360,6.5102,s
2026-08-01T21:27:40Z,12.3739,69.4141,b
2026-08-01T17:49:17Z,35.8968,2.2391,u
2026-08-01T19:10:51Z,3.1502,-67.8994,l
2026-08-01T02:36:41Z,-27.5688,-101.1723,o
2026-08-01T04:50:44Z,-23.8424,130.5902,c
2026-08-01T03:42:07Z,52.1278,-129.2138,_
2026-08-01T14:47:13Z,-35.1987,-2.4668,_
2026-08-01T09:04:48Z,34.5662,46.5201,7
2026-08-01T15:42:53Z,-54.3084,-70.3148,7
2026-08-01T05:24:52Z,58.4814,-110.6196,3
2026-08-01T16:11:06Z,20.3134,4.0860,h
2026-08-01T03:57:06Z,49.4355,-50.3119,m
2026-08-01T18:09:32Z,-37.1232,-19.7857,3
2026-08-01T19:16:39Z,-42.4481,34.6626,a
2026-08-01T03:50:26Z,-18.5868,-59.2634,w
2026-08-01T22:35:31Z,40.3780,71.6553,}
2026-08-01T17:12:14Z,-51.4523,-124.4966,w
2026-08-01T08:10:05Z,21.0110,36.3158,c
2026-08-01T14:16:53Z,-28.0108,-12.0809,s
2026-08-01T23:40:21Z,-46.4946,-175.0517,1
2026-08-01T04:06:25Z,10.3540,-24.3093,j
2026-08-01T06:28:44Z,-16.7255,114.0088,8
2026-08-01T08:43:25Z,-53.8289,-112.3290,}
2026-08-01T04:55:45Z,-19.6354,119.2426,s
2026-08-01T07:22:14Z,-42.4874,-0.2610,y
2026-08-01T08:22:33Z,38.3366,139.0144,0
2026-08-01T02:11:13Z,47.8828,-90.0253,y
2026-08-01T22:46:08Z,55.7416,-11.6112,s
2026-08-01T10:32:43Z,1.1222,-109.9759,1
2026-08-01T07:54:22Z,-45.4061,70.6385,n
2026-08-01T01:44:59Z,50.5989,53.4376,i
2026-08-01T07:59:19Z,29.0270,177.9051,4
2026-08-01T05:18:49Z,13.3461,-174.5600,j
2026-08-01T20:48:13Z,11.0327,-79.0802,h
2026-08-01T04:18:56Z,-35.6781,124.1232,0
2026-08-01T02:18:11Z,-35.5174,-131.0275,n
2026-08-01T11:10:36Z,-27.9826,46.7151,a
2026-08-01T14:11:12Z,-27.0505,-37.9195,8
2026-08-01T07:40:25Z,-56.4284,-108.9898,8
2026-08-01T06:09:52Z,-58.1100,50.8366,u
2026-08-01T08:42:37Z,-25.8189,83.1106,9
2026-08-01T15:32:53Z,16.0644,-101.9420,i
2026-08-01T05:57:35Z,-25.1083,-12.9870,s
2026-08-01T17:24:01Z,-40.4085,-72.5766,m
2026-08-01T06:25:41Z,-25.0690,117.5168,y
2026-08-01T03:16:13Z,-6.9308,170.6732,3
2026-08-01T20:13:12Z,-33.2442,145.0751,d
2026-08-01T05:54:46Z,-24.5124,-20.6581,}
2026-08-01T04:39:05Z,39.7127,-19.2130,v
2026-08-01T21:15:16Z,46.6062,36.8823,k
2026-08-01T10:18:55Z,27.1336,-135.2132,u
2026-08-01T09:53:22Z,-39.8948,-100.6231,2
2026-08-01T00:22:21Z,-32.5398,-100.4687,z
2026-08-01T07:30:34Z,-31.3650,-43.6419,t
2026-08-01T21:52:01Z,44.2803,-146.6735,m
2026-08-01T23:08:51Z,3.8691,58.0159,9
2026-08-01T14:44:33Z,-14.9597,-126.0049,o
2026-08-01T08:56:18Z,-3.0596,-83.8316,0
2026-08-01T22:26:21Z,17.0669,-93.4993,s
2026-08-01T20:19:38Z,27.2140,170.7079,a
2026-08-01T16:59:14Z,-29.7960,174.1699,1
2026-08-01T09:55:22Z,21.4535,0.8263,7
2026-08-01T01:56:11Z,11.6724,-143.7641,{
2026-08-01T23:05:52Z,8.8240,56.6984,g
2026-08-01T00:44:28Z,49.5816,160.1651,u
2026-08-01T22:00:44Z,-52.3664,-170.2680,0
2026-08-01T22:33:33Z,39.0727,-77.8495,}
2026-08-01T19:34:27Z,48.6651,17.5935,k
2026-08-01T06:27:48Z,-16.8619,121.9104,{
2026-08-01T09:40:31Z,-11.6654,129.8258,n
2026-08-01T10:46:05Z,-44.6478,-69.4343,h
2026-08-01T15:10:07Z,6.7677,169.4629,5
2026-08-01T10:26:09Z,-53.1711,-141.2263,1
2026-08-01T20:08:29Z,-31.8067,-58.8481,1
2026-08-01T04:59:51Z,-32.5281,-57.2155,9
2026-08-01T15:14:58Z,3.4397,-179.7308,f
2026-08-01T07:19:58Z,-49.8849,-131.4441,h
2026-08-01T04:24:05Z,-30.0562,51.7329,w
2026-08-01T03:37:40Z,-4.5941,6.1603,2
2026-08-01T17:10:15Z,12.0441,39.0291,p
2026-08-01T11:07:26Z,-43.5131,138.6342,}
2026-08-01T17:48:24Z,-38.4947,145.8638,7
2026-08-01T07:37:33Z,44.0410,119.5323,7
2026-08-01T02:52:29Z,-40.6659,51.6215,4
2026-08-01T15:55:35Z,-22.6434,-23.9232,1
2026-08-01T23:33:11Z,44.2293,-148.6514,8
2026-08-01T09:08:37Z,58.1784,-146.5514,q
2026-08-01T23:21:00Z,-40.7067,91.1075,w
2026-08-01T18:58:14Z,9.6734,-13.6178,w
2026-08-01T13:09:29Z,43.8974,77.5904,m
2026-08-01T21:30:50Z,10.1314,71.0164,n
2026-08-01T04:22:44Z,-26.7763,17.9144,q
2026-08-01T18:32:12Z,-58.4233,163.6975,b
2026-08-01T09:59:30Z,41.4850,127.9738,a
2026-08-01T00:14:44Z,-0.0868,-139.7350,o
2026-08-01T18:28:01Z,-8.7515,137.0826,6
2026-08-01T11:34:34Z,42.3914,97.6279,b
2026-08-01T02:02:17Z,34.0221,-126.4009,h
2026-08-01T04:21:33Z,30.4472,176.5130,d
2026-08-01T00:52:11Z,50.7478,141.1705,x
2026-08-01T21:06:45Z,53.7267,-51.2599,x
2026-08-01T16:30:40Z,48.9378,96.0311,3
2026-08-01T22:56:14Z,-21.8047,-135.2023,}
2026-08-01T04:10:30Z,5.4084,-18.3703,g
2026-08-01T16:57:25Z,-21.0335,175.0546,8
2026-08-01T23:55:25Z,-25.7911,86.7543,2
2026-08-01T03:04:02Z,52.5434,24.2303,7
2026-08-01T09:33:47Z,-30.6386,132.3360,x
2026-08-01T08:05:32Z,-16.9592,106.4987,p
2026-08-01T03:23:11Z,-5.0329,-177.4859,4
2026-08-01T22:40:14Z,-57.4707,53.9908,x
2026-08-01T01:08:49Z,-16.8268,51.9288,u
2026-08-01T06:58:11Z,60.0638,-141.0328,h
2026-08-01T05:56:23Z,-13.9573,92.0013,f
2026-08-01T00:53:09Z,16.4121,-136.6985,n
2026-08-01T01:54:23Z,57.0432,-74.2877,d
2026-08-01T22:07:30Z,-35.7780,-7.8727,e
2026-08-01T21:04:22Z,52.1128,-31.2738,j
2026-08-01T04:42:11Z,-44.8699,106.8686,h
2026-08-01T03:07:29Z,-41.8953,131.6810,v
2026-08-01T09:08:51Z,-37.9512,-47.5577,m
2026-08-01T00:01:18Z,-36.2467,-168.8818,c
2026-08-01T11:41:33Z,55.6355,145.7646,7
2026-08-01T08:46:15Z,11.4698,-170.9957,0
2026-08-01T06:54:40Z,-56.6229,51.2286,8
2026-08-01T01:05:02Z,-40.7024,-143.0153,o
2026-08-01T12:35:20Z,-55.5743,-119.6706,t
2026-08-01T14:03:01Z,-50.6665,-80.3650,x
2026-08-01T11:22:02Z,10.9625,72.5077,h
2026-08-01T04:57:34Z,-9.3877,151.6414,i
2026-08-01T13:57:45Z,-51.0709,-99.5066,_
2026-08-01T23:18:47Z,1.8970,-174.2896,f
2026-08-01T13:43:53Z,-21.5824,-16.5639,y
2026-08-01T09:56:43Z,-13.7528,-145.8294,y
2026-08-01T16:37:23Z,5.3644,-130.3168,}
2026-08-01T07:55:50Z,-39.0355,78.5398,_
2026-08-01T22:07:19Z,-39.6451,-138.9518,r
2026-08-01T04:24:16Z,-32.1586,23.0711,2
2026-08-01T12:22:52Z,-44.9271,-89.0617,b
2026-08-01T16:11:18Z,30.6419,12.2455,e
2026-08-01T17:51:03Z,43.2443,0.8178,{
2026-08-01T23:37:33Z,-41.7897,178.6321,0
2026-08-01T08:31:40Z,54.7670,-175.9134,g
2026-08-01T17:57:42Z,35.8975,17.5408,k
2026-08-01T01:47:19Z,36.6349,53.3714,e
2026-08-01T07:26:08Z,-13.3060,-51.9598,h
2026-08-01T09:40:03Z,10.1241,147.1833,t
2026-08-01T08:28:28Z,-15.8919,-55.2405,_
2026-08-01T18:18:07Z,-24.3689,119.3776,l
2026-08-01T19:49:22Z,31.5514,86.3373,j
2026-08-01T00:42:31Z,51.3537,-18.9932,d
2026-08-01T04:15:45Z,38.4709,-59.9457,m
2026-08-01T12:31:32Z,-51.2200,-34.4369,7
2026-08-01T18:44:19Z,-50.1376,118.1608,l
2026-08-01T00:09:32Z,-17.2699,-147.9290,l
2026-08-01T10:05:21Z,51.9856,153.9215,l
2026-08-01T17:41:04Z,5.9497,-28.5213,c
2026-08-01T10:32:34Z,-4.6788,-105.1188,b
2026-08-01T11:00:36Z,-54.0391,12.0276,2
2026-08-01T06:35:54Z,11.4250,139.7863,_
2026-08-01T05:17:25Z,-54.0914,-96.3745,}
2026-08-01T20:18:03Z,-26.5454,-160.5919,v
2026-08-01T03:07:26Z,-52.4251,9.7513,6
2026-08-01T23:46:35Z,-19.6325,-149.5999,g
2026-08-01T12:14:21Z,-37.6848,-131.8258,n
2026-08-01T23:29:38Z,-49.2684,133.8513,c
2026-08-01T22:53:59Z,-25.6180,-84.1969,x
2026-08-01T16:24:20Z,53.0066,62.8164,q
2026-08-01T13:39:20Z,44.0103,117.5803,k
2026-08-01T20:17:18Z,22.1938,107.7385,5
2026-08-01T09:12:42Z,-44.2630,-38.3236,3
2026-08-01T21:28:18Z,19.1292,71.8547,s
2026-08-01T08:12:35Z,10.3752,116.8228,4
2026-08-01T00:02:41Z,-38.7619,-154.6441,t
2026-08-01T01:17:57Z,-46.1140,74.5636,{
2026-08-01T23:05:33Z,-52.5214,-55.0252,o
2026-08-01T08:10:46Z,58.6152,163.4125,g
2026-08-01T03:17:20Z,-31.1988,160.8418,z
2026-08-01T15:48:50Z,-37.7711,-40.9316,i
2026-08-01T22:36:40Z,42.4435,36.9021,0
2026-08-01T00:14:06Z,-0.2750,-133.6919,1
2026-08-01T05:14:55Z,41.1881,-161.1114,5
2026-08-01T11:27:34Z,34.9956,79.8039,g
2026-08-01T08:39:12Z,-49.8312,122.9245,i
2026-08-01T10:13:21Z,-2.3253,120.8722,}
2026-08-01T12:49:49Z,35.6591,88.6149,c
2026-08-01T12:43:25Z,-30.3139,16.1998,k
2026-08-01T09:42:22Z,0.9803,85.0672,y
2026-08-01T14:32:14Z,13.7081,29.6402,f
2026-08-01T13:59:54Z,-57.9812,-97.5226,1
2026-08-01T13:17:07Z,54.4513,129.4436,z
2026-08-01T22:35:20Z,41.6756,-69.8201,i
2026-08-01T20:47:35Z,-13.6616,-130.3117,5
2026-08-01T01:19:38Z,-45.8453,85.5470,2
2026-08-01T09:57:14Z,-5.1539,63.7857,p
2026-08-01T11:00:08Z,23.4150,-76.9038,s
2026-08-01T01:08:55Z,38.9695,-82.0019,0
2026-08-01T04:14:45Z,-13.6148,-3.6546,2
2026-08-01T10:31:46Z,56.6553,-90.8465,b
2026-08-01T08:16:42Z,-21.6705,-89.4727,c
2026-08-01T02:05:53Z,-37.6015,15.4697,w
2026-08-01T16:23:37Z,-47.9676,146.8517,k
2026-08-01T02:13:47Z,-23.0845,172.6433,p
2026-08-01T19:09:27Z,-8.3017,-66.5110,1
2026-08-01T15:41:03Z,-50.9450,-82.2275,0
2026-08-01T20:29:11Z,-48.4512,-128.5100,w
2026-08-01T06:15:05Z,-49.2546,73.3610,3
2026-08-01T07:10:24Z,29.9757,-78.4255,x
2026-08-01T03:15:42Z,-31.8005,161.5018,m
2026-08-01T07:53:06Z,-43.6526,68.4056,y
2026-08-01T11:39:18Z,48.5907,130.8795,z
2026-08-01T05:18:25Z,46.5679,-140.9864,a
2026-08-01T12:34:15Z,-28.2175,30.6427,9
2026-08-01T11:16:01Z,54.4590,37.8240,s
2026-08-01T09:47:14Z,17.3696,95.9262,a
2026-08-01T14:00:39Z,-52.1416,-94.3154,n
2026-08-01T03:01:23Z,-51.9557,97.1144,i
2026-08-01T07:54:47Z,-33.5848,-52.7491,1
2026-08-01T07:29:00Z,-6.4123,-14.1884,j
2026-08-01T10:19:37Z,34.7807,-16.3313,v
2026-08-01T05:52:25Z,35.2178,-145.0690,7
2026-08-01T14:11:51Z,-49.5280,-28.9740,k
2026-08-01T09:46:12Z,58.8949,153.5592,l
2026-08-01T17:31:24Z,30.1847,-160.2469,4
2026-08-01T06:24:56Z,-7.8041,96.6066,2
2026-08-01T00:20:57Z,15.2529,-119.4283,v
2026-08-01T14:50:04Z,51.4560,94.1760,6
2026-08-01T12:16:33Z,-31.7666,-102.1922,7
2026-08-01T04:41:19Z,28.0368,43.4250,i
2026-08-01T12:40:58Z,-36.4889,8.2080,a
2026-08-01T20:50:32Z,11.9564,-73.6302,u
2026-08-01T12:51:28Z,-7.7795,135.8542,m
2026-08-01T13:02:04Z,-57.7960,-52.9049,g
2026-08-01T09:30:07Z,-35.9931,46.1762,f
2026-08-01T02:19:17Z,-30.0226,105.2511,r
2026-08-01T00:52:24Z,-45.4043,-100.4200,u
2026-08-01T13:10:14Z,52.0748,135.3821,p
2026-08-01T09:52:46Z,-46.8523,84.6710,9
2026-08-01T04:11:28Z,3.9346,-13.8523,v
2026-08-01T19:36:59Z,15.0840,-129.8368,2
2026-08-01T02:05:21Z,23.8334,-46.3321,a
2026-08-01T09:59:40Z,-21.6732,18.3872,p
2026-08-01T06:42:51Z,22.9481,152.1197,z
2026-08-01T01:59:29Z,40.7253,126.4077,4
2026-08-01T18:48:22Z,-53.0480,-150.6837,0
2026-08-01T06:29:13Z,27.3809,-60.0811,m
2026-08-01T22:42:08Z,47.2333,-46.8739,r
2026-08-01T01:25:57Z,-31.4020,-28.6454,g
2026-08-01T11:15:58Z,-37.9773,-16.4166,q
2026-08-01T05:03:29Z,-1.6894,71.4318,w
2026-08-01T05:45:17Z,0.0174,-43.2812,g
2026-08-01T15:16:18Z,7.1520,-93.0520,l
2026-08-01T10:50:05Z,-54.8897,-45.3375,t
2026-08-01T12:11:16Z,41.2941,4.7677,p
2026-08-01T21:44:40Z,-31.7292,107.1618,t
2026-08-01T00:59:10Z,7.0672,29.1870,4
2026-08-01T10:13:31Z,44.6752,-158.0437,8
2026-08-01T17:27:55Z,33.6019,-83.6665,y
2026-08-01T20:32:04Z,-43.5076,-119.6154,d
2026-08-01T20:42:41Z,55.1688,28.9594,u
2026-08-01T09:51:22Z,4.6432,33.7420,}
2026-08-01T20:17:54Z,-54.6265,69.8809,r
2026-08-01T01:52:32Z,-2.0430,-150.7198,{
2026-08-01T02:25:22Z,28.3954,156.8522,3
2026-08-01T04:32:59Z,-47.8959,59.0945,t
2026-08-01T20:09:50Z,-26.7537,133.9064,z
2026-08-01T02:03:22Z,-53.9252,-168.2246,c
2026-08-01T19:41:09Z,-35.0706,-135.6750,0
2026-08-01T09:06:41Z,-28.6293,-57.7938,{
2026-08-01T17:17:10Z,-52.1224,-92.0359,g
2026-08-01T03:49:10Z,-19.2158,-40.2423,9
2026-08-01T22:52:35Z,43.5802,17.0027,f
2026-08-01T01:20:13Z,-11.4783,27.1940,o
2026-08-01T18:47:22Z,-58.0827,127.9110,e
2026-08-01T04:24:31Z,-33.3684,-124.3506,d
2026-08-01T21:37:40Z,40.1303,-158.8752,5
2026-08-01T12:02:17Z,43.9314,-60.6724,z
2026-08-01T17:42:14Z,10.2404,-20.9530,l
2026-08-01T23:18:04Z,-24.9405,78.8412,7
2026-08-01T05:58:15Z,-31.8354,-14.7266,i
2026-08-01T06:00:16Z,-42.7453,0.0892,x
2026-08-01T10:41:18Z,49.8620,67.7798,e
2026-08-01T05:08:46Z,29.7502,-81.6931,d
2026-08-01T20:49:35Z,40.0090,52.2932,7
2026-08-01T19:36:04Z,57.6844,26.1463,f
2026-08-01T20:43:46Z,-43.0287,-146.3783,b
2026-08-01T23:59:35Z,-5.3539,-91.3367,b
2026-08-01T00:18:43Z,-43.3204,177.9111,y
2026-08-01T01:30:18Z,-51.3350,141.0767,h
2026-08-01T13:04:58Z,38.5014,126.3021,t
2026-08-01T13:14:16Z,50.0554,-39.4389,j
2026-08-01T01:13:08Z,43.0406,147.8924,9
2026-08-01T09:03:32Z,44.1335,-127.7950,s
2026-08-01T01:32:42Z,54.7365,88.9247,u
2026-08-01T21:13:59Z,48.5894,18.8890,y
2026-08-01T01:30:40Z,-47.7757,144.7183,n
2026-08-01T06:02:08Z,-10.1959,-153.3193,_
2026-08-01T01:22:55Z,52.5721,61.9468,q
2026-08-01T06:46:48Z,31.9712,161.1250,2
2026-08-01T07:20:06Z,6.2370,-56.2326,f
2026-08-01T20:19:30Z,-14.0482,143.8039,_
2026-08-01T18:50:23Z,-15.9466,-30.7661,s
2026-08-01T01:50:34Z,7.8823,179.5996,j
2026-08-01T08:32:27Z,46.4330,-164.8962,2
2026-08-01T15:58:26Z,-19.4957,-21.6529,j
2026-08-01T04:11:09Z,3.4112,88.9165,w
2026-08-01T03:54:05Z,43.7171,174.9407,r
2026-08-01T10:12:30Z,22.9076,43.7676,f
2026-08-01T06:42:32Z,-0.4173,-157.6194,p
2026-08-01T03:59:13Z,-16.2399,90.7803,6
2026-08-01T16:05:20Z,14.5152,-8.8418,y
2026-08-01T06:31:14Z,-1.2994,17.6666,l
2026-08-01T07:25:56Z,2.9524,-119.9199,m
2026-08-01T16:57:17Z,-14.4010,-85.4177,0
2026-08-01T19:06:57Z,33.2677,-50.0548,u
2026-08-01T14:51:12Z,52.2020,95.6932,l
2026-08-01T23:37:53Z,-55.3060,172.5564,r
2026-08-01T06:21:55Z,34.6678,95.9816,2
2026-08-01T17:30:49Z,-16.5589,-150.9639,_
2026-08-01T19:53:23Z,19.2664,100.9408,x
2026-08-01T15:59:17Z,-6.9677,-17.9686,{
2026-08-01T01:37:34Z,-28.4812,172.8889,g
2026-08-01T17:24:09Z,14.3431,-86.3788,_
2026-08-01T01:25:25Z,-50.9998,118.3992,g
2026-08-01T15:34:46Z,57.5317,26.6112,h
2026-08-01T07:31:49Z,-45.2872,-146.9240,6
2026-08-01T22:58:15Z,37.5466,38.6626,r
2026-08-01T00:45:22Z,45.9816,-12.3557,z
2026-08-01T19:29:49Z,48.0863,-8.2149,o
2026-08-01T09:21:13Z,3.4862,179.7372,i
2026-08-01T10:52:21Z,-53.0020,-30.4902,m
2026-08-01T07:53:55Z,-49.8952,68.3894,w
2026-08-01T22:35:58Z,7.8952,89.1411,t
2026-08-01T02:56:01Z,-12.9440,-96.0883,_
2026-08-01T13:41:00Z,-8.2782,-150.6731,q
2026-08-01T02:16:08Z,27.0189,-36.4607,u
2026-08-01T02:04:02Z,40.5454,-113.3361,a
2026-08-01T20:07:08Z,47.0857,-128.7403,h
2026-08-01T09:36:17Z,-27.7567,74.3234,k
2026-08-01T04:29:21Z,10.7995,-151.7362,w
2026-08-01T17:37:58Z,4.0434,-39.6929,7
2026-08-01T11:34:34Z,28.1632,90.3459,u
2026-08-01T13:44:50Z,-51.8914,37.4816,j
2026-08-01T03:25:31Z,-4.0190,-154.6917,3
2026-08-01T16:14:08Z,36.8970,-12.9751,p
2026-08-01T08:29:44Z,56.4327,174.6515,n
2026-08-01T18:11:17Z,-36.7503,-22.8645,4
2026-08-01T09:33:24Z,-35.6790,57.8260,d
2026-08-01T10:45:46Z,-3.3881,53.8517,_
2026-08-01T23:48:14Z,-21.5652,-143.2163,r
2026-08-01T05:05:44Z,18.4063,166.4430,m
2026-08-01T13:50:59Z,-33.3410,-131.0732,p
2026-08-01T03:10:56Z,-37.9521,147.7483,0
2026-08-01T12:45:40Z,-15.7388,22.2563,h
2026-08-01T12:37:54Z,-44.4553,-0.8419,n
2026-08-01T20:07:54Z,-24.0686,130.8166,2
2026-08-01T06:10:01Z,-53.4640,46.1212,e
2026-08-01T17:56:05Z,47.1866,14.6506,v
2026-08-01T19:11:42Z,39.6617,-12.0022,h
2026-08-01T12:00:44Z,16.2180,-141.4899,v
2026-08-01T19:28:15Z,42.6500,-16.4738,x
2026-08-01T15:02:38Z,37.7860,151.6008,t
2026-08-01T00:32:39Z,46.5174,-90.6691,v
2026-08-01T06:44:23Z,34.3306,68.3683,z
2026-08-01T00:01:49Z,-40.0089,-162.4365,l
2026-08-01T00:49:18Z,36.4362,5.8741,b
2026-08-01T07:53:30Z,58.3559,71.1667,v
2026-08-01T16:10:59Z,48.1462,80.3546,b
2026-08-01T23:02:01Z,20.2425,47.0353,a
2026-08-01T05:33:28Z,33.4976,-172.0403,q
2026-08-01T12:00:58Z,15.3520,-137.0057,n
2026-08-01T01:18:08Z,58.1230,19.5954,9
2026-08-01T07:03:02Z,52.7503,-109.2651,u
2026-08-01T04:14:38Z,-6.9147,-7.4394,6
2026-08-01T16:41:50Z,24.2598,140.5575,_
2026-08-01T19:45:28Z,41.0017,73.9215,{
2026-08-01T11:25:29Z,21.7924,73.6403,8
2026-08-01T02:50:50Z,16.5814,134.2363,d
2026-08-01T08:34:28Z,56.4298,-147.2485,5
2026-08-01T07:37:07Z,-30.0204,12.2228,b
2026-08-01T21:21:18Z,12.6709,73.1616,j
2026-08-01T15:47:12Z,-46.9805,-116.1378,c
2026-08-01T03:02:37Z,-55.9264,96.1605,o
2026-08-01T15:45:31Z,-53.6679,-59.7811,z
2026-08-01T10:01:23Z,51.4766,128.3467,a
2026-08-01T11:37:30Z,-49.6086,-151.4067,1
2026-08-01T23:56:43Z,5.4120,-130.7818,0
2026-08-01T12:56:34Z,12.3446,40.7578,j
2026-08-01T04:19:54Z,-24.4812,0.5038,e
2026-08-01T10:05:56Z,-2.9838,-60.3207,x
2026-08-01T21:11:18Z,-21.0833,16.9740,0
2026-08-01T11:59:54Z,18.6587,-138.7369,8
2026-08-01T04:48:49Z,-29.1408,129.3523,6
2026-08-01T13:58:41Z,-10.6890,54.1846,q
2026-08-01T08:27:06Z,48.8385,159.8331,0
2026-08-01T07:17:07Z,10.7376,-137.2178,e
2026-08-01T17:20:00Z,4.7218,70.2782,o
2026-08-01T07:32:31Z,-22.1810,90.3912,p
2026-08-01T03:34:53Z,34.6301,-155.6027,7
2026-08-01T02:57:38Z,-11.5352,-5.1121,8
2026-08-01T08:34:17Z,56.1146,-159.9240,f
2026-08-01T14:35:52Z,27.0255,28.5426,3
2026-08-01T03:22:27Z,-9.4766,176.9809,g
2026-08-01T18:52:08Z,40.4310,159.1165,g
2026-08-01T20:28:07Z,-44.7826,-137.3251,g
2026-08-01T08:51:47Z,28.6076,175.1717,0
2026-08-01T21:25:30Z,-19.5961,130.7503,f
2026-08-01T11:08:00Z,-23.8943,37.5507,o
2026-08-01T20:23:09Z,-46.9233,148.7207,1
2026-08-01T15:07:24Z,-31.2518,161.3343,b
2026-08-01T14:00:52Z,-54.3261,-92.6552,k
2026-08-01T10:13:17Z,43.2775,-157.3386,y
2026-08-01T19:02:30Z,-57.5702,-96.2771,1
2026-08-01T17:48:55Z,34.1848,-4.9245,2
2026-08-01T16:24:09Z,54.3505,63.7807,b
2026-08-01T19:23:05Z,30.3849,-29.6629,u
2026-08-01T17:56:53Z,49.2585,24.5142,2
2026-08-01T14:56:48Z,45.2278,126.1657,k
2026-08-01T07:19:32Z,-50.9848,36.8382,3
2026-08-01T02:55:56Z,13.2167,89.5140,z
2026-08-01T08:00:38Z,-32.1159,75.7402,f
2026-08-01T02:50:21Z,56.2886,175.5603,x
2026-08-01T12:29:45Z,-50.6078,-49.7537,m
2026-08-01T10:06:11Z,60.2716,158.2620,u
2026-08-01T07:11:58Z,27.2152,-85.4710,t
2026-08-01T04:10:50Z,21.7119,-15.9863,z
2026-08-01T02:12:50Z,-13.6113,-42.2134,o
2026-08-01T20:22:37Z,13.9981,19.0443,w
2026-08-01T10:01:20Z,44.1314,134.6462,a
2026-08-01T11:10:31Z,-47.4694,-130.4779,5
2026-08-01T06:07:08Z,14.4605,-150.1490,p
2026-08-01T03:37:27Z,-36.2442,98.0983,7
2026-08-01T12:48:33Z,-14.3541,23.7062,o
2026-08-01T01:57:47Z,26.2561,-143.1483,l
2026-08-01T19:59:32Z,-8.9137,105.8284,d
2026-08-01T04:39:11Z,-28.7092,-1.0558,j
2026-08-01T05:35:59Z,31.8902,-58.7456,q
2026-08-01T10:37:55Z,-21.4272,-94.7811,4
2026-08-01T22:44:37Z,47.9763,-22.9143,6
2026-08-01T03:18:35Z,-21.4817,172.1663,9
2026-08-01T11:33:47Z,49.9024,101.9302,9
2026-08-01T18:35:50Z,52.4240,-14.0139,r
2026-08-01T02:57:29Z,-50.7159,73.2425,w
2026-08-01T21:39:57Z,45.9249,58.9550,a
2026-08-01T01:05:56Z,-18.1562,75.2282,y
2026-08-01T19:47:06Z,-2.2131,110.4887,2
2026-08-01T03:50:29Z,4.1629,-50.7512,w
2026-08-01T08:20:39Z,28.4862,139.7224,p
2026-08-01T22:05:17Z,-49.5963,-157.3617,q
2026-08-01T13:08:32Z,32.1620,3.8109,f
2026-08-01T14:35:23Z,27.0757,23.4472,o
2026-08-01T10:23:52Z,17.9861,-120.6087,z
2026-08-01T01:20:20Z,-49.3670,82.9234,q
2026-08-01T06:38:38Z,16.2312,148.5367,s
2026-08-01T13:31:32Z,29.7604,-166.8851,z
2026-08-01T04:35:05Z,-60.0960,71.4892,1
2026-08-01T15:32:10Z,-48.4254,-138.9336,0
2026-08-01T19:47:01Z,26.3625,79.3092,5
2026-08-01T12:45:25Z,-25.2006,18.8675,4
2026-08-01T07:52:14Z,-44.9715,60.5957,c
2026-08-01T00:59:36Z,45.5653,-75.0124,3
2026-08-01T15:36:40Z,-44.7109,-80.2255,6
2026-08-01T03:30:21Z,12.9574,-170.3622,5
2026-08-01T19:45:00Z,-24.3310,-146.1377,3
2026-08-01T05:45:57Z,2.7628,-29.2058,b
2026-08-01T01:47:53Z,8.5993,157.1674,_
2026-08-01T21:28:32Z,-5.1891,-39.2573,i
2026-08-01T12:59:41Z,17.6298,57.8311,i
2026-08-01T14:57:30Z,53.3836,69.9593,p
2026-08-01T01:21:12Z,-51.0613,95.9119,r
2026-08-01T06:09:45Z,-43.1391,174.7621,n
2026-08-01T09:10:26Z,-23.6382,108.5068,y
2026-08-01T20:07:33Z,-23.1497,131.2272,w
2026-08-01T04:35:41Z,-60.9326,68.4242,r
2026-08-01T01:02:43Z,-28.9235,116.1541,5
2026-08-01T06:06:31Z,-50.7900,25.4392,2
2026-08-01T18:33:35Z,31.6061,85.2240,6
2026-08-01T11:37:00Z,44.0199,119.1629,9
2026-08-01T23:27:59Z,-10.4611,-18.7118,3
2026-08-01T00:08:06Z,47.4159,-108.2984,1
2026-08-01T09:47:28Z,46.0618,-145.8638,8
2026-08-01T13:41:53Z,-6.5313,-144.1366,9
2026-08-01T15:23:38Z,-25.7631,-164.3607,t
2026-08-01T08:26:11Z,52.4383,-132.7099,u
2026-08-01T20:41:48Z,23.8595,29.4820,5
2026-08-01T04:52:49Z,-20.4992,138.0265,_
2026-08-01T18:03:32Z,52.1480,65.9545,7
2026-08-01T13:31:10Z,25.4773,176.6510,b
2026-08-01T18:53:05Z,-46.9070,-119.1767,q
2026-08-01T02:34:06Z,-58.2565,-132.6879,k
2026-08-01T07:03:37Z,-19.5248,-167.0070,j
2026-08-01T19:38:41Z,48.9296,46.6117,4
2026-08-01T11:08:15Z,52.1141,-146.9477,b
2026-08-01T17:52:03Z,42.0978,3.2412,0
2026-08-01T13:18:19Z,46.7397,134.3093,b
2026-08-01T06:47:53Z,40.9469,171.6495,r
2026-08-01T01:17:03Z,-39.2357,76.5668,f
2026-08-01T06:07:51Z,-26.9530,53.5857,f
2026-08-01T15:14:18Z,2.9821,-177.1604,e
2026-08-01T17:39:11Z,0.0650,-27.0008,i
2026-08-01T06:24:15Z,43.1232,58.1019,6
2026-08-01T18:37:15Z,-55.2862,-85.0547,8
2026-08-01T05:03:32Z,12.0017,160.1202,3
2026-08-01T20:40:04Z,-28.0146,-98.2792,h
2026-08-01T10:48:25Z,-0.5541,-46.4460,c
2026-08-01T01:24:41Z,-48.2870,111.4369,x
2026-08-01T08:36:55Z,57.6220,-138.6289,}
2026-08-01T21:50:04Z,57.7143,-44.9310,u
2026-08-01T21:12:31Z,51.5144,12.0308,i
2026-08-01T16:16:38Z,20.4089,-144.0335,i
2026-08-01T05:36:01Z,20.2984,176.6270,p
2026-08-01T12:56:49Z,-24.9963,166.5043,1
2026-08-01T15:08:26Z,21.6050,162.9842,q
2026-08-01T22:36:36Z,46.8760,-64.0850,j
2026-08-01T20:11:42Z,-34.6246,140.5524,l
2026-08-01T19:40:01Z,52.6921,58.3818,v
2026-08-01T03:27:46Z,-3.1317,-46.8555,o
2026-08-01T12:20:05Z,-39.4276,-96.5627,r
2026-08-01T18:59:35Z,-31.8183,-85.1826,2
2026-08-01T01:29:51Z,-50.2888,147.3982,2
2026-08-01T04:34:21Z,-31.1013,15.6211,6
2026-08-01T08:06:38Z,-24.9589,-67.7800,8
2026-08-01T07:17:05Z,2.6534,-22.6542,v
2026-08-01T05:47:07Z,1.7508,-31.8848,{
2026-08-01T14:48:01Z,-27.3036,-172.7910,n
2026-08-01T02:55:59Z,-45.5228,127.6077,p
2026-08-01T04:24:48Z,-35.1634,17.1747,v
2026-08-01T12:54:51Z,20.0549,-161.8833,l
2026-08-01T10:49:42Z,58.3019,2.9073,y
2026-08-01T23:36:00Z,-49.8737,167.6567,b
2026-08-01T17:58:42Z,29.7940,139.4862,s
2026-08-01T21:02:04Z,-4.7867,175.1578,s
2026-08-01T03:01:44Z,-29.5330,51.6351,3
2026-08-01T11:09:41Z,-32.6100,44.9479,b
2026-08-01T22:55:30Z,45.0408,25.8255,x
2026-08-01T16:16:29Z,-31.6249,-84.9863,5
2026-08-01T02:11:18Z,-55.6508,-149.9646,}
2026-08-01T16:08:22Z,20.9163,-4.0728,g
2026-08-01T01:34:16Z,-41.6284,162.8657,t
2026-08-01T03:36:04Z,23.5437,-20.6572,4
2026-08-01T01:19:44Z,-47.7488,81.7752,2
2026-08-01T10:07:21Z,-0.9806,83.1571,5
2026-08-01T12:15:16Z,33.5810,74.0456,w
2026-08-01T12:16:57Z,-28.6466,-106.1279,_
2026-08-01T02:00:01Z,26.3059,-137.3540,0
2026-08-01T15:42:38Z,-51.8288,-73.6465,k
2026-08-01T01:03:17Z,6.1120,-100.8907,i
2026-08-01T22:32:54Z,-4.4039,-70.9833,h
2026-08-01T10:22:53Z,20.8876,-110.9401,p
2026-08-01T12:03:40Z,-56.4716,-111.5020,0
2026-08-01T06:35:02Z,39.0077,-50.5908,m
2026-08-01T11:15:34Z,-13.6628,56.3742,o
2026-08-01T08:36:44Z,47.9151,-141.1951,s
2026-08-01T09:21:22Z,-53.9991,8.5070,1
2026-08-01T15:00:36Z,38.2853,-39.4789,a
2026-08-01T00:39:17Z,7.8355,-74.7824,d
2026-08-01T23:20:17Z,-36.7148,86.6657,0
2026-08-01T07:05:11Z,51.2746,-3.1098,h
2026-08-01T21:18:19Z,47.2426,38.3459,r
2026-08-01T07:40:23Z,-49.7645,-0.0956,f
2026-08-01T15:24:46Z,38.5979,86.7612,5
2026-08-01T17:28:08Z,-23.2104,-111.6811,1
2026-08-01T09:31:34Z,-38.1530,55.2994,x
2026-08-01T18:29:52Z,-42.4581,68.8721,m
2026-08-01T12:21:22Z,14.6257,-93.2935,4
2026-08-01T09:46:08Z,-29.8292,49.7235,h
2026-08-01T06:53:05Z,47.9389,-170.7246,t
2026-08-01T04:40:13Z,22.9579,-104.2387,p
2026-08-01T20:39:44Z,37.2526,174.4892,w
2026-08-01T10:10:22Z,49.2513,-174.1285,s
2026-08-01T00:11:01Z,-14.6608,-146.5318,6
2026-08-01T19:52:47Z,-5.6199,19.3117,j
2026-08-01T10:56:56Z,1.0010,156.8673,b
2026-08-01T19:49:57Z,-20.4412,-133.3641,g
2026-08-01T04:23:49Z,-39.8585,13.6990,2
2026-08-01T03:15:56Z,-12.4746,-146.8883,p
2026-08-01T23:15:07Z,-47.6683,87.7303,m
2026-08-01T07:21:18Z,-11.6698,110.4878,f
2026-08-01T19:59:53Z,3.3837,-158.4854,1
2026-08-01T12:23:09Z,-33.2743,81.5703,u
2026-08-01T17:22:54Z,-24.0869,-95.8206,z
2026-08-01T12:46:00Z,40.0390,-171.5525,h
2026-08-01T13:45:50Z,-24.5617,-140.9615,p
2026-08-01T01:58:39Z,23.1822,-128.5504,s
2026-08-01T18:47:46Z,-53.9062,-153.4059,i
2026-08-01T18:29:35Z,47.8476,-174.4131,h
2026-08-01T00:32:06Z,37.0535,38.5376,i
2026-08-01T10:30:50Z,33.7621,-17.1289,1
2026-08-01T03:53:09Z,50.3245,-70.4819,s
2026-08-01T02:31:48Z,18.8101,-6.1968,u
2026-08-01T22:29:58Z,0.0710,43.7814,8
2026-08-01T12:01:47Z,9.3640,-140.8566,g
2026-08-01T11:45:45Z,37.3953,39.3995,k
2026-08-01T10:02:37Z,-59.0222,176.6530,1
2026-08-01T01:54:54Z,18.2912,-138.3796,r
2026-08-01T03:17:50Z,22.5706,174.2812,{
2026-08-01T00:16:13Z,-51.7254,143.6429,j
2026-08-01T07:42:12Z,-55.5725,36.3683,e
2026-08-01T18:53:57Z,-42.9298,52.1239,7
2026-08-01T13:38:57Z,-20.3193,-29.3545,_
2026-08-01T13:29:33Z,31.7448,-177.7977,}
2026-08-01T12:26:25Z,-52.2094,-63.7862,2
2026-08-01T21:40:53Z,51.5532,-122.6588,x
2026-08-01T21:39:42Z,-15.2084,97.0918,f
2026-08-01T20:31:09Z,-29.3343,-138.5579,2
2026-08-01T10:22:47Z,-50.1097,44.1418,9
2026-08-01T00:09:49Z,-47.3637,-148.8025,q
2026-08-01T08:27:37Z,56.3696,159.3620,e
2026-08-01T05:42:15Z,-31.6793,-57.7728,n
2026-08-01T13:33:33Z,28.5843,-166.1073,h
2026-08-01T04:08:15Z,53.3417,84.8662,s
2026-08-01T09:00:36Z,-37.1322,154.4433,6
2026-08-01T09:48:02Z,17.5862,92.0664,f
2026-08-01T07:38:10Z,13.8366,142.0651,m
2026-08-01T21:26:28Z,40.1889,-131.0698,6
2026-08-01T17:16:54Z,-54.8962,-92.0835,4
2026-08-01T00:41:33Z,39.4898,-120.4093,v
2026-08-01T11:43:22Z,-8.6960,1.3642,k
2026-08-01T22:12:51Z,-29.0157,-130.5878,a
2026-08-01T16:58:15Z,-22.0413,170.7621,q
2026-08-01T04:10:30Z,7.2015,67.2618,y
2026-08-01T23:12:20Z,-15.8950,60.6037,p
2026-08-01T05:26:43Z,27.9011,-62.6493,n
2026-08-01T16:08:44Z,-2.4760,54.8545,4
2026-08-01T06:54:24Z,13.7072,32.7263,u
2026-08-01T06:30:54Z,7.8553,-8.6632,d
2026-08-01T16:33:11Z,41.8135,113.4420,3
2026-08-01T17:05:38Z,-55.9902,-80.4497,g
2026-08-01T01:18:01Z,-11.2324,54.6951,o
2026-08-01T20:32:27Z,-46.5403,-122.6720,7
2026-08-01T18:40:58Z,19.6468,-112.1987,y
2026-08-01T04:35:57Z,-6.2887,-37.1390,z
2026-08-01T07:08:59Z,39.8928,-87.3023,x
2026-08-01T14:00:56Z,-49.2444,-97.7857,4
2026-08-01T16:19:18Z,48.2795,31.9427,q
2026-08-01T12:15:59Z,-32.8932,-107.9172,}
2026-08-01T03:38:14Z,-6.4699,136.9936,w
2026-08-01T20:33:01Z,-41.4778,-115.2369,y
2026-08-01T11:17:43Z,-6.4394,65.4097,l
2026-08-01T04:15:13Z,-6.9811,-5.7328,p
2026-08-01T12:22:05Z,-33.1930,-97.3316,g
2026-08-01T03:37:25Z,42.0413,-148.6946,c
2026-08-01T11:49:06Z,54.5899,25.2377,n
2026-08-01T02:36:56Z,-24.6600,-50.6906,u
2026-08-01T11:01:45Z,-4.7132,-19.4586,o
2026-08-01T13:46:58Z,32.6890,-101.9550,2
2026-08-01T21:09:39Z,59.2953,-3.0120,v
2026-08-01T20:58:05Z,35.6258,-53.8577,c
2026-08-01T21:48:54Z,-36.9165,-96.1594,2
2026-08-01T07:06:35Z,45.5902,-98.3379,6
2026-08-01T21:44:15Z,-55.5464,-89.0579,t
2026-08-01T01:19:12Z,25.5366,65.6661,n
2026-08-01T06:01:01Z,-39.1592,0.3012,e
2026-08-01T11:23:56Z,-48.1619,152.4602,_
2026-08-01T14:07:34Z,-52.6880,-48.5255,s
2026-08-01T19:19:21Z,30.7842,-42.9243,l
2026-08-01T00:42:19Z,43.7294,-177.0335,m
2026-08-01T18:20:20Z,19.2420,118.9698,k
2026-08-01T22:41:59Z,58.1980,-36.5291,b
2026-08-01T00:19:58Z,5.7847,-124.3635,t
2026-08-01T11:38:34Z,-4.2083,13.6751,w
2026-08-01T15:42:09Z,-52.5571,-75.5380,0
2026-08-01T16:31:05Z,31.8906,-136.1213,g
2026-08-01T20:27:20Z,-51.5181,-133.4543,v
2026-08-01T18:28:07Z,-12.1762,141.5843,g
2026-08-01T17:49:20Z,44.0572,-141.7601,a
2026-08-01T16:20:26Z,51.7104,42.2518,6
2026-08-01T16:09:04Z,-0.3411,-88.3077,6
2026-08-01T11:36:35Z,47.8966,106.6748,2
2026-08-01T17:54:54Z,48.3442,17.6536,4
2026-08-01T07:14:51Z,33.3475,90.6195,v
2026-08-01T07:05:31Z,-58.6819,145.5835,h
2026-08-01T03:05:25Z,-44.2974,119.7433,6
2026-08-01T06:08:31Z,-50.5878,41.2961,q
2026-08-01T15:55:55Z,-38.5507,-163.5506,i
2026-08-01T05:30:40Z,35.7953,11.6484,s
2026-08-01T07:35:48Z,-42.5126,-15.3999,7
2026-08-01T07:44:08Z,22.6396,151.5595,q
2026-08-01T14:12:24Z,16.7078,39.7894,n
2026-08-01T10:14:34Z,-34.9067,111.3140,g
2026-08-01T16:59:22Z,-25.9917,170.4653,u
2026-08-01T03:14:49Z,-26.8927,157.4863,_
2026-08-01T17:32:46Z,-14.0967,-49.2220,q
2026-08-01T04:37:56Z,-47.4784,-106.7503,e
2026-08-01T16:15:41Z,37.2758,22.7177,6
2026-08-01T13:38:38Z,6.8876,-155.7561,m
2026-08-01T18:14:47Z,17.8998,-112.4327,n
2026-08-01T05:00:58Z,51.4580,34.4644,b
2026-08-01T06:15:11Z,-18.3611,-75.9211,w
2026-08-01T23:10:10Z,-4.0344,61.3297,q
2026-08-01T20:23:04Z,13.7288,6.5673,g
2026-08-01T15:52:45Z,41.1163,92.9076,q
2026-08-01T21:38:04Z,-12.8288,88.7983,s
2026-08-01T13:51:13Z,-25.1092,-134.6132,w
2026-08-01T16:45:21Z,4.2669,147.9297,m
2026-08-01T09:00:30Z,-14.4669,-71.4255,0
2026-08-01T14:27:39Z,-1.2689,15.5747,9
2026-08-01T15:01:04Z,37.9114,145.6014,c
2026-08-01T11:25:06Z,23.4246,73.8117,7
2026-08-01T19:50:47Z,20.4220,97.0427,t
2026-08-01T03:46:13Z,51.0626,-109.4279,n
2026-08-01T09:48:40Z,15.7185,96.7765,p
2026-08-01T03:34:22Z,23.2403,94.2478,s
2026-08-01T09:05:00Z,-34.0740,1.3840,3
2026-08-01T12:04:29Z,-48.6725,-61.8537,7
2026-08-01T06:06:01Z,-22.6425,-27.6352,c
2026-08-01T05:53:19Z,30.2167,-80.4149,v
2026-08-01T00:43:19Z,-19.3288,21.2764,o
2026-08-01T19:11:40Z,-1.4571,-58.4973,9
2026-08-01T21:51:38Z,-54.9041,134.5945,1
2026-08-01T11:34:15Z,43.8818,98.3729,i
2026-08-01T12:24:16Z,59.6973,-88.6193,2
2026-08-01T21:57:08Z,-47.6811,170.4063,3
2026-08-01T14:25:38Z,-3.8924,11.1753,k
2026-08-01T22:29:54Z,-28.1307,-65.6634,_
2026-08-01T01:00:40Z,45.1809,-79.1292,u
2026-08-01T01:53:13Z,47.5236,-63.1788,0
2026-08-01T10:26:21Z,-40.5727,39.5335,{
2026-08-01T09:00:15Z,-11.2610,-69.3342,m
2026-08-01T16:53:05Z,-12.3280,164.6529,6
2026-08-01T05:40:17Z,19.1149,-43.2993,i
2026-08-01T00:56:05Z,13.0394,82.6880,w
2026-08-01T16:46:10Z,25.3662,162.1401,}
2026-08-01T05:21:24Z,54.8731,-132.0777,m
2026-08-01T07:59:23Z,27.2634,-145.0751,d
2026-08-01T16:42:32Z,12.7660,-43.0983,w
2026-08-01T07:14:04Z,-8.6293,53.9521,s
2026-08-01T07:04:19Z,34.0360,143.9588,g
2026-08-01T10:57:09Z,-47.0376,-11.3089,y
2026-08-01T02:07:15Z,-26.3808,139.6348,0
2026-08-01T07:14:57Z,22.0156,-80.2281,8
2026-08-01T16:20:26Z,-57.3587,47.1415,i
2026-08-01T22:20:43Z,31.3399,-82.2520,k
2026-08-01T14:21:27Z,-22.6318,-6.7343,i
2026-08-01T09:40:32Z,-4.7129,80.3259,g
2026-08-01T05:38:13Z,27.7007,-50.3824,6
2026-08-01T14:16:26Z,-35.2598,-14.6525,v
2026-08-01T18:40:24Z,-49.2154,-179.9830,i
2026-08-01T07:18:45Z,7.7824,-68.0301,3
2026-08-01T17:42:21Z,-39.1060,-94.1208,0
2026-08-01T10:47:39Z,-44.6431,-64.6430,6
2026-08-01T20:42:30Z,-12.0070,-93.1621,1
2026-08-01T15:14:56Z,-3.2943,-178.2198,}
2026-08-01T10:31:03Z,-0.1414,-108.6627,}
2026-08-01T23:27:45Z,-56.3982,156.3561,x
2026-08-01T05:44:57Z,12.4431,-36.8088,n
2026-08-01T14:10:17Z,-34.7989,131.5530,r
2026-08-01T18:33:02Z,31.6101,-18.4257,}
2026-08-01T07:02:49Z,43.8653,-118.4321,t
2026-08-01T10:13:21Z,-25.7801,152.5141,j
2026-08-01T07:38:51Z,-23.4112,-131.2240,o
2026-08-01T18:31:39Z,-20.2517,-103.3891,h
2026-08-01T08:42:01Z,38.6771,-115.1817,z
2026-08-01T09:06:51Z,-26.8247,-61.6400,v
2026-08-01T23:27:05Z,-52.3841,108.7495,h
2026-08-01T04:09:59Z,7.9757,-15.3918,e
2026-08-01T11:23:17Z,30.3989,29.2116,8
2026-08-01T22:14:43Z,-38.5951,-2.7123,l
2026-08-01T07:01:09Z,46.4977,-118.3873,9
2026-08-01T17:45:21Z,53.9831,-84.4011,g
2026-08-01T04:05:34Z,18.5988,-18.3186,b
2026-08-01T03:39:53Z,49.6065,75.1788,n
2026-08-01T02:39:44Z,-14.1583,-153.1290,_
2026-08-01T11:41:07Z,51.8985,134.8264,n
2026-08-01T13:02:50Z,-33.1168,27.2185,d
2026-08-01T21:51:46Z,-40.3081,138.2954,i
2026-08-01T15:41:45Z,-56.1532,-79.9877,q
2026-08-01T06:22:14Z,-31.3766,105.6985,1
2026-08-01T07:05:01Z,-58.7389,20.1644,x
2026-08-01T18:05:25Z,-26.5571,-154.3370,0
2026-08-01T04:47:03Z,-1.5273,-101.8930,e
2026-08-01T02:23:26Z,41.0017,-22.2344,h
2026-08-01T08:33:58Z,51.8654,-132.6629,w
2026-08-01T02:22:02Z,38.6426,-33.9272,m
2026-08-01T21:04:07Z,46.2340,-32.4718,9
2026-08-01T00:03:52Z,-35.5257,-160.1579,u
2026-08-01T10:03:48Z,6.7985,132.8863,j
2026-08-01T18:07:00Z,49.4222,80.1830,8
2026-08-01T08:57:04Z,-53.3353,-73.2523,u
2026-08-01T20:42:25Z,-38.1733,162.3941,0
2026-08-01T19:38:30Z,-37.5097,114.3510,x
2026-08-01T15:38:15Z,55.1815,92.4000,k
2026-08-01T12:11:28Z,2.4750,-168.2309,2
2026-08-01T06:37:46Z,17.8488,139.7921,k
2026-08-01T09:41:57Z,-1.2711,87.1834,n
2026-08-01T16:39:28Z,25.3433,133.8311,h
2026-08-01T20:47:31Z,-52.2499,102.5996,4
2026-08-01T14:47:50Z,1.1274,-130.6549,i
2026-08-01T16:13:56Z,24.8291,15.3573,s
2026-08-01T06:34:36Z,3.1511,134.0009,4
2026-08-01T07:23:32Z,-5.7015,-61.8924,{
2026-08-01T14:11:44Z,-47.9548,-24.8560,s
2026-08-01T07:07:34Z,40.1868,-86.6858,5
2026-08-01T16:33:09Z,58.2563,-63.9113,b
2026-08-01T12:21:15Z,-56.9996,179.6762,i
2026-08-01T04:08:57Z,34.3273,17.9584,s
2026-08-01T01:32:56Z,-41.8277,155.0441,a
2026-08-01T11:22:33Z,25.5840,71.3358,2
2026-08-01T13:07:29Z,0.9329,-26.2039,{
2026-08-01T16:36:54Z,8.8109,-108.1329,2
2026-08-01T15:29:35Z,-44.8464,-144.9929,e
2026-08-01T15:51:56Z,-28.5958,-39.1570,b
2026-08-01T23:08:27Z,-3.9868,-31.4546,3
2026-08-01T12:55:09Z,14.5161,115.0305,3
2026-08-01T09:56:54Z,36.1742,115.6764,u
2026-08-01T16:14:15Z,31.2328,10.4154,i
2026-08-01T18:45:42Z,-46.9287,-157.8031,x
2026-08-01T04:37:40Z,-57.8962,79.9286,v
2026-08-01T04:52:08Z,-18.0925,145.1994,7
2026-08-01T20:07:51Z,-25.6731,125.3818,_
2026-08-01T07:52:32Z,-48.5773,62.6444,l
2026-08-01T05:46:31Z,-7.1004,-133.0957,j
2026-08-01T13:23:44Z,29.0498,-139.5747,y
2026-08-01T22:10:36Z,-34.9795,-130.7065,_
2026-08-01T20:14:18Z,-56.6496,-41.9828,l
2026-08-01T15:39:21Z,-54.3367,-90.7757,q
2026-08-01T15:44:07Z,2.9177,-74.7011,k
2026-08-01T21:23:45Z,30.0379,32.5826,{
2026-08-01T06:07:26Z,-55.3719,21.5570,_
2026-08-01T07:52:37Z,-41.1422,57.1647,k
2026-08-01T22:51:48Z,51.6485,14.7203,3
2026-08-01T15:14:04Z,-39.5868,-59.9270,i
2026-08-01T18:06:31Z,50.1113,80.3123,y
2026-08-01T20:07:41Z,-26.9190,125.9641,o
2026-08-01T22:33:50Z,1.8364,-124.1372,c
2026-08-01T09:40:52Z,58.9474,95.8199,3
2026-08-01T12:58:28Z,55.8092,-76.4226,k
2026-08-01T08:49:14Z,23.4508,-98.6205,_
2026-08-01T20:28:07Z,31.8010,-161.2260,b
2026-08-01T16:27:49Z,54.1226,82.8784,{
2026-08-01T12:14:39Z,-27.6820,-110.4139,e
2026-08-01T13:34:06Z,32.0870,-153.0946,e
2026-08-01T06:15:56Z,-45.7850,79.4263,{
2026-08-01T09:42:13Z,-3.5381,80.4580,0
2026-08-01T23:02:55Z,22.9676,45.6471,l
2026-08-01T01:24:46Z,-49.5148,113.0116,}
2026-08-01T22:19:46Z,-7.8030,-113.3998,q
2026-08-01T08:16:09Z,18.2269,121.6623,x
2026-08-01T08:11:04Z,-31.2585,165.8008,w
2026-08-01T07:32:59Z,-8.8670,93.6542,8
2026-08-01T00:43:37Z,52.1068,-22.3477,0
2026-08-01T12:44:51Z,-27.7966,19.9943,c
2026-08-01T01:14:21Z,-27.6190,69.1222,e
2026-08-01T21:27:35Z,52.6018,-128.7479,w
2026-08-01T06:02:53Z,-55.0327,94.0766,t
2026-08-01T07:47:15Z,-57.2023,-30.8402,z
2026-08-01T01:08:41Z,-19.2152,48.5305,_
2026-08-01T14:04:07Z,-21.7478,32.1827,7
2026-08-01T08:59:11Z,26.2738,141.5966,n
2026-08-01T06:39:49Z,13.4904,150.0983,0
2026-08-01T17:15:53Z,-50.0709,-104.8718,5
2026-08-01T03:56:47Z,41.2429,-52.5613,l
2026-08-01T00:29:16Z,32.1338,-99.3848,4
2026-08-01T13:26:06Z,42.5210,169.1814,3
2026-08-01T11:26:20Z,24.4767,75.8302,p
2026-08-01T22:53:44Z,44.8291,15.1041,1
2026-08-01T05:41:13Z,23.6408,-22.1788,9
2026-08-01T01:02:07Z,1.4236,39.2934,q
2026-08-01T00:53:27Z,-47.9654,59.0274,0
2026-08-01T19:44:39Z,-24.9145,-177.9853,g
2026-08-01T11:18:20Z,3.9090,64.5169,9
2026-08-01T20:30:28Z,-39.6950,-158.6479,p
2026-08-01T23:51:48Z,-23.4779,-21.8272,p
2026-08-01T09:11:27Z,-43.8292,-47.1965,c
2026-08-01T14:50:46Z,-1.1772,169.1813,8
2026-08-01T19:18:32Z,20.9330,-42.1103,v
2026-08-01T07:19:28Z,5.2392,-55.2677,1
2026-08-01T19:12:48Z,-41.8798,-51.2383,z
2026-08-01T22:15:54Z,-50.2766,11.9633,f
2026-08-01T17:00:42Z,-32.7253,-170.9615,q
2026-08-01T09:05:20Z,14.5334,173.9038,o
2026-08-01T05:23:38Z,53.6213,-113.7503,y
2026-08-01T10:30:33Z,8.0460,-110.7844,8
2026-08-01T23:24:07Z,55.3870,148.5748,o
2026-08-01T02:20:09Z,47.1006,-42.3014,3
2026-08-01T23:43:45Z,-34.3172,-160.8011,t
2026-08-01T10:46:06Z,-42.2589,-71.0627,p
2026-08-01T21:54:20Z,31.4699,12.7224,6
2026-08-01T22:19:29Z,1.9092,-114.8407,9
2026-08-01T21:06:31Z,-16.1051,165.0331,n
2026-08-01T12:12:12Z,-19.6917,-114.0082,8
2026-08-01T06:43:33Z,27.1941,156.2474,{
2026-08-01T00:42:34Z,-36.2483,82.5807,4
2026-08-01T14:51:59Z,58.4042,103.1151,v
2026-08-01T00:49:46Z,44.0498,3.5045,1
2026-08-01T12:06:51Z,38.1441,107.4682,c
2026-08-01T00:51:37Z,13.6007,154.3133,a
2026-08-01T16:24:02Z,8.0241,85.6343,{
2026-08-01T07:11:13Z,35.5608,-81.3611,p
2026-08-01T20:18:24Z,41.1100,32.4377,_
2026-08-01T20:09:48Z,-34.1529,131.4489,b
2026-08-01T12:48:12Z,-16.1485,28.4834,e
2026-08-01T02:40:39Z,-6.0024,17.4782,g
2026-08-01T04:29:35Z,32.2441,-45.6716,y
2026-08-01T08:50:27Z,-24.5013,70.5269,v
2026-08-01T08:23:09Z,39.5935,147.4607,w
2026-08-01T06:25:19Z,-26.5220,113.7630,b
2026-08-01T12:48:12Z,30.9936,-67.7184,p
2026-08-01T09:16:10Z,-4.6450,-166.5466,x
2026-08-01T17:35:45Z,-34.5011,122.1637,r
2026-08-01T14:31:58Z,11.3175,21.6743,s
2026-08-01T19:03:55Z,-51.2274,-29.7576,t
2026-08-01T05:31:52Z,11.7337,139.8383,x
2026-08-01T05:18:01Z,52.6273,-153.9373,m
2026-08-01T18:46:07Z,-49.7588,-157.2047,i
2026-08-01T22:07:19Z,-47.2492,-143.6145,z
2026-08-01T09:21:46Z,-52.9474,12.3927,a
2026-08-01T03:38:09Z,37.6643,172.0298,4
2026-08-01T15:46:27Z,-56.9626,-142.1070,b
2026-08-01T14:13:02Z,-46.9783,22.2526,w
2026-08-01T01:30:18Z,-56.0941,142.4834,9
2026-08-01T11:56:54Z,26.5510,-158.0473,r
2026-08-01T15:52:33Z,-8.8953,-81.3009,3
2026-08-01T04:13:16Z,1.0683,-5.0370,5
2026-08-01T14:31:31Z,-34.2229,147.4121,7
2026-08-01T07:15:56Z,-9.1824,-76.9835,j
2026-08-01T21:26:25Z,32.7427,-2.0829,6
2026-08-01T19:45:43Z,37.7674,71.8710,i
2026-08-01T10:50:56Z,-43.5195,-40.6264,{
2026-08-01T00:28:44Z,41.9390,-95.8035,y
2026-08-01T17:17:45Z,16.7517,110.8898,1
2026-08-01T22:24:08Z,39.7988,-143.3188,p
2026-08-01T00:41:43Z,-29.0708,-159.8161,5
2026-08-01T00:56:03Z,7.9485,-65.2548,d
2026-08-01T06:20:19Z,-48.2639,97.8211,j
2026-08-01T09:39:12Z,-10.7704,75.2254,}
2026-08-01T00:59:04Z,-30.5132,4.2242,x
2026-08-01T20:09:36Z,-30.5477,130.4259,r
2026-08-01T23:22:03Z,-41.5966,91.8248,3
2026-08-01T10:19:34Z,-33.7698,-165.9148,d
2026-08-01T06:13:55Z,-24.4617,-47.0793,}
2026-08-01T21:35:47Z,37.4727,-144.3296,p
2026-08-01T10:48:48Z,14.3327,145.1631,e
2026-08-01T13:17:51Z,50.2490,130.8146,1
2026-08-01T20:44:17Z,3.7287,-122.6209,2
2026-08-01T16:59:08Z,-26.2928,-178.1400,y
2026-08-01T08:12:00Z,37.6352,-134.9916,d
2026-08-01T17:09:32Z,-52.4852,-143.4368,3
2026-08-01T14:50:23Z,48.3371,96.1248,l
2026-08-01T17:52:40Z,43.4517,5.6998,u
2026-08-01T12:47:22Z,-18.8148,22.9138,c
2026-08-01T07:26:08Z,-9.8434,-46.6496,g
2026-08-01T18:26:32Z,-8.8543,137.4626,9
2026-08-01T16:13:04Z,35.0737,8.7146,7
2026-08-01T02:27:01Z,-26.7178,-11.7997,p
2026-08-01T17:55:46Z,45.6736,-33.8008,0
2026-08-01T11:04:21Z,49.2520,11.5313,l
2026-08-01T03:44:54Z,54.8847,-119.6594,b
2026-08-01T11:31:06Z,39.8943,98.9700,k
2026-08-01T07:27:53Z,-18.3996,-45.2146,m
2026-08-01T18:55:50Z,-38.1583,-99.4852,_
2026-08-01T04:12:01Z,-49.5141,30.4031,j
2026-08-01T23:55:50Z,35.1704,116.0481,t
2026-08-01T22:52:33Z,42.2952,13.1511,0
2026-08-01T08:17:20Z,53.7576,85.3036,5
2026-08-01T00:04:12Z,0.6142,112.3579,r
2026-08-01T17:18:42Z,50.8290,21.3366,u
2026-08-01T23:47:55Z,-23.7752,-146.6355,0
2026-08-01T06:54:57Z,44.8821,-163.0280,5
2026-08-01T08:57:50Z,15.3812,133.2089,4
2026-08-01T18:46:49Z,-50.6959,-150.9876,a
2026-08-01T12:44:34Z,18.7420,68.3140,{
2026-08-01T21:46:08Z,-35.4354,114.9026,m
2026-08-01T17:49:42Z,37.3732,-0.9292,4
2026-08-01T05:10:47Z,40.6195,68.7193,w
2026-08-01T01:38:44Z,-29.6129,-177.4727,y
2026-08-01T16:39:11Z,-21.4136,-67.1690,j
2026-08-01T17:46:14Z,20.2586,-18.7618,3
2026-08-01T05:55:21Z,-32.6000,-16.0866,2
2026-08-01T19:26:03Z,-59.4858,174.7870,3
2026-08-01T10:41:33Z,-25.3334,-86.6690,b
2026-08-01T04:45:20Z,-43.2261,118.2357,f
2026-08-01T14:50:29Z,51.3066,83.4360,9
2026-08-01T05:38:46Z,24.8980,-54.9803,u
2026-08-01T19:29:51Z,48.2377,-7.1405,4
2026-08-01T02:36:53Z,2.4406,12.9996,h
2026-08-01T18:14:01Z,34.6852,16.6410,e
2026-08-01T14:41:28Z,41.5085,51.2893,5
2026-08-01T19:23:50Z,34.9147,-29.7902,z
2026-08-01T03:54:56Z,43.8628,-63.1343,q
2026-08-01T22:04:08Z,-45.1035,-159.1201,r
2026-08-01T10:39:38Z,-30.0650,-86.9082,{
2026-08-01T21:33:43Z,0.4594,82.3659,g
2026-08-01T11:29:06Z,30.3864,87.1371,w
2026-08-01T06:07:28Z,-52.5918,30.4905,5
2026-08-01T18:12:51Z,35.2496,102.2374,w
2026-08-01T00:16:32Z,-2.9356,-132.7528,o
2026-08-01T10:35:58Z,-17.5499,-101.3625,q
2026-08-01T20:40:36Z,40.6296,149.6427,f
2026-08-01T16:40:44Z,-34.5538,-44.0819,q
2026-08-01T12:07:08Z,-0.7615,-121.5079,i
2026-08-01T09:08:47Z,-35.0203,-50.6950,{
2026-08-01T01:52:10Z,9.0709,-150.6397,m
2026-08-01T03:52:50Z,40.6565,130.5614,s
2026-08-01T16:44:43Z,-10.4310,1.0867,p
2026-08-01T18:12:45Z,38.0031,100.4146,e
2026-08-01T02:51:03Z,-44.2358,40.5678,x
2026-08-01T01:37:26Z,-52.1757,-69.3768,6
2026-08-01T20:46:45Z,-3.1312,117.3670,}
2026-08-01T00:45:34Z,22.5738,-178.5919,a
2026-08-01T22:57:37Z,30.6363,40.4681,}
2026-08-01T13:25:33Z,-16.7521,177.2064,l
2026-08-01T10:33:24Z,-4.3331,-104.8350,s
2026-08-01T12:26:47Z,38.7930,125.2795,i
2026-08-01T22:36:46Z,28.8721,-33.8902,o
2026-08-01T00:39:04Z,56.5355,-48.4246,{
2026-08-01T15:03:43Z,32.0351,154.1461,z
2026-08-01T15:23:55Z,-33.9557,-164.4025,j
2026-08-01T08:37:17Z,33.2610,89.3576,p
2026-08-01T03:04:12Z,52.6758,108.4392,h
2026-08-01T06:01:29Z,-33.9146,1.2973,f
2026-08-01T05:23:36Z,49.0221,-118.6471,2
2026-08-01T11:46:00Z,50.2959,171.5137,z
2026-08-01T08:19:35Z,-48.7519,2.7216,c
2026-08-01T10:43:31Z,-39.8142,-76.6017,{
2026-08-01T18:54:41Z,26.8498,-170.0667,i
2026-08-01T10:11:31Z,46.6249,-104.2491,w
2026-08-01T00:18:05Z,7.4298,-123.6241,v
2026-08-01T13:04:45Z,3.5859,-73.2566,}
2026-08-01T14:20:36Z,-24.6702,-3.0802,d
2026-08-01T11:20:05Z,-0.3796,70.4929,3
2026-08-01T22:02:30Z,-53.0274,-165.4030,a
2026-08-01T10:39:19Z,-7.2815,35.2842,j
2026-08-01T13:53:56Z,-42.4036,-118.9485,s
2026-08-01T07:27:20Z,27.0915,10.3668,r
2026-08-01T04:26:17Z,-45.8328,24.7159,1
2026-08-01T18:00:11Z,-26.3024,-56.7453,s
2026-08-01T20:35:23Z,-32.4227,-106.5869,c
2026-08-01T06:14:28Z,32.9546,-23.2221,u
2026-08-01T12:27:55Z,-58.0654,21.4322,m
2026-08-01T22:24:39Z,-6.3976,119.9784,n
2026-08-01T08:56:13Z,-1.3731,-81.8738,g
2026-08-01T01:33:01Z,-59.7672,35.2263,i
2026-08-01T15:21:41Z,45.7495,109.4721,e
2026-08-01T06:54:01Z,53.2080,-162.7482,z
2026-08-01T07:55:50Z,7.7814,22.7893,c
2026-08-01T21:45:37Z,-31.9638,108.9548,r
2026-08-01T06:32:36Z,18.2722,-168.0841,9
2026-08-01T15:14:34Z,4.3030,-177.0562,1
2026-08-01T07:15:30Z,24.7502,-74.2235,8
2026-08-01T00:46:32Z,-1.0672,173.6410,j
2026-08-01T12:32:06Z,37.1233,-52.6471,3
2026-08-01T11:28:24Z,25.6187,89.0038,c
2026-08-01T20:25:15Z,-60.1686,-149.4664,6
2026-08-01T22:20:38Z,-45.0887,153.7606,b
2026-08-01T03:14:05Z,16.1357,46.1065,{
2026-08-01T03:36:01Z,24.8322,-156.6603,v
2026-08-01T02:53:31Z,-10.2112,-23.2896,9
2026-08-01T07:16:26Z,16.2835,-70.9977,t
2026-08-01T15:34:51Z,-52.6080,-119.5710,_
2026-08-01T08:49:25Z,-37.7057,-56.5168,m
2026-08-01T21:40:11Z,-23.7670,104.9157,3
2026-08-01T21:24:44Z,30.5365,61.2583,5
2026-08-01T00:33:31Z,46.4987,-79.8097,c
2026-08-01T21:09:10Z,55.5814,0.7244,p
2026-08-01T15:47:05Z,-21.3789,-175.8055,5
2026-08-01T00:28:57Z,27.5897,23.7419,7
2026-08-01T10:33:26Z,58.8487,-39.3477,u
2026-08-01T14:13:50Z,-33.1441,-92.6193,o
2026-08-01T02:05:55Z,50.5007,-110.8223,s
2026-08-01T14:57:55Z,46.4420,128.6747,r
2026-08-01T09:31:45Z,-45.8027,69.9818,u
2026-08-01T06:44:36Z,34.1306,155.4449,h
2026-08-01T05:35:30Z,55.3330,158.2463,g
2026-08-01T15:15:04Z,-3.4514,-177.3516,u
2026-08-01T09:15:16Z,4.7149,86.4492,o
2026-08-01T20:24:51Z,-49.1190,-158.1238,l
2026-08-01T13:52:15Z,-48.1230,117.9342,h
2026-08-01T23:12:36Z,-17.0916,69.6759,2
2026-08-01T13:30:09Z,-4.2408,-126.8399,5
2026-08-01T04:36:42Z,-55.8879,78.6757,a
2026-08-01T23:37:23Z,-56.1581,173.9626,b
2026-08-01T23:30:42Z,-51.5159,132.4043,_
2026-08-01T02:26:25Z,-12.1011,106.3973,}
2026-08-01T12:50:20Z,-2.1277,34.5044,7
2026-08-01T05:28:48Z,46.3675,-90.9798,6
2026-08-01T13:29:51Z,30.6978,-178.4206,k
2026-08-01T10:43:38Z,-35.1632,-81.4331,0
2026-08-01T03:22:18Z,37.3914,125.0131,y
2026-08-01T09:01:07Z,-17.4709,-79.3212,7
2026-08-01T18:54:38Z,-47.0142,-109.1559,v
2026-08-01T06:57:07Z,-32.5662,34.1190,o
2026-08-01T10:37:21Z,-15.4909,-94.8088,8
2026-08-01T13:52:22Z,34.3077,20.1641,f
2026-08-01T09:24:08Z,-59.0766,25.8520,j
2026-08-01T11:59:04Z,22.7663,-142.3865,0
2026-08-01T16:07:52Z,11.7333,172.3414,t
2026-08-01T16:41:46Z,29.0525,140.2861,1
2026-08-01T01:16:34Z,-14.7941,80.2981,b
2026-08-01T08:57:22Z,42.8157,-59.9718,f
2026-08-01T11:29:06Z,41.0031,-5.7443,v
2026-08-01T12:53:22Z,-18.5625,-59.4569,_
2026-08-01T15:35:10Z,14.8446,-85.6060,j
2026-08-01T23:49:57Z,-15.2760,152.0624,x
2026-08-01T21:54:09Z,-59.9269,54.4032,3
2026-08-01T18:35:05Z,21.3403,139.7599,2
2026-08-01T05:28:56Z,53.1007,-91.6179,e
2026-08-01T16:28:17Z,11.6988,-97.6798,a
2026-08-01T08:45:16Z,56.8974,66.8533,n
2026-08-01T07:04:28Z,50.6525,-108.3924,n
2026-08-01T09:23:31Z,35.9020,23.8955,m
2026-08-01T22:34:31Z,56.1933,78.7094,r
2026-08-01T06:34:17Z,-35.7162,-13.5125,9
2026-08-01T10:17:14Z,34.6186,-143.5813,7
2026-08-01T12:59:02Z,19.2033,43.3942,1
2026-08-01T18:19:13Z,14.9754,66.4230,2
2026-08-01T16:44:23Z,14.7400,154.1109,e
2026-08-01T03:41:22Z,45.6502,-131.1722,c
2026-08-01T19:22:42Z,-48.4937,-173.0180,2
2026-08-01T12:09:26Z,-36.5381,-102.9616,e
2026-08-01T15:37:11Z,-51.4885,-105.3108,1
2026-08-01T22:21:58Z,-10.4201,156.2396,3
2026-08-01T05:29:13Z,45.9626,-31.1904,r
2026-08-01T11:06:02Z,-29.6196,33.3365,p
2026-08-01T03:48:45Z,46.6603,-94.7613,c
2026-08-01T21:08:55Z,59.1191,-11.7471,1
2026-08-01T20:28:12Z,58.6315,153.5092,2
2026-08-01T01:48:25Z,-48.6608,82.9063,p
2026-08-01T11:40:00Z,54.6496,132.2895,c
2026-08-01T21:25:43Z,23.8814,63.4729,f
2026-08-01T03:19:59Z,-18.1648,167.0404,t
2026-08-01T05:25:32Z,44.2008,-103.3645,6
2026-08-01T20:23:22Z,-49.3887,-159.7924,_
2026-08-01T05:13:27Z,-59.8493,48.8673,5
2026-08-01T09:23:18Z,-47.1992,19.6050,1
2026-08-01T01:42:01Z,-15.1117,-165.8601,3
2026-08-01T08:53:08Z,12.2151,-83.3162,u
2026-08-01T14:12:33Z,-10.2235,-159.6995,w
2026-08-01T04:11:31Z,3.3932,-13.2809,u
2026-08-01T09:54:13Z,33.5233,116.8064,j
2026-08-01T19:33:34Z,58.5987,12.1669,x
2026-08-01T18:47:56Z,52.2788,104.6249,1
2026-08-01T20:27:06Z,25.5485,-170.4023,i
2026-08-01T23:39:01Z,-44.1000,173.7651,7
2026-08-01T18:38:56Z,-38.8881,177.4624,x
2026-08-01T10:23:45Z,25.8860,-117.0687,4
2026-08-01T16:30:10Z,49.4853,97.6091,r
2026-08-01T06:03:37Z,-48.7385,17.8079,8
2026-08-01T03:34:11Z,25.0063,-164.7921,y
2026-08-01T10:49:06Z,-6.2620,118.3236,p
2026-08-01T15:12:01Z,10.2403,177.7181,j
2026-08-01T05:39:50Z,26.6446,-51.2391,h
2026-08-01T03:22:27Z,-49.9701,70.5603,8
2026-08-01T16:56:21Z,-23.9916,167.5153,c
2026-08-01T23:26:31Z,-52.4028,119.9628,f
2026-08-01T05:54:18Z,-20.7485,-21.7494,m
2026-08-01T15:31:29Z,-37.3330,-137.3998,2
2026-08-01T06:06:24Z,-28.0914,22.7333,c
2026-08-01T00:18:51Z,11.3261,-121.2127,9
2026-08-01T21:55:08Z,37.3675,46.4542,b
2026-08-01T04:32:56Z,37.8093,-43.3186,2
2026-08-01T22:25:06Z,-54.4097,-178.0802,w
2026-08-01T16:59:54Z,-28.4303,-177.2503,b
2026-08-01T01:53:04Z,-12.3621,137.2489,7
2026-08-01T14:23:33Z,-17.3984,9.6758,8
2026-08-01T02:39:02Z,42.7221,-170.5548,6
2026-08-01T03:50:31Z,51.7429,-86.4740,3
2026-08-01T17:39:48Z,-40.2236,-115.1861,k
2026-08-01T00:26:02Z,-13.4868,-133.8041,r
2026-08-01T00:15:50Z,1.2890,-129.3484,x
2026-08-01T17:16:39Z,-47.8431,-105.1333,4
2026-08-01T11:42:52Z,52.6450,146.7025,3
2026-08-01T22:54:09Z,35.4466,26.9666,a
2026-08-01T23:27:35Z,-33.3480,-16.6439,_
2026-08-01T13:14:52Z,54.0821,112.3816,_
2026-08-01T07:22:00Z,38.9710,-39.8280,d
2026-08-01T11:21:16Z,7.4300,63.8027,q
2026-08-01T00:27:49Z,-52.4632,-81.1195,z
2026-08-01T15:09:54Z,18.0705,171.5359,3
2026-08-01T18:14:26Z,50.8280,86.2866,4
2026-08-01T16:18:06Z,44.0158,31.5509,i
2026-08-01T23:05:36Z,5.7081,53.7806,9
2026-08-01T12:03:42Z,45.1533,96.7581,y
2026-08-01T14:07:14Z,-49.6628,-52.9928,y
2026-08-01T07:14:25Z,24.0346,-83.2689,h
2026-08-01T06:36:38Z,14.1262,138.2835,g
2026-08-01T20:47:13Z,-0.1466,-82.7498,b
2026-08-01T17:49:19Z,-36.1224,-13.6359,}
2026-08-01T22:09:02Z,11.6419,-23.6446,q
2026-08-01T23:28:55Z,-52.0529,26.4230,u
2026-08-01T07:17:10Z,-48.6669,-21.4198,s
2026-08-01T21:08:18Z,53.9123,-10.1889,9
2026-08-01T21:55:49Z,20.5257,72.7574,p
2026-08-01T17:22:58Z,-6.3134,146.3363,{
2026-08-01T06:29:44Z,-51.2646,60.2215,6
2026-08-01T21:28:58Z,54.5912,-80.9244,4
2026-08-01T18:09:40Z,39.9291,99.8863,7
2026-08-01T09:51:40Z,32.5023,122.2794,s
2026-08-01T12:43:53Z,-31.0690,10.4264,o
2026-08-01T02:45:22Z,-57.9334,169.0569,5
2026-08-01T15:23:01Z,-24.2604,-164.6045,h
2026-08-01T12:41:32Z,-34.4775,10.5147,a
2026-08-01T23:16:39Z,-21.0934,83.3993,h
2026-08-01T22:09:46Z,-42.2572,-131.7719,_
2026-08-01T14:02:53Z,-49.3351,-83.0085,p
2026-08-01T04:47:16Z,53.0510,-73.7457,x
2026-08-01T20:01:18Z,-1.3427,118.1054,2
2026-08-01T23:13:53Z,-18.8189,68.3010,b
2026-08-01T02:56:21Z,-47.8668,68.7325,h
2026-08-01T22:14:59Z,-21.3542,-121.7610,}
2026-08-01T08:24:26Z,49.8039,-87.3989,s
2026-08-01T15:17:37Z,-1.0642,-174.2747,0
2026-08-01T03:26:53Z,-13.2458,-144.1416,x
2026-08-01T13:57:08Z,-53.2692,-113.7108,g
2026-08-01T09:08:35Z,-41.1845,-52.5812,k
2026-08-01T00:32:46Z,39.1170,-81.6394,m
2026-08-01T17:54:56Z,53.4336,16.4509,6
2026-08-01T10:27:18Z,6.9695,-119.4751,m
2026-08-01T16:51:17Z,3.9258,157.6984,4
2026-08-01T16:14:01Z,42.1356,18.4421,e
2026-08-01T20:18:22Z,49.9078,28.2545,c
2026-08-01T20:35:58Z,-56.8375,52.6853,3
2026-08-01T07:56:51Z,-40.9403,73.2295,_
2026-08-01T09:30:39Z,51.8284,-82.9655,p
2026-08-01T15:16:55Z,-5.4923,-173.9611,r
2026-08-01T12:37:42Z,4.7935,18.7641,i
2026-08-01T04:34:34Z,-56.0378,62.2297,r
2026-08-01T23:34:03Z,-39.4405,-171.0281,5
2026-08-01T06:03:39Z,-39.9094,9.2243,g
2026-08-01T17:35:07Z,-3.3889,-38.7230,{
2026-08-01T18:10:03Z,-19.2856,131.1336,u
2026-08-01T18:24:26Z,-1.3533,134.0705,t
2026-08-01T01:18:26Z,-56.4479,-54.2420,w
2026-08-01T19:42:17Z,35.9613,-112.6758,r
2026-08-01T15:44:06Z,-46.4395,-68.3191,6
2026-08-01T20:48:47Z,11.7837,-82.4727,}
2026-08-01T18:50:37Z,-52.3416,-130.7537,3
2026-08-01T11:54:40Z,31.0035,-155.4186,1
2026-08-01T09:28:49Z,-41.8371,46.7188,_
2026-08-01T19:12:28Z,23.1000,-64.3951,o
2026-08-01T13:28:53Z,-45.8006,-21.9765,d
2026-08-01T08:15:13Z,52.6762,72.8623,7
2026-08-01T16:04:46Z,35.0051,18.0040,5
2026-08-01T22:06:31Z,-40.2532,-147.7028,y
2026-08-01T01:17:19Z,-38.9643,79.0151,8
2026-08-01T20:00:08Z,-0.1496,109.0281,2
2026-08-01T10:24:54Z,56.4190,35.9769,x
2026-08-01T18:53:06Z,-55.6474,-111.7670,5
2026-08-01T04:31:42Z,-48.8918,53.3131,k
2026-08-01T02:33:57Z,7.1992,6.9291,}
2026-08-01T07:54:19Z,-34.8568,70.8719,6
2026-08-01T14:17:30Z,-26.4140,-12.0782,2
2026-08-01T04:31:00Z,-47.7361,46.2084,b
2026-08-01T10:34:46Z,-11.5134,-100.9006,8
2026-08-01T00:24:17Z,-10.1492,129.0416,w
2026-08-01T13:13:14Z,56.3129,94.1278,v
2026-08-01T14:58:01Z,46.1723,134.0461,u
2026-08-01T08:08:42Z,44.0230,117.7603,p
2026-08-01T19:23:11Z,35.2732,-73.9729,6
2026-08-01T07:52:49Z,-53.1345,61.8259,8
2026-08-01T08:51:42Z,7.4381,-98.0082,v
2026-08-01T08:56:02Z,-4.7172,-81.1947,v
2026-08-01T16:59:21Z,-26.0988,-173.4268,l
2026-08-01T08:22:35Z,-23.8264,139.6535,v
2026-08-01T12:28:34Z,-55.3614,-53.0307,_
2026-08-01T18:49:25Z,-54.3492,-127.9748,k
2026-08-01T19:27:33Z,-39.8425,-81.6476,u
2026-08-01T21:27:41Z,43.8361,-129.2549,{
2026-08-01T04:02:00Z,39.1119,21.0008,y
2026-08-01T18:51:34Z,20.0393,-151.8818,u
2026-08-01T11:36:07Z,-55.9049,-152.3778,y
2026-08-01T17:51:45Z,-16.1338,166.6909,w
2026-08-01T06:46:49Z,50.4787,-177.0112,1
2026-08-01T00:32:22Z,49.9680,-88.3572,9
2026-08-01T14:00:51Z,-47.2044,-87.8184,v
2026-08-01T23:40:49Z,2.2260,19.2506,s
2026-08-01T03:31:24Z,17.0142,-172.7114,m
2026-08-01T17:03:04Z,-25.4863,-74.6262,k
2026-08-01T19:28:25Z,51.1111,-15.2540,z
2026-08-01T23:51:07Z,-13.1134,-138.3049,q
2026-08-01T04:13:17Z,-48.2553,-99.0600,m
2026-08-01T07:38:16Z,-42.7035,-11.4597,p
2026-08-01T19:42:20Z,3.7349,2.8168,v
2026-08-01T00:31:21Z,48.6167,-94.6977,x
2026-08-01T11:12:35Z,26.6091,74.6772,3
2026-08-01T09:20:54Z,-55.0730,6.6582,s
2026-08-01T16:17:47Z,40.5192,32.3594,s
2026-08-01T15:56:40Z,-57.3219,-62.9570,k
2026-08-01T00:18:52Z,11.8342,-125.3437,3
2026-08-01T01:31:36Z,-51.8034,149.2710,5
2026-08-01T20:23:05Z,15.5396,-47.5743,}
2026-08-01T22:05:30Z,-47.4861,-30.5376,9
2026-08-01T12:43:13Z,15.6454,-32.0711,e
2026-08-01T15:32:00Z,-42.0579,-133.7561,p
2026-08-01T04:20:26Z,5.2360,43.2149,i
2026-08-01T10:08:15Z,-0.0602,-8.1240,x
2026-08-01T01:43:22Z,41.8929,-9.2628,p
2026-08-01T23:22:15Z,-36.7496,-4.6626,t
2026-08-01T11:32:43Z,38.8703,96.2782,o
2026-08-01T16:52:39Z,-6.5920,168.3318,o
2026-08-01T19:12:31Z,-15.5012,-174.5357,}
2026-08-01T18:28:46Z,49.3160,41.9380,y
2026-08-01T05:10:11Z,12.6544,124.7627,z
2026-08-01T22:14:48Z,-17.4079,-114.9247,o
2026-08-01T18:24:25Z,28.2023,105.6902,8
2026-08-01T09:09:40Z,46.8219,13.5692,y
2026-08-01T14:28:18Z,-0.5976,10.2327,g
2026-08-01T07:59:31Z,16.0680,103.5696,o
2026-08-01T15:01:08Z,41.3476,148.7878,8
2026-08-01T17:48:29Z,12.0573,45.7966,s
2026-08-01T11:21:40Z,-43.6243,1.9653,h
2026-08-01T12:42:41Z,-27.6273,17.2385,e
2026-08-01T18:39:45Z,53.7594,-172.8576,g
2026-08-01T11:26:40Z,26.4108,78.8527,3
2026-08-01T05:10:41Z,33.2267,173.7716,z
2026-08-01T11:52:47Z,43.8883,-165.5097,4
2026-08-01T10:22:27Z,30.9215,-124.3724,b
2026-08-01T10:08:55Z,-57.6505,-143.3475,w
2026-08-01T05:52:48Z,-19.2200,-30.6325,o
2026-08-01T12:40:19Z,-37.1805,9.5846,d
2026-08-01T04:17:09Z,-11.9908,115.7437,s
2026-08-01T18:45:37Z,27.1711,175.2007,7
2026-08-01T05:40:03Z,25.3946,-47.3383,t
2026-08-01T10:08:08Z,-18.1607,154.1588,r
2026-08-01T00:14:20Z,-19.0306,-92.0320,8
2026-08-01T07:15:38Z,12.5978,-70.8220,e
2026-08-01T10:49:30Z,-57.2514,-54.3496,f
2026-08-01T10:35:22Z,-14.7139,-98.0887,u
2026-08-01T00:59:29Z,2.9129,31.6885,i
2026-08-01T11:39:30Z,4.4791,-174.8349,h
2026-08-01T23:52:00Z,-11.6661,-138.8572,o
2026-08-01T11:38:55Z,54.6575,130.5630,a
2026-08-01T14:43:36Z,42.5960,54.0087,h
2026-08-01T15:50:15Z,-40.2817,-41.1959,s
2026-08-01T12:47:33Z,46.8501,122.1672,0
2026-08-01T13:13:56Z,53.7169,99.5722,u
2026-08-01T03:57:48Z,36.6447,-46.9992,i
2026-08-01T03:18:40Z,18.4023,3.5251,l
2026-08-01T15:15:39Z,-0.5689,-172.6262,z
2026-08-01T05:50:47Z,-14.3713,-23.1498,d
2026-08-01T05:48:11Z,42.2957,114.6443,j
2026-08-01T13:09:44Z,45.8130,73.5671,q
2026-08-01T00:17:17Z,2.9946,-129.2983,}
2026-08-01T16:34:50Z,18.6377,-60.2422,u
2026-08-01T03:11:07Z,-37.7721,142.5740,_
2026-08-01T12:01:35Z,-50.3717,-99.5465,_
2026-08-01T09:51:43Z,22.8398,97.3893,n
2026-08-01T11:37:23Z,51.2323,121.5658,z
2026-08-01T02:45:15Z,-25.3122,31.5079,}
2026-08-01T10:03:31Z,-26.4824,82.4807,7
2026-08-01T15:57:57Z,-9.0261,-17.1854,j
2026-08-01T09:34:58Z,38.7784,-21.4466,w
2026-08-01T23:44:38Z,-29.8936,-165.4382,}
2026-08-01T02:25:14Z,15.3278,81.0769,j
2026-08-01T13:21:38Z,-7.3991,45.4687,n
2026-08-01T11:50:13Z,21.5382,126.2668,7
2026-08-01T16:34:07Z,25.4098,-98.1843,_
2026-08-01T14:29:28Z,-59.3429,-146.7275,n
2026-08-01T05:20:17Z,10.2481,74.3277,s
2026-08-01T22:58:55Z,41.7039,105.2940,r
2026-08-01T19:05:29Z,-57.1631,-106.4253,p
2026-08-01T10:54:11Z,-24.8704,-29.7187,y
2026-08-01T03:36:36Z,23.8618,-9.5797,l
2026-08-01T02:08:23Z,51.7338,-107.7714,3
2026-08-01T07:06:39Z,-32.1971,-79.2879,9
2026-08-01T08:00:03Z,-19.9720,-20.2510,g
2026-08-01T09:31:27Z,-37.3858,54.7460,z
2026-08-01T04:54:54Z,-14.6703,139.2553,c
2026-08-01T02:59:45Z,50.5896,43.1680,4
2026-08-01T03:39:03Z,44.2392,-140.9108,v
2026-08-01T12:31:59Z,-3.8259,-35.3179,5
2026-08-01T18:50:11Z,-49.8989,-129.3824,w
2026-08-01T20:15:05Z,-45.7351,153.5850,x
2026-08-01T21:12:53Z,50.7357,16.3696,s
2026-08-01T00:59:57Z,-32.2906,-148.1195,i
2026-08-01T03:22:42Z,40.6379,40.7867,v
2026-08-01T16:14:14Z,37.6615,9.8254,5
2026-08-01T01:14:19Z,-30.2812,66.7897,j
2026-08-01T10:20:18Z,-40.2824,-56.0720,f
2026-08-01T11:32:55Z,33.1522,94.8679,y
2026-08-01T07:36:34Z,-34.5664,-23.2473,b
2026-08-01T16:56:41Z,-18.1647,168.9199,2
2026-08-01T03:44:16Z,-26.1135,-118.2762,g
2026-08-01T16:47:59Z,40.2187,3.8186,b
2026-08-01T04:52:34Z,58.4160,94.2344,9
2026-08-01T01:44:21Z,57.1463,43.6211,r
2026-08-01T06:14:29Z,-59.4828,41.1335,_
2026-08-01T02:49:33Z,-36.6762,35.3784,x
2026-08-01T12:13:02Z,-22.4159,-118.2925,0
2026-08-01T08:04:28Z,1.4043,-135.5060,y
2026-08-01T06:48:20Z,0.1202,-30.9035,_
2026-08-01T01:33:45Z,-40.8755,160.8696,m
2026-08-01T17:13:23Z,19.1462,-127.2768,6
2026-08-01T02:34:04Z,10.0066,4.0869,8
2026-08-01T20:30:27Z,-43.8544,150.5892,d
2026-08-01T19:19:00Z,-29.7972,127.4444,b
2026-08-01T05:45:55Z,0.9720,-39.1732,1
2026-08-01T22:04:21Z,-48.3604,-157.0457,0
2026-08-01T05:07:17Z,44.5441,128.2616,1
2026-08-01T18:02:14Z,46.8495,57.7991,9
2026-08-01T20:38:17Z,-1.1476,21.7806,u
2026-08-01T05:07:43Z,19.9614,-50.1593,2
2026-08-01T15:36:42Z,-20.1405,-108.6738,b
2026-08-01T08:37:31Z,22.3510,69.0571,5
2026-08-01T16:16:56Z,-7.7981,151.6833,g
2026-08-01T02:32:18Z,-15.4374,-58.0515,v
2026-08-01T20:59:12Z,-46.0058,-90.1599,0
2026-08-01T11:23:15Z,8.8016,66.4343,8
2026-08-01T10:17:04Z,39.0479,-139.5654,c
2026-08-01T14:43:27Z,36.7022,54.9796,k
2026-08-01T21:14:24Z,56.5941,19.0544,m
2026-08-01T10:40:06Z,-52.1265,-30.3840,y
2026-08-01T07:48:56Z,-40.8340,-115.0443,d
2026-08-01T15:54:56Z,-21.7477,-27.0421,h
2026-08-01T06:27:05Z,-28.2366,114.7177,m
2026-08-01T22:04:47Z,53.7538,73.0074,x
2026-08-01T03:45:07Z,38.6045,-80.9485,g
2026-08-01T12:01:20Z,8.2410,-139.4206,j
2026-08-01T17:46:02Z,27.9629,-16.2123,i
2026-08-01T20:23:22Z,5.2931,71.3265,6
2026-08-01T14:27:22Z,-0.9858,13.0349,_
2026-08-01T13:49:27Z,-30.5108,-139.7020,4
2026-08-01T23:06:27Z,54.6341,-90.4394,v
2026-08-01T09:19:23Z,-49.4009,-0.3200,m
2026-08-01T14:48:03Z,7.7775,-166.5758,2
2026-08-01T00:25:54Z,-42.1652,130.4625,q
2026-08-01T03:45:11Z,47.9880,-120.7568,9
2026-08-01T14:42:58Z,42.0842,53.8479,{
2026-08-01T13:46:45Z,-25.1324,-138.5556,q
2026-08-01T14:03:33Z,-58.4821,-79.4079,z
2026-08-01T12:20:43Z,-9.8560,-160.2375,1
2026-08-01T07:10:31Z,-46.5700,-40.6873,7
2026-08-01T15:05:07Z,-31.6791,-129.4489,l
2026-08-01T04:07:25Z,-0.7017,-124.1795,}
2026-08-01T11:44:10Z,44.4867,-139.7978,h
2026-08-01T18:19:21Z,13.9634,122.9211,v
2026-08-01T15:29:14Z,22.1222,-141.3007,h
2026-08-01T02:58:54Z,-51.8367,76.5394,g
2026-08-01T05:38:37Z,20.5905,-51.4745,v
2026-08-01T23:38:19Z,-52.3115,171.5478,h
2026-08-01T22:03:55Z,-56.8086,34.2251,c
2026-08-01T01:45:46Z,-13.0800,-160.9706,}
2026-08-01T22:17:09Z,-56.9663,-68.0342,q
2026-08-01T21:41:03Z,-21.3017,103.9612,g
2026-08-01T16:29:20Z,46.6426,-125.0304,m
2026-08-01T21:49:35Z,36.3140,152.5968,v
2026-08-01T02:30:24Z,-18.1291,-135.3631,g
2026-08-01T09:37:08Z,-22.9336,67.6158,0
2026-08-01T03:10:29Z,-35.0109,-125.6081,8
2026-08-01T03:58:26Z,-44.5872,-99.2249,3
2026-08-01T15:11:47Z,41.0213,61.0615,s
2026-08-01T03:51:25Z,27.7388,-147.0546,b
2026-08-01T13:22:09Z,48.8843,150.0148,u
2026-08-01T06:33:43Z,-2.7770,126.0921,f
2026-08-01T14:05:07Z,40.8440,-112.1735,o
2026-08-01T05:35:17Z,32.9648,-58.0187,l
2026-08-01T01:56:43Z,23.3770,-134.9099,1
2026-08-01T12:42:14Z,42.6246,-7.6173,v
2026-08-01T02:16:05Z,48.4962,-59.5173,u
2026-08-01T08:10:24Z,-32.6604,-117.1809,v
2026-08-01T12:22:31Z,-47.1980,-87.1292,}
2026-08-01T18:53:44Z,-50.9960,-105.6148,0
2026-08-01T11:40:57Z,56.8126,133.7192,5
2026-08-01T03:03:44Z,-33.8190,158.2929,w
2026-08-01T16:39:41Z,36.7727,135.7192,7
2026-08-01T18:13:59Z,54.9867,-168.5081,j
2026-08-01T14:27:07Z,-23.3610,38.3124,9
2026-08-01T23:26:43Z,-48.9815,114.7113,n
2026-08-01T13:54:00Z,55.4028,35.8129,a
2026-08-01T05:04:36Z,-45.7107,86.6058,l
2026-08-01T04:40:25Z,56.3042,53.7352,v
2026-08-01T07:50:41Z,15.2340,142.1904,n
2026-08-01T20:33:18Z,-36.3636,-116.3526,j
2026-08-01T17:59:46Z,33.3127,-2.9649,6
2026-08-01T00:59:00Z,41.9023,-105.6879,p
2026-08-01T14:17:05Z,-30.4871,-11.7778,t
2026-08-01T11:05:41Z,-41.6723,22.2043,f
2026-08-01T17:26:51Z,23.4700,149.6096,y
2026-08-01T03:23:56Z,-14.0198,148.1994,5
2026-08-01T14:41:30Z,34.3305,52.0506,s
2026-08-01T11:15:57Z,31.5658,-81.7017,n
2026-08-01T20:39:54Z,32.9610,86.5382,x
2026-08-01T10:34:57Z,10.1789,163.7739,n
2026-08-01T19:09:14Z,8.7805,116.9003,{
2026-08-01T05:50:23Z,-15.0046,-28.7709,g
2026-08-01T04:26:49Z,-43.3850,30.0053,h
2026-08-01T23:03:12Z,0.7369,3.3056,d
2026-08-01T02:41:38Z,-11.7873,17.1935,}
2026-08-01T04:32:14Z,-50.2972,57.1935,s
2026-08-01T02:27:00Z,29.2922,-8.1079,o
2026-08-01T01:20:22Z,-18.2308,-45.2066,1
2026-08-01T16:28:39Z,2.5019,60.6950,}
2026-08-01T05:08:17Z,12.3136,39.9457,b
2026-08-01T11:29:28Z,-59.7120,-142.4697,y
2026-08-01T01:19:55Z,-45.3191,92.4084,6
2026-08-01T15:56:22Z,-56.0373,-43.1110,4
2026-08-01T08:54:35Z,-11.9383,70.7183,o
2026-08-01T17:21:58Z,0.3249,93.9235,}
2026-08-01T04:09:40Z,12.9213,-14.0204,t
2026-08-01T06:51:41Z,45.6711,-174.9475,j
2026-08-01T10:35:56Z,-14.6623,-98.2038,v
2026-08-01T21:56:35Z,-54.0924,161.1026,0
2026-08-01T04:10:52Z,2.5093,-16.8872,}
2026-08-01T00:11:14Z,-9.0828,62.8476,9
2026-08-01T05:48:08Z,-5.1167,-26.8793,r
2026-08-01T04:51:59Z,-25.7219,140.0250,5
2026-08-01T18:11:46Z,20.2437,-161.8034,6
2026-08-01T06:20:50Z,-41.4301,95.2327,c
2026-08-01T08:14:19Z,-10.4940,22.7556,1
2026-08-01T23:02:45Z,22.9665,49.0363,k
2026-08-01T00:31:32Z,43.3296,-88.3789,0
2026-08-01T08:06:11Z,-38.2339,-54.2701,g
2026-08-01T03:09:09Z,-29.1845,-35.2881,0
2026-08-01T09:18:35Z,-30.4168,-156.7316,m
2026-08-01T05:31:14Z,45.9989,-77.5042,i
2026-08-01T05:51:12Z,-19.4742,-21.2663,j
2026-08-01T20:51:00Z,10.1889,-70.6507,a
2026-08-01T02:56:26Z,-21.5212,-13.5184,r
2026-08-01T07:35:57Z,-39.7244,-17.2881,1
2026-08-01T00:25:12Z,-20.2796,-34.8349,v
2026-08-01T18:39:22Z,-34.7669,174.5965,f
2026-08-01T09:31:01Z,-35.2791,51.2548,t
2026-08-01T18:26:36Z,-22.3489,105.5514,p
2026-08-01T07:42:02Z,-46.7062,7.3825,f
2026-08-01T11:43:39Z,52.6041,158.8832,i
2026-08-01T01:23:11Z,43.8423,27.4877,1
2026-08-01T22:09:02Z,-37.4276,-138.2713,l
2026-08-01T09:10:50Z,-38.5426,-42.9834,y
2026-08-01T16:21:11Z,51.1203,41.9817,6
2026-08-01T03:53:12Z,50.8093,-70.6809,y
2026-08-01T13:49:29Z,-12.7078,90.4834,i
2026-08-01T23:49:00Z,-21.8855,-148.4838,u
2026-08-01T08:33:32Z,50.4454,-163.0584,s
2026-08-01T08:17:25Z,-31.9876,-133.7849,7
2026-08-01T11:40:30Z,58.5490,139.9743,9
2026-08-01T07:12:02Z,22.2713,-81.2386,v
2026-08-01T20:32:29Z,-38.3752,-119.5818,m
2026-08-01T03:46:21Z,26.4753,-116.0423,}
2026-08-01T17:51:41Z,43.8534,2.6164,0
2026-08-01T07:51:27Z,29.8957,-79.4004,2
2026-08-01T08:23:38Z,41.9734,143.1705,b
2026-08-01T10:36:32Z,35.0056,-1.7975,i
2026-08-01T05:56:53Z,-31.2961,-19.9894,j
2026-08-01T13:58:57Z,-52.9659,-105.7153,a
2026-08-01T03:34:25Z,27.9220,7.1166,p
2026-08-01T16:53:04Z,-18.9528,165.0748,w
2026-08-01T09:00:14Z,-51.7564,130.3751,p
2026-08-01T07:43:54Z,55.2537,137.0921,b
2026-08-01T06:43:27Z,45.3147,8.9287,q
2026-08-01T16:09:39Z,-1.0583,-179.6360,q
2026-08-01T01:03:56Z,8.8645,-125.8705,3
2026-08-01T21:53:42Z,12.2257,38.2182,d
2026-08-01T16:25:50Z,55.3909,71.2970,c
2026-08-01T02:37:35Z,-2.5666,12.8176,g
2026-08-01T16:58:46Z,-29.1895,176.9729,4
2026-08-01T12:26:41Z,-55.4775,98.9769,2
2026-08-01T12:44:21Z,-30.4769,19.2812,s
2026-08-01T04:41:57Z,-47.4909,109.3662,s
2026-08-01T22:40:03Z,46.3066,-52.8884,g
2026-08-01T09:05:48Z,-33.0104,-64.1521,e
2026-08-01T08:17:48Z,-10.0424,-148.5307,8
2026-08-01T02:21:17Z,37.0689,47.6590,d
2026-08-01T02:16:03Z,58.9657,-55.7812,w
2026-08-01T10:04:40Z,-6.5994,177.5485,1
2026-08-01T09:50:03Z,-12.6666,-153.5757,7
2026-08-01T15:34:42Z,-51.3480,-119.5124,e
2026-08-01T05:52:45Z,-14.6342,-27.1243,s
2026-08-01T20:34:07Z,35.0057,104.0606,0
2026-08-01T11:07:37Z,-30.6976,33.1925,n
2026-08-01T06:12:13Z,6.7850,-13.0462,t
2026-08-01T13:15:48Z,54.0056,116.8662,w
2026-08-01T23:47:18Z,41.5752,-92.5553,7
2026-08-01T18:51:54Z,-20.5632,-16.2750,j
2026-08-01T21:28:25Z,15.3779,74.5163,_
2026-08-01T02:13:26Z,52.0246,-70.9697,4
2026-08-01T05:53:51Z,-21.7990,-20.0972,g
2026-08-01T05:00:24Z,-2.6114,161.9595,x
2026-08-01T13:36:55Z,13.0884,-170.2733,b
2026-08-01T11:10:29Z,-21.6429,157.5960,2
2026-08-01T16:06:26Z,-18.1662,-100.9483,k
2026-08-01T06:45:20Z,27.8884,-67.2085,u
2026-08-01T02:59:38Z,-54.0930,82.9225,9
2026-08-01T12:59:58Z,35.5255,59.2592,d
2026-08-01T22:00:28Z,-46.5039,-103.8141,l
2026-08-01T11:15:15Z,-7.4229,135.3716,k
2026-08-01T13:28:34Z,35.8838,177.6506,e
2026-08-01T22:59:08Z,31.0450,40.1021,u
2026-08-01T08:34:17Z,47.1364,-152.0952,s
2026-08-01T18:38:20Z,-42.1879,-74.3234,n
2026-08-01T23:35:38Z,-27.5597,-91.7797,l
2026-08-01T15:33:59Z,11.9823,177.2581,g
2026-08-01T10:04:28Z,45.8046,149.7579,j
2026-08-01T03:15:11Z,49.8934,-85.2048,i
2026-08-01T22:17:15Z,-9.3814,-113.6090,l
2026-08-01T04:22:03Z,-24.0325,6.3413,c
2026-08-01T11:15:46Z,-8.2568,53.5405,}
2026-08-01T10:22:28Z,17.4539,-122.1339,r
2026-08-01T11:00:01Z,-58.4075,177.9445,t
2026-08-01T04:23:39Z,-33.2106,16.5402,{
2026-08-01T23:08:54Z,20.9140,21.1142,b
2026-08-01T07:42:08Z,-45.5092,8.1920,1
2026-08-01T19:40:01Z,-48.8525,34.0837,k
2026-08-01T15:57:20Z,-16.9544,-20.6112,3
2026-08-01T05:58:58Z,-35.6854,-17.0550,g
2026-08-01T21:52:14Z,-51.1565,135.9939,d
2026-08-01T10:50:39Z,-51.8895,-43.6858,d
2026-08-01T08:24:32Z,-19.1341,-113.4380,o
2026-08-01T22:51:20Z,-13.2577,-107.6135,4
2026-08-01T01:28:07Z,-60.9540,126.2603,7
2026-08-01T02:06:14Z,39.5452,-118.3536,_
2026-08-01T22:40:17Z,48.0000,-48.2916,9
2026-08-01T07:55:46Z,-30.5808,79.1068,t
2026-08-01T18:35:31Z,-33.8277,156.9114,i
2026-08-01T06:40:10Z,17.5814,151.4089,e
2026-08-01T07:04:17Z,27.2216,-165.1895,4
2026-08-01T23:49:09Z,-16.1537,-140.5192,6
2026-08-01T17:38:55Z,-25.1887,-71.2622,q
2026-08-01T05:53:52Z,-20.8506,-14.7187,e
2026-08-01T08:22:06Z,35.7302,137.7980,p
2026-08-01T14:23:14Z,-41.1840,12.7464,x
2026-08-01T22:59:25Z,25.5608,41.3597,g
2026-08-01T15:03:07Z,36.9234,157.3637,3
2026-08-01T15:33:29Z,-4.6890,166.0567,f
2026-08-01T14:12:09Z,-28.5304,144.4800,5
2026-08-01T05:37:24Z,-40.0836,44.8044,o
2026-08-01T12:08:54Z,-12.7443,-124.5576,1
2026-08-01T07:20:38Z,-12.1951,-111.6774,u
2026-08-01T14:57:20Z,-50.7211,119.8511,u
2026-08-01T04:52:52Z,-22.9995,133.5348,x
2026-08-01T08:48:49Z,23.6876,-94.7465,c
2026-08-01T21:31:23Z,-7.4320,-36.7805,c
2026-08-01T16:35:07Z,8.5244,-5.3054,y
2026-08-01T15:38:57Z,8.3931,154.3031,a
2026-08-01T06:54:56Z,20.2207,96.8181,t
2026-08-01T22:23:54Z,9.3004,-107.5088,0
2026-08-01T08:30:09Z,50.2680,-179.9041,0
2026-08-01T11:51:42Z,39.5845,-164.2989,2
2026-08-01T11:09:24Z,-31.4396,45.4540,q
2026-08-01T14:39:54Z,58.0160,101.3226,_
2026-08-01T08:06:00Z,-11.2030,-26.5903,r
2026-08-01T10:21:19Z,30.6947,-131.8107,3
2026-08-01T21:43:40Z,-23.1354,95.4339,6
2026-08-01T04:57:01Z,-11.6676,150.1134,k
2026-08-01T17:35:17Z,-8.4516,-39.4985,i
2026-08-01T16:57:31Z,-23.3128,176.1985,r
2026-08-01T03:01:30Z,-51.3077,96.2058,w
2026-08-01T17:17:52Z,-49.9364,-91.8432,0
2026-08-01T10:13:56Z,44.0725,-149.7589,h
2026-08-01T20:23:42Z,57.1233,1.0762,j
2026-08-01T17:39:24Z,-2.2641,-87.0721,3
2026-08-01T08:09:51Z,20.1218,119.1804,f
2026-08-01T18:11:35Z,26.7728,-61.6718,7
2026-08-01T17:33:17Z,-38.2345,49.5198,q
2026-08-01T04:49:37Z,-38.1094,134.3294,5
2026-08-01T17:15:09Z,-43.0660,-36.8424,z
2026-08-01T13:55:24Z,-47.4839,-114.3131,0
2026-08-01T14:36:43Z,28.6284,28.5901,k
2026-08-01T04:15:18Z,-33.4429,131.7715,6
2026-08-01T03:34:13Z,30.7444,-158.2248,k
2026-08-01T04:11:13Z,6.0598,-16.7748,7
2026-08-01T01:09:38Z,15.4758,139.8375,l
2026-08-01T22:16:18Z,-11.1316,-22.6822,f
2026-08-01T05:37:10Z,34.5931,-59.0618,o
2026-08-01T19:06:34Z,-23.6099,-74.5911,d
2026-08-01T21:14:54Z,52.3236,34.7406,4
2026-08-01T13:18:31Z,51.3374,131.0598,h
2026-08-01T16:26:57Z,50.8806,80.0522,v
2026-08-01T01:39:36Z,44.0049,-24.4661,h
2026-08-01T03:49:42Z,19.6251,-141.4470,m
2026-08-01T23:33:31Z,-50.4303,21.5686,n
2026-08-01T17:11:39Z,-16.5432,-52.5524,p
2026-08-01T12:15:53Z,-24.4239,-118.4039,u
2026-08-01T23:11:54Z,-2.3203,147.1507,p
2026-08-01T17:54:24Z,51.1380,7.1841,r
2026-08-01T19:27:47Z,8.3340,-122.3492,{
2026-08-01T22:35:27Z,45.3047,100.2626,2
2026-08-01T20:46:02Z,4.4352,-90.6141,6
2026-08-01T16:32:09Z,40.8834,-54.9800,l
2026-08-01T21:25:20Z,22.8369,60.8636,f
2026-08-01T13:06:34Z,57.0590,99.5537,u
2026-08-01T21:31:11Z,1.0918,80.4565,y
2026-08-01T18:55:52Z,-44.3221,-103.6002,o
2026-08-01T22:18:08Z,45.9286,-97.4906,7
2026-08-01T12:48:58Z,41.3499,61.0329,d
2026-08-01T04:02:06Z,26.6709,-28.1772,e
2026-08-01T15:26:03Z,-30.3650,-157.2538,2
2026-08-01T18:47:18Z,-25.4973,153.8596,j
2026-08-01T03:59:08Z,17.6050,-39.4892,{
2026-08-01T21:47:47Z,-39.1086,118.2960,t
2026-08-01T11:33:30Z,-31.9258,-87.2666,2
2026-08-01T10:41:56Z,-4.6315,-65.2252,3
2026-08-01T01:27:36Z,57.8380,101.6201,b
2026-08-01T05:07:49Z,-38.5233,-94.0373,a
2026-08-01T17:27:55Z,-31.0258,-59.7511,u
2026-08-01T06:23:01Z,-40.5713,106.2670,6
2026-08-01T16:05:50Z,9.1761,-4.1099,h
2026-08-01T13:09:04Z,22.4295,-131.9907,f
2026-08-01T17:07:50Z,-53.2988,-156.8612,v
2026-08-01T20:28:54Z,-44.2650,-130.9196,a
2026-08-01T15:38:20Z,-8.2164,19.6433,u
2026-08-01T06:12:47Z,-37.5955,114.1345,3
2026-08-01T19:28:41Z,27.1467,147.8378,5
2026-08-01T22:00:05Z,4.3506,-138.4201,8
2026-08-01T08:10:50Z,2.9363,105.8699,9
2026-08-01T07:51:32Z,-40.2602,61.8875,k
2026-08-01T06:50:39Z,40.4453,-176.3926,r
2026-08-01T01:11:46Z,-30.3285,61.4218,4
2026-08-01T05:30:01Z,17.7730,-0.0565,g
2026-08-01T21:18:46Z,40.5976,48.1791,e
2026-08-01T22:13:20Z,-25.5167,-131.9926,0
2026-08-01T21:39:52Z,-14.8107,89.1803,b
2026-08-01T23:26:03Z,26.2455,-48.3832,6
2026-08-01T03:40:12Z,55.3081,-29.3539,s
2026-08-01T02:37:13Z,0.2313,16.9670,m
2026-08-01T19:54:37Z,50.8114,-155.8947,7
2026-08-01T21:16:56Z,-13.9214,-0.3437,f
2026-08-01T20:53:39Z,6.7123,178.8414,f
2026-08-01T00:38:32Z,-59.1856,128.5933,c
2026-08-01T05:09:39Z,33.6100,177.4811,i
2026-08-01T08:16:43Z,18.4152,125.9918,k
2026-08-01T23:52:01Z,41.6345,-52.7585,h
2026-08-01T16:44:27Z,15.6229,146.4558,{
2026-08-01T05:07:22Z,-35.8773,20.2502,b
2026-08-01T05:38:48Z,23.2635,-50.1788,e
2026-08-01T04:21:02Z,-30.5418,102.9663,5
2026-08-01T15:37:14Z,-50.9766,-106.9168,_
2026-08-01T08:25:36Z,45.4817,150.1098,v
2026-08-01T09:35:15Z,-47.5442,-17.9799,4
2026-08-01T17:16:49Z,-52.1385,-104.8368,j
2026-08-01T12:35:16Z,-19.3785,-111.4613,e
2026-08-01T21:14:40Z,19.2528,81.6172,a
2026-08-01T03:32:52Z,27.2653,-164.5330,y
2026-08-01T18:37:29Z,-44.2806,160.2661,2
2026-08-01T02:49:12Z,-31.5202,38.3292,f
2026-08-01T19:04:51Z,-28.7423,-70.9007,2
2026-08-01T17:02:42Z,31.3393,-111.1687,p
2026-08-01T04:18:57Z,-43.0368,91.2918,q
2026-08-01T05:43:55Z,16.5521,-45.8864,u
2026-08-01T22:15:41Z,-13.1215,-121.7736,}
2026-08-01T09:00:08Z,-50.9265,-35.9626,p
2026-08-01T12:50:53Z,-4.1277,34.3649,_
2026-08-01T16:57:20Z,-23.2304,178.5895,s
2026-08-01T06:53:09Z,54.2246,-168.3213,s
2026-08-01T09:34:11Z,13.6527,-54.7847,s
2026-08-01T08:06:25Z,-8.2274,101.5735,f
2026-08-01T11:51:41Z,40.5156,-169.4982,p
2026-08-01T02:46:10Z,-16.8417,32.5146,w
2026-08-01T13:49:19Z,-28.1452,-135.2813,e
2026-08-01T16:47:36Z,21.0385,56.3562,_
2026-08-01T03:08:09Z,-48.7778,128.3972,0
2026-08-01T11:38:42Z,3.5818,-30.9705,f
2026-08-01T20:43:29Z,30.6668,-8.3389,6
2026-08-01T07:16:47Z,13.3878,-70.9439,7
2026-08-01T23:54:26Z,21.8225,133.1455,}
2026-08-01T14:39:53Z,-29.2195,-42.5006,3
2026-08-01T19:37:27Z,44.3369,155.0457,k
2026-08-01T15:46:24Z,-46.8605,-50.8118,n
2026-08-01T11:49:48Z,13.2141,61.6781,w
2026-08-01T09:03:44Z,-23.1332,-65.6339,b
2026-08-01T03:20:56Z,-46.5355,-22.8613,s
2026-08-01T22:46:09Z,51.7742,-10.8989,2
2026-08-01T14:20:49Z,-26.2646,3.2100,0
2026-08-01T16:32:35Z,31.9886,-60.9919,k
2026-08-01T11:19:47Z,-9.8685,-32.5280,w
2026-08-01T14:17:11Z,14.1422,-151.4215,w
2026-08-01T23:51:12Z,48.6797,-150.1238,_
2026-08-01T23:30:16Z,18.3873,-106.4634,4
2026-08-01T08:37:20Z,49.4448,-143.1252,j
2026-08-01T00:40:27Z,55.3645,15.7905,a
2026-08-01T19:42:08Z,44.5976,62.4984,a
2026-08-01T16:21:37Z,-21.6080,95.1190,v
2026-08-01T23:15:37Z,26.3644,168.4630,p
2026-08-01T21:44:36Z,-27.6127,102.8923,8
2026-08-01T07:37:49Z,-53.9788,-178.5034,y
2026-08-01T17:33:40Z,36.8069,128.3620,0
2026-08-01T23:40:44Z,-41.0659,-171.8949,e
2026-08-01T14:21:22Z,-3.1763,27.1690,3
2026-08-01T07:38:00Z,46.1222,-63.8654,p
2026-08-01T08:42:52Z,-3.0057,-94.0483,r
2026-08-01T15:14:33Z,-27.5582,-53.8608,3
2026-08-01T19:06:49Z,52.2487,14.3918,a
2026-08-01T18:32:53Z,-20.6513,154.7158,l
2026-08-01T21:17:27Z,45.2716,118.0520,9
2026-08-01T20:35:18Z,-36.9326,-105.8739,8
2026-08-01T21:29:26Z,45.8878,-22.2266,i
2026-08-01T13:02:03Z,44.1219,-79.6819,i
2026-08-01T06:46:18Z,36.4362,167.7034,}
2026-08-01T16:26:20Z,60.0921,72.8717,5
2026-08-01T10:26:09Z,11.7685,-124.7407,t
2026-08-01T17:47:43Z,31.6826,-7.2323,m
2026-08-01T13:06:12Z,35.2952,70.0792,5
2026-08-01T15:01:56Z,35.4185,145.6421,0
2026-08-01T16:25:18Z,-28.9993,5.1036,l
2026-08-01T17:23:28Z,-40.8039,-70.1881,b
2026-08-01T04:30:00Z,-48.7690,41.8992,6
2026-08-01T01:58:41Z,-57.1210,43.8169,y
2026-08-01T07:02:55Z,46.4926,26.4270,i
2026-08-01T11:51:52Z,31.0944,-8.9642,z
2026-08-01T14:08:26Z,-44.9229,-39.9024,w
2026-08-01T19:51:24Z,7.5332,142.5622,j
2026-08-01T09:35:01Z,16.7798,99.5432,j
2026-08-01T04:42:38Z,-50.9810,113.9345,m
2026-08-01T00:32:26Z,41.4354,175.1735,e
2026-08-01T04:43:50Z,-46.2167,116.7158,7
2026-08-01T04:30:11Z,-53.2605,158.7396,7
2026-08-01T22:57:53Z,-2.9930,-75.0784,5
2026-08-01T07:44:06Z,-52.5722,16.2094,n
2026-08-01T18:24:32Z,19.0810,-24.7937,a
2026-08-01T19:24:57Z,-16.2583,78.4629,k
2026-08-01T01:13:49Z,-32.5212,59.0228,7
2026-08-01T20:42:08Z,14.4244,15.5536,e
2026-08-01T01:09:18Z,-21.2700,49.4279,6
2026-08-01T21:14:14Z,51.7847,24.5586,z
2026-08-01T14:54:39Z,51.4378,113.5748,}
2026-08-01T12:40:51Z,-38.9494,11.2678,r
2026-08-01T18:30:23Z,4.6086,-34.7104,b
2026-08-01T13:56:29Z,-44.3320,70.5706,2
2026-08-01T19:41:33Z,-27.3056,-51.8384,_
2026-08-01T14:02:17Z,-48.1543,-86.3865,b
2026-08-01T21:02:40Z,-46.7455,-113.6777,r
2026-08-01T08:03:29Z,2.7978,175.8976,3
2026-08-01T10:54:45Z,-52.5851,-20.1860,b
2026-08-01T19:59:45Z,42.4290,126.5153,n
2026-08-01T21:22:51Z,32.8965,66.0444,0
2026-08-01T19:58:26Z,40.3182,25.7434,j
2026-08-01T12:20:03Z,-44.6161,-101.6167,6
2026-08-01T19:51:18Z,20.6460,98.4647,v
2026-08-01T23:40:17Z,15.1168,53.4297,4
2026-08-01T23:17:41Z,-48.8621,-70.6608,j
2026-08-01T02:55:58Z,-46.2448,66.6766,_
2026-08-01T22:25:32Z,7.6928,-97.1763,1
2026-08-01T16:14:40Z,-25.3485,29.5836,m
2026-08-01T12:42:43Z,-8.4188,52.7085,p
2026-08-01T09:11:09Z,-43.6747,-44.4298,{
2026-08-01T04:22:24Z,-6.7384,-36.1996,1
2026-08-01T06:07:14Z,-51.6703,30.9891,0
2026-08-01T19:25:07Z,35.6451,-26.9964,h
2026-08-01T04:44:41Z,23.1616,-56.2610,i
2026-08-01T04:20:46Z,-24.9604,11.3460,1
2026-08-01T13:20:34Z,51.7086,142.6142,9
2026-08-01T00:29:40Z,36.9363,-91.7766,7
2026-08-01T21:57:31Z,-31.4384,135.5908,k
2026-08-01T14:36:54Z,-8.9475,46.2491,m
2026-08-01T12:43:57Z,-25.1599,19.8201,4
2026-08-01T15:49:13Z,-34.6788,-40.1135,x
2026-08-01T13:05:51Z,33.2781,62.3003,j
2026-08-01T10:05:42Z,50.8623,140.2534,y
2026-08-01T02:43:04Z,55.9594,-3.0432,1
2026-08-01T21:46:05Z,58.2360,-143.3609,8
2026-08-01T01:45:00Z,-23.5832,-18.5509,5
2026-08-01T13:21:28Z,21.0122,133.9142,0
2026-08-01T14:53:23Z,52.3339,112.6555,h
2026-08-01T08:57:22Z,-14.8213,133.1093,8
2026-08-01T20:12:18Z,20.0978,-109.6974,x
2026-08-01T02:16:32Z,18.5249,173.5174,1
2026-08-01T18:55:30Z,-4.6665,-115.5630,2
2026-08-01T05:59:26Z,28.7523,49.8388,8
2026-08-01T15:17:38Z,10.0016,-97.2288,s
2026-08-01T13:12:53Z,31.0644,40.3512,4
2026-08-01T10:09:02Z,49.8332,171.6106,p
2026-08-01T09:01:19Z,39.4280,17.7849,9
2026-08-01T10:53:23Z,-53.5126,-33.8011,8
2026-08-01T22:56:06Z,29.7637,-173.7264,n
2026-08-01T06:45:34Z,-12.9644,-147.5848,v
2026-08-01T06:05:56Z,-48.5943,18.0835,n
2026-08-01T16:10:46Z,23.0756,3.6829,q
2026-08-01T22:58:07Z,27.7888,34.1679,u
2026-08-01T02:29:38Z,25.4322,-4.1019,e
2026-08-01T03:08:49Z,-27.3628,-122.8471,1
2026-08-01T03:31:20Z,34.4424,63.6532,x
2026-08-01T12:33:23Z,22.3963,8.2242,n
2026-08-01T01:43:49Z,-1.8106,168.6523,3
2026-08-01T13:46:36Z,47.1444,-121.4805,l
2026-08-01T11:02:58Z,-43.5856,26.1373,h
2026-08-01T16:08:59Z,-44.0491,170.2168,z
2026-08-01T17:48:29Z,28.4183,-11.9153,m
2026-08-01T04:11:05Z,1.5632,-17.0386,b
2026-08-01T18:41:04Z,-27.2951,47.3169,e
2026-08-01T15:59:18Z,3.1520,72.4816,c
2026-08-01T06:05:19Z,-43.3359,19.8893,f
2026-08-01T10:29:56Z,5.7614,-107.8362,b
2026-08-01T19:35:46Z,57.4633,31.5464,3
2026-08-01T21:34:18Z,-41.6804,-16.5496,p
2026-08-01T08:49:06Z,55.7898,164.6398,r
2026-08-01T11:33:39Z,59.5174,-179.1950,r
2026-08-01T03:14:38Z,-9.6401,95.3765,g
2026-08-01T08:39:20Z,50.6501,-136.7636,r
2026-08-01T12:42:26Z,59.0260,-92.9134,p
2026-08-01T13:58:14Z,-15.0021,101.3625,j
2026-08-01T23:31:55Z,-52.3916,141.9231,9
2026-08-01T20:37:49Z,-20.7957,123.7667,n
2026-08-01T23:05:14Z,-30.8553,-77.5935,r
2026-08-01T12:46:29Z,35.6258,-47.5666,0
2026-08-01T22:16:41Z,-13.8179,-115.8930,l
2026-08-01T01:58:20Z,27.1401,83.2705,t
2026-08-01T08:01:54Z,-22.5559,96.6323,s
2026-08-01T16:36:27Z,35.2191,129.4613,}
2026-08-01T11:51:35Z,45.7398,-167.0920,a
2026-08-01T08:08:53Z,-40.9745,-145.6674,a
2026-08-01T11:12:32Z,-24.4020,52.8228,{
2026-08-01T14:41:26Z,9.3064,0.6467,f
2026-08-01T00:26:04Z,36.9396,77.4081,x
2026-08-01T21:33:17Z,4.9727,85.2489,{
2026-08-01T12:04:20Z,8.4745,-127.6644,6
2026-08-01T10:48:26Z,-9.7519,157.5711,2
2026-08-01T17:51:50Z,47.0155,-49.0725,_
2026-08-01T11:30:45Z,-59.8714,-158.8293,c
2026-08-01T11:14:23Z,-13.2306,50.5394,u
2026-08-01T22:28:42Z,-34.1556,47.1066,}
2026-08-01T08:05:15Z,-10.2606,96.1370,3
2026-08-01T16:18:51Z,43.6137,36.3668,a
2026-08-01T08:55:27Z,8.0802,-84.9514,{
2026-08-01T01:44:31Z,-52.0423,73.2315,{
2026-08-01T22:57:13Z,34.8302,29.5867,u
2026-08-01T03:22:58Z,-2.4737,-179.0487,k
2026-08-01T03:35:20Z,58.4957,-157.2517,o
2026-08-01T18:57:53Z,-45.8115,-93.7563,8
2026-08-01T16:37:53Z,-29.4291,-115.7166,t
2026-08-01T22:24:50Z,9.2712,-98.9766,a
2026-08-01T01:17:50Z,-29.8640,39.5261,5
2026-08-01T21:03:36Z,-6.0471,142.7103,1
2026-08-01T02:15:42Z,48.1571,-155.8555,b
2026-08-01T22:22:56Z,3.3843,-103.3150,e
2026-08-01T06:20:12Z,-42.1888,92.7866,d
2026-08-01T22:51:20Z,50.8227,89.5024,0
2026-08-01T23:48:52Z,-15.6879,-150.5157,y
2026-08-01T01:23:50Z,41.7137,-79.3756,v
2026-08-01T20:20:01Z,36.0119,67.6728,v
2026-08-01T04:48:58Z,-36.4930,125.0908,1
2026-08-01T18:13:25Z,32.7395,113.0682,u
2026-08-01T06:52:54Z,-55.1892,-167.8505,r
2026-08-01T14:27:11Z,-33.2985,6.4804,5
2026-08-01T13:06:51Z,35.0022,77.4254,l
2026-08-01T00:30:32Z,-24.2076,5.8746,s
2026-08-01T09:12:41Z,59.0473,-104.5966,o
2026-08-01T13:50:44Z,-45.9611,132.1387,o
2026-08-01T16:42:20Z,6.9343,53.0876,8
2026-08-01T22:05:39Z,-45.3363,-146.8849,1
2026-08-01T10:01:19Z,23.2626,-18.9491,s
2026-08-01T09:26:45Z,28.1251,-14.9336,2
2026-08-01T19:40:56Z,-30.9685,13.5984,v
2026-08-01T12:32:39Z,-51.9231,-32.5400,x
2026-08-01T08:15:45Z,15.9744,127.5564,n
2026-08-01T23:29:01Z,17.2000,73.9187,d
2026-08-01T02:35:22Z,-53.0742,165.1684,}
2026-08-01T05:49:05Z,-38.3612,167.9163,a
2026-08-01T00:01:36Z,28.2938,3.9968,s
2026-08-01T03:07:02Z,-50.0274,131.9855,x
2026-08-01T17:21:29Z,55.8946,-147.1210,p
2026-08-01T12:39:57Z,-38.0303,11.8685,c
2026-08-01T00:41:28Z,18.7889,-115.8795,a
2026-08-01T10:27:19Z,18.0350,-112.4379,4
2026-08-01T09:35:28Z,-54.4228,-68.6251,x
2026-08-01T17:59:56Z,58.2269,44.5397,h
2026-08-01T04:30:10Z,-51.6454,46.4574,p
2026-08-01T13:23:07Z,-58.5397,-56.8681,0
2026-08-01T04:15:56Z,52.9081,-97.0831,5
2026-08-01T22:54:55Z,46.2581,-101.1422,_
2026-08-01T20:19:53Z,50.5894,29.0775,j
2026-08-01T16:53:40Z,-11.3410,161.3317,s
2026-08-01T07:59:18Z,46.3346,55.5451,n
2026-08-01T11:30:41Z,32.1531,-108.9086,y
2026-08-01T06:15:00Z,20.7073,76.2474,4
2026-08-01T09:44:42Z,21.7844,130.3156,x
2026-08-01T19:52:53Z,14.5852,89.1063,c
2026-08-01T13:28:57Z,-28.3100,-70.0152,f
2026-08-01T22:04:05Z,3.6335,-72.3034,a
2026-08-01T05:55:45Z,51.0598,107.0797,t
2026-08-01T09:58:02Z,-10.5053,-37.8844,{
2026-08-01T11:47:53Z,49.9522,10.9418,6
2026-08-01T16:04:51Z,56.0000,37.3862,o
2026-08-01T14:09:22Z,17.8900,122.8630,r
2026-08-01T18:48:00Z,-48.0240,-145.4825,w
2026-08-01T10:40:35Z,-32.8640,-79.6351,u
2026-08-01T17:51:16Z,-34.8760,-153.7364,m
2026-08-01T14:35:11Z,22.8820,25.3111,8
2026-08-01T02:58:11Z,-50.2022,75.6503,i
2026-08-01T01:37:13Z,-40.3585,171.3770,2
2026-08-01T07:56:52Z,-34.9031,77.4863,c
2026-08-01T16:23:18Z,57.5563,61.5867,f
2026-08-01T03:18:46Z,18.0110,-128.1502,v
2026-08-01T00:43:19Z,59.7642,-21.7884,j
2026-08-01T11:25:08Z,19.3163,74.7527,h
2026-08-01T17:54:38Z,-23.5172,-3.0686,w
2026-08-01T06:09:51Z,-56.5482,46.8137,j
2026-08-01T09:36:06Z,55.6853,-89.6731,3
2026-08-01T00:25:47Z,33.8644,-107.2491,t
2026-08-01T17:42:15Z,43.3411,-92.4413,5
2026-08-01T10:34:49Z,-49.7218,-179.1050,1
2026-08-01T00:07:33Z,45.6351,-84.4177,y
2026-08-01T01:36:07Z,-44.7574,168.0971,e
2026-08-01T21:10:00Z,54.3139,0.2357,o
2026-08-01T23:44:34Z,-55.1764,43.3358,m
2026-08-01T19:21:45Z,27.4533,-39.0010,l
2026-08-01T21:57:59Z,-53.4324,170.2808,n
2026-08-01T07:13:05Z,25.5974,-75.8287,j
2026-08-01T09:58:03Z,38.2537,119.2170,n
2026-08-01T03:34:02Z,20.9860,-157.8058,s
2026-08-01T09:09:03Z,-29.8796,-123.0300,1
2026-08-01T13:02:38Z,25.5191,62.2996,{
2026-08-01T11:54:54Z,49.0744,105.7692,y
2026-08-01T16:26:04Z,44.3920,74.0179,b
2026-08-01T20:59:36Z,-45.1301,105.8520,e
2026-08-01T20:16:44Z,-40.6658,-113.0582,_
2026-08-01T18:26:46Z,-37.0826,-135.0760,{
2026-08-01T21:44:55Z,19.6405,-139.1940,3
2026-08-01T08:50:25Z,-34.0958,-156.4446,1
2026-08-01T00:38:44Z,57.8294,-47.7267,c
2026-08-01T13:42:25Z,-9.3816,-154.5569,m
2026-08-01T16:06:31Z,19.4522,1.1011,z
2026-08-01T09:20:29Z,-56.0282,4.1160,_
2026-08-01T09:25:30Z,-46.5875,32.4634,x
2026-08-01T22:29:11Z,10.7605,-87.8204,c
2026-08-01T01:44:35Z,-10.8123,-167.4782,2
2026-08-01T00:49:58Z,-55.5240,15.8513,{
2026-08-01T16:16:29Z,-48.5393,73.8521,5
2026-08-01T09:47:39Z,-21.6743,51.3256,8
2026-08-01T02:14:21Z,61.6220,-67.4857,u
2026-08-01T20:26:07Z,54.2052,-164.0624,d
2026-08-01T12:41:36Z,-28.3770,9.4789,0
2026-08-01T11:12:30Z,-53.9908,-7.4159,7
2026-08-01T03:23:07Z,43.0760,-51.6618,1
2026-08-01T00:32:09Z,44.3099,-88.5856,o
2026-08-01T03:29:56Z,39.1395,-52.3196,{
2026-08-01T14:31:35Z,11.1513,19.2573,7
2026-08-01T07:41:01Z,-48.1319,1.9482,1
2026-08-01T20:16:48Z,7.4515,-93.7853,6
2026-08-01T02:29:58Z,-30.2267,103.5554,s
2026-08-01T05:04:59Z,-45.4982,45.2253,f
2026-08-01T07:54:15Z,-37.1178,70.2365,5
2026-08-01T10:20:51Z,32.3590,-39.5274,4
2026-08-01T04:13:53Z,-1.9240,-14.9829,4
2026-08-01T00:24:58Z,3.2036,-6.1868,f
2026-08-01T00:13:03Z,-26.6773,24.5352,s
2026-08-01T02:24:53Z,34.7302,-22.2550,8
2026-08-01T02:46:14Z,33.4529,90.3444,z
2026-08-01T14:38:28Z,58.3578,-105.0308,c
2026-08-01T07:08:19Z,41.7045,-92.1766,5
2026-08-01T15:16:51Z,-44.2483,-134.2981,k
2026-08-01T07:49:34Z,11.3210,68.3688,{
2026-08-01T08:00:41Z,-25.3503,88.6457,k
2026-08-01T03:15:37Z,-29.4045,164.1731,s
2026-08-01T04:02:53Z,-47.0062,-159.8928,h
2026-08-01T02:26:29Z,3.4603,-47.8893,y
2026-08-01T03:25:13Z,-54.0885,-24.3842,{
2026-08-01T08:12:23Z,14.9765,88.3736,p
2026-08-01T10:13:54Z,-43.9562,164.3484,0
2026-08-01T11:31:13Z,28.5630,94.3667,_
2026-08-01T16:57:43Z,-20.0935,170.9921,_
2026-08-01T17:45:18Z,22.9651,-19.9793,3
2026-08-01T16:36:30Z,39.4734,125.1722,m
2026-08-01T22:38:46Z,45.0933,-57.1828,9
2026-08-01T03:20:01Z,-19.2153,163.8465,i
2026-08-01T12:46:10Z,-18.9676,23.5271,s
2026-08-01T20:32:57Z,-37.7751,-115.9170,f
2026-08-01T12:22:33Z,-10.8139,-178.9318,1
2026-08-01T21:53:53Z,-54.1774,143.5399,w
2026-08-01T14:40:37Z,43.9406,45.8198,h
2026-08-01T00:37:27Z,52.9512,-64.0473,8
2026-08-01T23:04:31Z,20.3987,50.6272,o
2026-08-01T06:07:41Z,-13.1290,-96.7531,f
2026-08-01T19:15:35Z,3.8235,-51.9896,3
2026-08-01T18:31:27Z,12.6391,131.8070,}
2026-08-01T03:07:43Z,-44.2168,124.7089,m
2026-08-01T00:24:28Z,32.0409,-115.4191,}
2026-08-01T04:13:06Z,-7.4552,-11.0581,l
2026-08-01T18:10:30Z,38.6371,95.3876,0
2026-08-01T07:49:45Z,29.9973,77.2955,p
2026-08-01T04:00:36Z,-54.1925,-104.5846,m
2026-08-01T10:36:45Z,-15.4154,-94.8104,i
2026-08-01T01:35:52Z,-11.6406,-123.0765,6
2026-08-01T04:58:10Z,-31.5891,73.3981,e
2026-08-01T17:08:15Z,-46.6273,-143.5636,r
2026-08-01T11:02:29Z,-47.8027,19.9529,i
2026-08-01T22:45:37Z,-10.5955,-39.3925,i
2026-08-01T03:58:10Z,40.2718,-54.8248,z
2026-08-01T05:27:44Z,-59.3822,137.2309,9
2026-08-01T19:53:16Z,17.7440,95.1789,3
2026-08-01T21:57:38Z,34.6745,19.7493,9
2026-08-01T15:06:20Z,24.9004,160.6586,}
2026-08-01T21:52:40Z,14.8730,73.0350,n
2026-08-01T16:07:44Z,17.8846,-3.0454,p
2026-08-01T04:22:55Z,-38.8068,12.2481,m
2026-08-01T19:43:06Z,-38.1308,109.6432,p
2026-08-01T03:07:51Z,-38.3163,130.4903,5
2026-08-01T06:28:34Z,-9.9405,118.1008,4
2026-08-01T20:59:54Z,-38.6278,-12.2548,z
2026-08-01T14:22:54Z,-7.8928,4.8850,k
2026-08-01T02:50:04Z,45.7665,154.3776,g
2026-08-01T22:15:42Z,47.5652,88.7375,a
2026-08-01T04:00:29Z,42.4055,-40.3395,c
2026-08-01T09:49:04Z,12.4545,94.2838,h
2026-08-01T00:01:48Z,-38.5215,-172.6132,3
2026-08-01T04:15:30Z,-8.5322,-13.2249,{
2026-08-01T15:05:38Z,-19.2167,-17.9672,f
2026-08-01T09:10:43Z,-35.9622,-54.0336,y
2026-08-01T10:08:51Z,53.7181,-179.5902,n
2026-08-01T13:12:17Z,47.1742,103.4150,x
2026-08-01T11:37:06Z,32.5607,-150.6668,l
2026-08-01T18:13:07Z,1.2474,40.0857,2
2026-08-01T15:15:04Z,-0.0758,178.6554,g
2026-08-01T17:52:54Z,19.8970,-51.0420,7
2026-08-01T17:53:11Z,39.3275,12.5731,7
2026-08-01T03:22:46Z,-57.7248,-116.5650,u
2026-08-01T11:15:55Z,-9.1967,56.8743,w
2026-08-01T14:06:07Z,-52.6779,-57.6823,j
2026-08-01T10:55:15Z,16.3549,-21.0709,e
2026-08-01T13:55:03Z,-42.2215,-118.8747,g
2026-08-01T17:32:22Z,18.6959,113.2106,4
2026-08-01T03:00:10Z,-50.6485,90.4422,2
2026-08-01T08:43:06Z,29.4790,-114.0918,m
2026-08-01T14:39:44Z,-50.9555,-95.0602,t
2026-08-01T23:26:18Z,-51.8778,117.0274,i
2026-08-01T02:13:43Z,-22.3565,-159.2555,m
2026-08-01T06:08:54Z,28.6476,-76.3854,q
2026-08-01T16:39:41Z,28.4663,130.2115,9
2026-08-01T12:23:50Z,-43.1810,-77.1066,x
2026-08-01T00:40:35Z,44.3641,-38.8415,i
2026-08-01T02:56:53Z,-47.1391,72.2012,n
2026-08-01T17:10:24Z,23.0617,13.0860,5
2026-08-01T03:50:46Z,-9.4206,-135.2568,p
2026-08-01T05:48:47Z,-49.9781,113.8817,x
2026-08-01T09:55:54Z,32.7239,114.3102,f
2026-08-01T17:55:35Z,-38.0429,-77.3092,_
2026-08-01T09:19:56Z,28.0778,-149.8635,m
2026-08-01T18:32:56Z,-29.5892,-148.5686,4
2026-08-01T05:31:53Z,40.3925,-72.3642,d
2026-08-01T17:31:53Z,-13.2543,-40.7013,v
2026-08-01T22:09:26Z,-53.9197,-150.1589,s
2026-08-01T16:50:39Z,-9.3215,155.1994,}
2026-08-01T19:19:01Z,9.9387,128.8544,a
2026-08-01T09:04:00Z,-17.4503,-66.8018,5
2026-08-01T13:08:42Z,41.2186,78.4957,0
2026-08-01T13:18:33Z,1.3885,17.2071,}
2026-08-01T00:46:02Z,44.3010,-3.3123,n
2026-08-01T23:12:32Z,-18.8554,21.6124,7
2026-08-01T00:46:28Z,-35.0373,36.3934,7
2026-08-01T16:50:58Z,-2.4895,159.8828,p
2026-08-01T02:41:08Z,-10.7489,21.1931,}
2026-08-01T03:28:14Z,-46.2379,-43.0842,9
2026-08-01T07:07:03Z,41.4214,-93.2192,o
2026-08-01T00:52:52Z,-46.5515,-67.8260,i
2026-08-01T20:10:53Z,-34.8373,135.4586,g
2026-08-01T01:17:40Z,-47.5256,70.0881,c
2026-08-01T23:15:13Z,-23.2752,77.5960,d
2026-08-01T11:32:35Z,40.9628,94.6189,6
2026-08-01T00:24:31Z,26.9161,-106.0008,s
2026-08-01T03:50:49Z,51.0023,-84.4108,j
2026-08-01T12:25:14Z,-19.3535,-14.6337,5
2026-08-01T01:53:13Z,30.3484,-79.1853,c
2026-08-01T01:54:15Z,10.1637,-138.5279,h
2026-08-01T12:40:21Z,-21.5445,-132.0996,8
2026-08-01T18:02:49Z,46.5857,58.2853,m
2026-08-01T12:34:00Z,-29.1010,86.5017,}
2026-08-01T09:07:36Z,-37.5501,-135.6730,g
2026-08-01T09:51:06Z,23.9066,99.3388,t
2026-08-01T22:21:39Z,46.2684,169.1717,7
2026-08-01T07:09:32Z,35.4329,-83.4991,}
2026-08-01T00:35:12Z,46.8097,-69.3206,o
2026-08-01T15:32:21Z,-43.8676,-132.0432,u
2026-08-01T21:39:01Z,39.2693,126.6951,5
2026-08-01T04:01:48Z,-38.4490,-152.1696,k
2026-08-01T18:33:29Z,-28.8736,149.5419,p
2026-08-01T05:04:53Z,17.0016,168.0880,s
2026-08-01T15:40:35Z,-32.2415,-93.7533,a
2026-08-01T03:24:14Z,0.8331,-174.9691,s
2026-08-01T12:54:55Z,5.9156,42.0747,y
2026-08-01T09:36:52Z,-29.5540,-103.4333,0
2026-08-01T05:31:07Z,-10.5418,-151.7555,z
2026-08-01T18:45:32Z,-51.0237,-156.8623,3
2026-08-01T21:15:19Z,-46.5532,7.1667,f
2026-08-01T03:55:06Z,38.9623,-63.5146,{
2026-08-01T02:14:39Z,42.7395,-14.2187,t
2026-08-01T14:11:41Z,-39.8622,-27.7177,4
2026-08-01T02:15:07Z,55.6332,-62.8691,4
2026-08-01T22:56:02Z,33.0802,29.5854,6
2026-08-01T10:11:49Z,47.2327,-165.9274,n
2026-08-01T09:49:17Z,30.3479,111.0340,m
2026-08-01T00:33:23Z,49.5152,-80.8327,v
2026-08-01T22:29:47Z,31.2062,-86.8858,3
2026-08-01T16:27:12Z,50.3920,79.3337,l
2026-08-01T17:47:14Z,37.0908,92.7669,j
2026-08-01T05:36:28Z,-8.3152,142.7843,{
2026-08-01T18:36:22Z,-42.5294,161.6358,7
2026-08-01T22:25:31Z,10.3004,-95.3019,}
2026-08-01T12:06:37Z,11.0906,64.8544,x
2026-08-01T19:08:02Z,9.9280,168.2067,y
2026-08-01T22:55:43Z,27.4293,7.7338,r
2026-08-01T10:02:01Z,50.9924,135.3213,4
2026-08-01T08:05:55Z,24.4237,-2.1267,v
2026-08-01T05:03:20Z,33.4193,36.4486,8
2026-08-01T01:23:00Z,45.5687,-154.2041,u
2026-08-01T04:03:10Z,32.5921,-33.3628,g
2026-08-01T15:57:38Z,40.2006,-8.4296,2
2026-08-01T16:37:04Z,-28.3225,-20.4086,z
2026-08-01T20:12:21Z,-9.0468,73.1472,x
2026-08-01T04:16:00Z,53.9585,10.4901,7
2026-08-01T13:34:40Z,15.0754,-168.1604,k
2026-08-01T17:37:57Z,7.0241,-40.3125,{
2026-08-01T09:47:27Z,0.9488,53.1331,2
2026-08-01T01:26:12Z,30.3728,17.5344,r
2026-08-01T08:29:23Z,36.2618,-37.3027,7
2026-08-01T06:35:46Z,56.4484,-11.6339,l
2026-08-01T09:57:38Z,41.5872,123.1784,p
2026-08-01T16:09:22Z,5.3807,-71.7968,e
2026-08-01T10:09:42Z,53.1602,-178.7775,j
2026-08-01T07:16:13Z,-54.0654,47.3508,6
2026-08-01T03:11:08Z,-42.9368,151.4397,w
2026-08-01T16:59:54Z,-32.4424,-179.6393,0
2026-08-01T12:18:49Z,-42.3465,-94.0288,9
2026-08-01T02:11:23Z,41.3372,145.8992,4
2026-08-01T17:07:26Z,-51.8750,-155.3505,p
2026-08-01T07:56:24Z,20.4693,20.1407,o
2026-08-01T06:24:21Z,-33.5889,108.1272,p
2026-08-01T17:12:13Z,-56.8092,-128.7471,s
2026-08-01T18:01:38Z,53.7931,55.3550,e
2026-08-01T08:44:06Z,31.3734,-106.8940,r
2026-08-01T19:00:31Z,-31.5811,-86.1930,t
2026-08-01T13:54:29Z,-37.4224,-118.7666,r
2026-08-01T14:40:37Z,38.6442,37.7718,q
2026-08-01T20:27:13Z,-49.2553,-139.8943,l
2026-08-01T09:42:32Z,-2.9105,78.3038,f
2026-08-01T08:01:03Z,22.9739,25.3546,t
2026-08-01T15:26:16Z,23.1750,-31.2690,a
2026-08-01T11:37:44Z,-16.1882,-53.4930,x
2026-08-01T05:46:28Z,-5.6998,133.0253,2
2026-08-01T07:38:24Z,-48.4336,-19.5517,d
2026-08-01T08:56:54Z,-5.3687,-82.2103,0
2026-08-01T19:35:45Z,-42.2498,-140.8469,7
2026-08-01T23:50:09Z,-7.8047,0.0763,z
2026-08-01T06:54:35Z,46.8601,-164.3753,}
2026-08-01T19:14:14Z,31.6575,-80.9172,a
2026-08-01T06:10:18Z,-51.7966,45.2472,_
2026-08-01T23:30:59Z,-58.3369,139.4701,9
2026-08-01T01:50:37Z,5.5269,-150.3885,o
2026-08-01T11:29:01Z,33.4623,85.5738,9
2026-08-01T06:20:40Z,-18.1067,49.4051,0
2026-08-01T17:52:45Z,40.4132,7.3078,9
2026-08-01T18:43:43Z,38.0329,-85.2586,7
2026-08-01T04:16:40Z,-9.4038,-4.9385,3
2026-08-01T17:42:24Z,-33.3923,-138.1738,b
2026-08-01T18:59:47Z,13.4809,146.2212,_
2026-08-01T13:11:37Z,42.7586,91.6330,{
2026-08-01T10:26:18Z,-5.9732,131.8097,e
2026-08-01T03:05:54Z,-49.9685,124.8465,z
2026-08-01T16:20:38Z,11.7719,-57.0510,1
2026-08-01T17:08:26Z,19.8840,-95.9976,7
2026-08-01T06:41:31Z,40.9760,-77.2044,l
2026-08-01T08:36:55Z,55.4873,-136.0897,0
2026-08-01T02:09:16Z,55.3517,-96.4358,o
2026-08-01T11:36:59Z,51.4593,120.6958,p
2026-08-01T00:31:36Z,-16.3534,57.4775,r
2026-08-01T02:36:15Z,-56.1674,-160.8094,s
2026-08-01T15:39:36Z,-56.2044,-83.3182,q
2026-08-01T12:20:56Z,7.6811,130.8543,b
2026-08-01T13:19:48Z,56.5089,144.6341,2
2026-08-01T20:17:48Z,-13.8292,-166.7964,o
2026-08-01T07:54:51Z,4.0741,148.0781,5
2026-08-01T21:24:15Z,29.2240,59.3468,m
2026-08-01T12:20:51Z,43.6270,147.8602,j
2026-08-01T13:23:29Z,-46.7288,31.3237,z
2026-08-01T23:49:01Z,-21.7928,-147.3425,7
2026-08-01T18:05:21Z,49.9280,76.6476,w
2026-08-01T05:17:50Z,42.2995,-155.1504,2
2026-08-01T07:16:12Z,16.3548,77.7005,9
2026-08-01T07:42:59Z,-52.9603,11.4766,h
2026-08-01T03:26:56Z,5.7599,-177.3028,u
2026-08-01T21:52:03Z,-48.7911,140.6263,7
2026-08-01T17:15:24Z,-49.2035,-107.8631,z
2026-08-01T08:46:02Z,-43.5480,118.7096,1
2026-08-01T10:42:09Z,-35.3707,-79.8043,v
2026-08-01T15:23:23Z,-27.4208,-162.8056,9
2026-08-01T15:02:48Z,-42.2001,-79.3063,t
2026-08-01T19:40:31Z,0.6621,-81.7247,h
2026-08-01T13:23:16Z,-41.6887,-98.1770,4
2026-08-01T22:33:30Z,40.0500,-77.6495,q
2026-08-01T21:42:24Z,-24.9192,102.5086,x
2026-08-01T21:53:43Z,-53.7338,146.6239,n
2026-08-01T19:09:58Z,-5.8705,-56.2237,3
2026-08-01T15:15:39Z,-7.2403,-171.2051,7
2026-08-01T12:36:59Z,-42.4844,-3.1992,n
2026-08-01T21:11:24Z,-33.9035,-14.7944,0
2026-08-01T01:10:12Z,-16.3568,52.2949,h
2026-08-01T15:06:52Z,27.7919,160.4398,h
2026-08-01T07:18:26Z,4.0576,-65.9215,r
2026-08-01T21:59:47Z,-50.1686,178.6648,7
2026-08-01T12:48:04Z,16.5129,62.7734,i
2026-08-01T22:21:00Z,-7.3119,-86.8227,n
2026-08-01T04:51:36Z,58.6089,46.1455,j
2026-08-01T07:51:48Z,-41.7564,63.2479,r
2026-08-01T07:56:47Z,-43.4049,78.2869,9
2026-08-01T01:57:18Z,-7.8259,119.1328,2
2026-08-01T11:14:16Z,50.6943,137.7316,b
2026-08-01T22:16:37Z,-13.0378,-117.5094,e
2026-08-01T16:11:16Z,30.3684,-98.2108,g
2026-08-01T23:18:03Z,-33.5327,80.3344,8
2026-08-01T15:44:14Z,1.3623,-42.9251,a
2026-08-01T21:04:43Z,13.6408,173.4702,o
2026-08-01T02:24:40Z,-46.2388,94.2034,9
2026-08-01T12:49:37Z,-8.3616,22.3301,3
2026-08-01T14:13:14Z,-4.2784,-108.7103,d
2026-08-01T21:06:53Z,-21.3895,-129.2889,m
2026-08-01T05:30:35Z,38.4243,-76.3019,n
2026-08-01T08:55:56Z,0.0536,-84.3801,y
2026-08-01T11:32:20Z,43.7593,66.7658,q
2026-08-01T12:29:17Z,51.3385,129.0763,m
2026-08-01T10:04:44Z,-31.0421,31.9431,v
2026-08-01T22:29:48Z,26.0998,-86.6382,t
2026-08-01T06:45:29Z,49.5401,2.3488,}
2026-08-01T11:50:29Z,45.5772,-173.1015,i
2026-08-01T11:52:12Z,46.7228,-167.5572,x
2026-08-01T13:38:38Z,58.0091,124.7158,f
2026-08-01T17:45:45Z,55.7288,61.4585,g
2026-08-01T22:19:40Z,-8.9117,-110.5698,v
2026-08-01T23:28:37Z,-34.7709,136.9458,9
2026-08-01T20:13:32Z,-32.5722,-61.0629,n
2026-08-01T15:27:03Z,-27.8889,-150.5221,k
2026-08-01T16:13:18Z,-12.5931,50.3263,7
2026-08-01T05:42:21Z,14.4318,-171.5854,8
2026-08-01T17:04:26Z,-38.3514,-160.1993,g
2026-08-01T21:50:48Z,35.1469,-174.9503,f
2026-08-01T03:20:34Z,-12.2736,170.3027,r
2026-08-01T04:54:34Z,22.6955,62.3426,r
2026-08-01T17:19:33Z,-30.3090,-19.5419,6
2026-08-01T18:59:12Z,6.4912,144.0787,_
2026-08-01T04:21:15Z,-26.9297,6.7618,o
2026-08-01T15:09:10Z,-20.4767,-167.4720,h
2026-08-01T09:03:25Z,-26.9765,-68.7703,6
2026-08-01T12:36:23Z,-38.4488,-11.1685,f
2026-08-01T20:17:08Z,-45.4871,167.0218,0
2026-08-01T04:03:34Z,41.9803,55.4606,p
2026-08-01T16:35:51Z,-15.4002,78.7547,}
2026-08-01T12:14:44Z,-22.4752,-115.2010,p
2026-08-01T20:09:56Z,-37.0624,135.2601,a
2026-08-01T00:33:11Z,-4.2991,82.3067,j
2026-08-01T07:45:40Z,-46.7211,32.0544,l
2026-08-01T00:04:55Z,1.1576,-19.6802,b
2026-08-01T06:17:51Z,-41.5455,23.4556,i
2026-08-01T10:31:36Z,-8.8633,-177.9455,3
2026-08-01T23:49:01Z,-35.9694,127.9335,5
2026-08-01T21:58:04Z,-49.8081,166.9579,c
2026-08-01T08:04:15Z,24.2514,62.6876,n
2026-08-01T09:55:19Z,-37.3429,35.4663,_
2026-08-01T08:57:53Z,-17.1240,63.8635,a
2026-08-01T12:16:50Z,-26.4636,-105.9039,{
2026-08-01T02:19:23Z,57.6303,-79.3636,h
2026-08-01T10:13:06Z,43.5129,-158.8099,j
2026-08-01T20:42:43Z,22.2755,56.5355,h
2026-08-01T20:52:03Z,18.4551,-66.1906,_
2026-08-01T15:19:09Z,22.7979,97.4235,t
2026-08-01T01:56:41Z,18.6188,-143.1093,g
2026-08-01T18:54:10Z,48.8484,-113.8687,9
2026-08-01T04:25:20Z,28.4436,-21.2676,i
2026-08-01T14:29:17Z,9.5588,14.7845,5
2026-08-01T06:26:06Z,-9.8904,51.4197,7
2026-08-01T08:17:32Z,31.4205,126.4025,6
2026-08-01T01:18:36Z,-23.7204,-40.2789,p
2026-08-01T10:11:12Z,44.3461,-147.7962,_
2026-08-01T01:32:29Z,-49.6303,150.8778,6
2026-08-01T04:08:21Z,6.9225,-18.9695,z
2026-08-01T07:31:07Z,0.4088,-41.4453,m
2026-08-01T13:21:04Z,51.1038,144.8289,p
2026-08-01T17:41:10Z,10.6942,-31.3486,v
2026-08-01T18:56:35Z,52.6137,-31.3946,7
2026-08-01T18:58:33Z,-37.0109,-91.0979,k
2026-08-01T12:33:47Z,-53.2820,-26.6556,r
2026-08-01T23:34:39Z,-45.4447,-112.9587,u
2026-08-01T12:07:43Z,-1.3222,-132.7827,1
2026-08-01T19:35:13Z,19.8313,-145.8160,s
2026-08-01T20:06:47Z,55.5996,59.9089,1
2026-08-01T05:29:38Z,45.6133,-83.4786,z
2026-08-01T11:45:08Z,47.8264,164.7087,s
2026-08-01T07:24:15Z,-11.4246,-58.1895,2
2026-08-01T02:53:29Z,-49.4643,49.0847,2
2026-08-01T22:40:03Z,-38.7572,62.4965,d
2026-08-01T23:06:54Z,10.2669,59.0669,i
2026-08-01T21:19:27Z,3.4503,-92.7902,w
2026-08-01T02:21:23Z,15.6694,44.0895,f
2026-08-01T10:33:36Z,-11.6010,-9.7041,g
2026-08-01T18:58:18Z,-49.7115,-73.3946,9
2026-08-01T00:23:45Z,21.5586,-111.4302,w
2026-08-01T14:49:00Z,15.9571,-167.0291,l
2026-08-01T08:22:13Z,28.1283,104.4491,b
2026-08-01T22:10:15Z,29.0240,137.3828,6
2026-08-01T07:48:45Z,-54.2152,41.0441,a
2026-08-01T08:02:00Z,-17.0291,86.7768,w
2026-08-01T09:04:17Z,-25.1806,-64.3098,a
2026-08-01T08:33:08Z,42.3723,-39.3981,z
2026-08-01T12:30:51Z,-59.7435,60.8694,h
2026-08-01T08:02:37Z,-14.3341,92.0702,9
2026-08-01T22:38:24Z,42.1621,-55.8060,0
2026-08-01T06:14:36Z,-31.9797,-124.4167,6
2026-08-01T14:05:00Z,4.8011,-115.5649,1
2026-08-01T02:40:07Z,51.3935,51.5755,8
2026-08-01T13:22:07Z,-24.7945,29.1764,f
2026-08-01T00:59:27Z,13.1639,30.7973,u
2026-08-01T02:35:08Z,5.8664,6.9317,u
2026-08-01T15:01:44Z,51.9498,175.3041,f
2026-08-01T04:34:12Z,-50.0789,60.0655,1
2026-08-01T20:05:22Z,-17.9400,124.7676,{
2026-08-01T16:05:38Z,8.1185,-5.6686,y
2026-08-01T17:22:26Z,-19.7143,-98.4681,2
2026-08-01T08:17:03Z,24.3271,128.2939,d
2026-08-01T15:45:33Z,-42.9356,-56.2769,3
2026-08-01T10:26:36Z,25.2257,-12.4022,2
2026-08-01T03:57:26Z,42.1056,-44.9507,l
2026-08-01T01:30:33Z,32.4274,104.9780,g
2026-08-01T01:17:37Z,-44.9269,74.9637,7
2026-08-01T18:39:38Z,-50.5686,175.4759,6
2026-08-01T13:37:45Z,-46.0377,-98.1542,c
2026-08-01T08:29:40Z,48.7893,177.7511,4
2026-08-01T13:21:49Z,-58.1469,-101.3430,6
2026-08-01T00:30:25Z,43.1292,-91.4498,4
2026-08-01T13:12:14Z,43.0478,89.1262,1
2026-08-01T16:00:02Z,46.3277,135.6634,u
2026-08-01T11:40:31Z,-32.5153,89.7978,8
2026-08-01T11:25:21Z,10.4548,6.3986,k
2026-08-01T07:55:27Z,-33.8028,73.4966,q
2026-08-01T08:42:45Z,-31.3883,0.7647,7
2026-08-01T01:51:39Z,6.1613,-148.6621,b
2026-08-01T22:24:02Z,34.0404,-87.2086,r
2026-08-01T07:20:58Z,1.5862,-54.7634,e
2026-08-01T17:37:50Z,-1.1058,-38.1866,{
2026-08-01T21:10:09Z,56.8722,-1.2395,w
2026-08-01T17:28:52Z,-2.6757,-138.2799,9
2026-08-01T21:26:44Z,26.0395,72.8915,k
2026-08-01T16:04:58Z,9.9167,-7.3506,j
2026-08-01T19:01:03Z,-45.9397,116.1414,1
2026-08-01T19:39:22Z,52.1740,41.0977,{
2026-08-01T07:28:58Z,41.7768,-101.0015,l
2026-08-01T20:15:25Z,-0.7160,50.0828,q
2026-08-01T20:16:47Z,-44.7389,155.5992,7
2026-08-01T19:35:30Z,-49.1405,-60.9951,4
2026-08-01T22:08:52Z,15.6244,-143.3341,5
2026-08-01T20:32:06Z,-17.1518,-32.9164,p
2026-08-01T07:05:10Z,48.0255,-101.7592,w
2026-08-01T11:09:56Z,-15.0452,-153.4943,9
2026-08-01T00:10:29Z,-48.7395,-143.3485,d
2026-08-01T16:45:30Z,-59.7899,142.5114,7
2026-08-01T00:35:16Z,-17.9410,-97.9316,u
2026-08-01T09:04:50Z,-18.8396,-65.2854,y
2026-08-01T14:49:34Z,57.6632,90.5750,k
2026-08-01T09:46:13Z,8.5234,90.2404,1
2026-08-01T21:50:01Z,-44.8766,125.8545,j
2026-08-01T01:45:54Z,-10.5093,-171.9437,a
2026-08-01T21:19:41Z,39.5579,50.2028,i
2026-08-01T14:11:11Z,21.0722,-37.2093,5
2026-08-01T04:45:01Z,-26.1622,-161.5957,e
2026-08-01T11:38:36Z,49.9580,123.9079,9
2026-08-01T13:02:18Z,-37.3871,-5.9748,q
2026-08-01T17:04:01Z,-55.6589,-35.4699,t
2026-08-01T11:49:31Z,-17.1043,128.9169,n
2026-08-01T04:58:28Z,-0.0953,154.2660,8
2026-08-01T14:19:04Z,17.9162,-136.5987,y
2026-08-01T08:51:28Z,-28.8604,20.6796,r
2026-08-01T03:28:09Z,11.9907,-171.2018,a
2026-08-01T12:12:44Z,-41.6757,-9.1245,z
2026-08-01T17:54:46Z,42.2448,11.9850,h
2026-08-01T10:05:10Z,51.2809,155.7573,m
2026-08-01T16:11:36Z,-48.3173,164.3573,n
2026-08-01T13:53:20Z,-36.2119,-123.6089,a
2026-08-01T07:19:24Z,11.8791,-56.6204,3
2026-08-01T00:31:46Z,46.3636,-81.7250,s
2026-08-01T06:33:55Z,29.1346,105.6640,c
2026-08-01T15:39:31Z,-48.2025,-98.5298,m
2026-08-01T04:36:16Z,42.0654,-152.8086,t
2026-08-01T22:25:09Z,13.6844,-92.6182,}
2026-08-01T05:26:59Z,53.6831,-45.6193,a
2026-08-01T15:50:04Z,-34.4050,-43.1415,o
2026-08-01T02:06:48Z,4.2780,104.1701,s
2026-08-01T15:33:08Z,-51.9259,-125.2663,d
2026-08-01T20:13:48Z,-54.6390,118.3768,1
2026-08-01T16:57:35Z,-30.1552,174.6772,y
2026-08-01T06:17:29Z,-41.5649,88.0459,f
2026-08-01T09:14:02Z,-33.1256,-99.9938,4
2026-08-01T08:00:57Z,-20.7486,84.9467,f
2026-08-01T23:56:35Z,-5.5670,-134.3009,u
2026-08-01T06:49:18Z,-14.4306,59.2187,p
2026-08-01T15:51:03Z,24.7324,36.5365,f
2026-08-01T05:01:10Z,8.6781,158.2608,n
2026-08-01T17:14:03Z,34.0685,-86.5232,f
2026-08-01T07:05:45Z,46.6584,-104.5719,s
2026-08-01T04:12:47Z,-2.4427,-9.3375,y
2026-08-01T05:59:16Z,-41.2111,110.6765,2
2026-08-01T07:02:13Z,55.3714,-115.4090,x
2026-08-01T11:18:03Z,15.7187,170.8294,i
2026-08-01T10:28:57Z,33.6690,-59.7117,m
2026-08-01T19:55:48Z,-54.1845,-43.6380,o
2026-08-01T09:51:40Z,-59.1916,51.5760,n
2026-08-01T00:43:06Z,49.6741,-23.8440,2
2026-08-01T03:38:34Z,39.0356,3.4929,0
2026-08-01T13:35:47Z,28.5196,88.4876,j
2026-08-01T20:29:01Z,-40.3844,-133.7167,h
2026-08-01T18:57:15Z,25.5173,-51.2139,n
2026-08-01T13:49:07Z,51.0199,-29.6699,u
2026-08-01T07:06:16Z,37.3757,-100.6391,}
2026-08-01T10:03:15Z,53.5749,152.7804,7
2026-08-01T06:27:33Z,-26.3436,122.1795,8
2026-08-01T11:44:20Z,-44.1790,56.2288,y
2026-08-01T04:40:26Z,-57.5211,96.6798,v
2026-08-01T01:56:36Z,-40.2760,-64.7743,}
2026-08-01T23:04:50Z,8.2388,51.4954,8
2026-08-01T16:29:27Z,54.1368,95.7877,p
2026-08-01T06:33:33Z,20.7489,123.5398,}
2026-08-01T14:42:45Z,41.6265,47.4145,w
2026-08-01T10:19:57Z,-54.1394,-135.8368,5
2026-08-01T10:43:30Z,-38.0465,-77.4147,1
2026-08-01T21:15:56Z,58.8528,165.1717,j
2026-08-01T05:59:01Z,-50.9933,168.2352,s
2026-08-01T06:57:46Z,-51.6496,-127.3077,u
2026-08-01T08:36:31Z,53.4314,-150.2683,5
2026-08-01T05:19:45Z,38.9176,-99.5189,n
2026-08-01T18:47:04Z,28.8272,39.5281,w
2026-08-01T12:57:33Z,-40.2294,-55.7580,b
2026-08-01T21:23:17Z,25.3608,58.3593,a
2026-08-01T16:13:35Z,-26.7359,-80.7516,h
2026-08-01T16:47:01Z,13.8932,-27.0359,o
2026-08-01T23:26:03Z,-46.2197,107.1237,c
2026-08-01T21:42:45Z,-25.4930,105.9830,f
2026-08-01T04:38:46Z,-6.3191,134.5510,v
2026-08-01T00:07:25Z,-26.7631,-141.1956,b
2026-08-01T18:10:28Z,58.2884,-91.0516,q
2026-08-01T09:14:48Z,-52.2542,-31.8820,}
2026-08-01T19:12:54Z,-13.8198,75.2435,2
2026-08-01T15:28:40Z,-13.2526,-140.3394,m
2026-08-01T13:35:13Z,-29.7329,68.9146,d
2026-08-01T14:34:38Z,23.2872,25.8236,z
2026-08-01T03:23:23Z,-16.6053,67.3767,h
2026-08-01T04:51:49Z,-26.4075,137.4309,m
2026-08-01T02:18:52Z,51.7941,-46.3718,c
2026-08-01T01:15:27Z,25.9730,-164.2902,8
2026-08-01T04:20:24Z,-24.4178,2.2612,2
2026-08-01T21:20:33Z,36.9221,58.8251,_
2026-08-01T11:55:09Z,29.3973,-152.6367,a
2026-08-01T22:39:34Z,24.2359,-50.2466,o
2026-08-01T12:55:42Z,13.7131,43.4530,d
2026-08-01T00:41:31Z,50.9759,-30.9838,5
2026-08-01T17:57:43Z,-23.7407,-71.1589,s
2026-08-01T18:55:36Z,9.2207,-155.0914,y
2026-08-01T07:46:36Z,-22.5431,162.5240,q
2026-08-01T06:33:43Z,3.2802,135.1688,w
2026-08-01T01:17:00Z,-37.3781,69.5313,}
2026-08-01T19:27:09Z,43.5907,-22.9448,b
2026-08-01T07:33:01Z,3.4621,-123.8352,3
2026-08-01T19:11:30Z,29.2269,-88.4762,d
2026-08-01T21:03:14Z,47.9866,-36.0215,x
2026-08-01T03:37:54Z,46.1692,-17.2667,5
2026-08-01T03:57:45Z,-58.3526,48.2431,5
2026-08-01T05:35:13Z,58.8761,-71.0765,j
2026-08-01T03:57:09Z,45.3561,-52.6686,y
2026-08-01T03:14:24Z,-30.1588,156.3949,0
2026-08-01T13:43:00Z,-6.8682,-146.8841,n
2026-08-01T23:48:56Z,-24.7159,-142.2176,6
2026-08-01T16:41:29Z,-0.1099,46.3420,1
2026-08-01T23:38:09Z,-45.9318,178.4527,a
2026-08-01T21:34:11Z,-3.2825,83.6358,w
2026-08-01T19:24:32Z,43.7408,-26.4241,w
2026-08-01T05:13:17Z,-50.5113,161.3126,f
2026-08-01T02:01:55Z,-22.5193,-144.0844,q
2026-08-01T23:50:17Z,-11.9279,150.6382,5
2026-08-01T11:23:43Z,3.6602,25.2622,v
2026-08-01T18:08:04Z,42.2737,86.3803,_
2026-08-01T23:59:24Z,7.6411,-129.1785,5
2026-08-01T18:31:08Z,-16.2124,151.5739,u
2026-08-01T21:56:48Z,-47.8462,169.8010,u
2026-08-01T07:54:04Z,-45.7554,70.3463,5
2026-08-01T19:30:06Z,47.6563,-165.1333,n
2026-08-01T12:48:44Z,-34.7984,-88.4754,l
2026-08-01T12:12:46Z,-27.5124,-48.1023,y
2026-08-01T13:59:38Z,-55.8283,-97.4254,5
2026-08-01T15:47:22Z,-37.1420,-44.5641,t
2026-08-01T15:08:41Z,6.2571,-109.3279,y
2026-08-01T20:26:25Z,13.4307,14.9897,{
2026-08-01T14:43:47Z,-21.6830,140.7349,1
2026-08-01T05:43:35Z,9.0892,-45.1530,w
2026-08-01T07:00:12Z,48.4571,-129.6582,e
2026-08-01T12:35:43Z,-44.9281,-13.2542,1
2026-08-01T05:55:47Z,-25.9857,-17.6689,_
2026-08-01T20:04:45Z,29.5087,-173.4456,d
2026-08-01T04:15:01Z,3.3646,100.5548,_
2026-08-01T00:21:59Z,21.0889,-119.1785,9
2026-08-01T19:02:41Z,-31.2438,-77.4146,1
2026-08-01T15:05:24Z,40.0230,-143.8650,7
2026-08-01T16:38:11Z,36.4566,136.1885,w
2026-08-01T04:23:37Z,-59.9173,80.4893,k
2026-08-01T12:32:05Z,-52.3000,-36.7972,p
2026-08-01T22:53:28Z,38.1168,25.7590,y
2026-08-01T03:25:57Z,11.5431,-176.5885,y
2026-08-01T17:10:26Z,-26.1117,56.2606,f
2026-08-01T09:39:09Z,-18.3756,67.8167,f
2026-08-01T19:02:01Z,13.4186,102.5704,w
2026-08-01T12:50:17Z,-11.0967,31.4753,b
2026-08-01T11:42:42Z,29.7084,53.2260,n
2026-08-01T17:01:52Z,-58.9996,51.8686,3
2026-08-01T21:46:57Z,10.8527,153.0131,2
2026-08-01T19:28:30Z,46.3010,-16.2446,{
2026-08-01T05:12:56Z,39.7336,-170.3142,c
2026-08-01T06:23:00Z,30.6135,-76.7173,7
2026-08-01T03:38:52Z,41.7176,-136.9139,k
2026-08-01T21:25:54Z,22.5983,63.6419,0
2026-08-01T13:08:12Z,43.0568,77.6002,j
2026-08-01T03:27:55Z,7.0253,-173.2643,p
2026-08-01T04:05:17Z,17.7112,-18.8700,}
2026-08-01T20:04:27Z,-8.9471,115.4442,9
2026-08-01T16:57:15Z,-22.8138,168.7521,b
2026-08-01T05:54:51Z,59.2743,-32.6026,b
2026-08-01T06:33:15Z,-4.7706,129.8158,a
2026-08-01T11:02:32Z,-37.6358,22.3203,3
2026-08-01T17:39:14Z,-58.0840,-104.2307,r
2026-08-01T07:29:35Z,-57.0764,-172.9217,c
2026-08-01T02:56:10Z,-53.5854,63.3547,t
2026-08-01T04:37:49Z,-56.0491,-162.3350,w
2026-08-01T00:32:17Z,-13.2046,148.5845,i
2026-08-01T19:56:18Z,7.2132,101.5725,k
2026-08-01T18:00:36Z,54.5738,53.3075,9
2026-08-01T17:59:52Z,53.8361,37.9710,f
2026-08-01T09:46:04Z,24.9340,-104.9206,y
2026-08-01T05:50:04Z,-16.8787,-26.6650,d
2026-08-01T18:35:04Z,-33.0482,156.2049,7
2026-08-01T08:36:41Z,38.5539,-58.7048,w
2026-08-01T15:36:37Z,1.1898,109.7872,a
2026-08-01T09:23:40Z,41.5109,-51.1546,d
2026-08-01T18:53:11Z,-51.1127,-115.8501,n
2026-08-01T16:21:31Z,45.3183,46.7570,7
2026-08-01T08:16:28Z,22.4258,121.4888,h
2026-08-01T15:29:13Z,-46.4915,-143.5178,a
2026-08-01T23:45:12Z,-19.2753,-179.1737,2
2026-08-01T11:49:27Z,-15.5367,25.1673,{
2026-08-01T03:09:08Z,-46.2146,137.6797,b
2026-08-01T12:39:47Z,48.9955,21.2038,e
2026-08-01T11:01:56Z,-5.3011,-3.7257,3
2026-08-01T10:09:56Z,38.8153,152.3268,a
2026-08-01T05:51:19Z,40.6482,115.5495,8
2026-08-01T17:56:38Z,49.2407,22.7742,3
2026-08-01T14:39:28Z,-3.4700,71.9658,s
2026-08-01T02:50:10Z,-31.0928,42.3495,_
2026-08-01T16:19:18Z,46.8121,31.5041,m
2026-08-01T07:45:20Z,52.8284,66.2753,a
2026-08-01T01:19:39Z,20.4683,-5.8334,t
2026-08-01T12:37:03Z,-22.4038,-25.5083,n
2026-08-01T07:23:33Z,1.8281,-133.7830,v
2026-08-01T18:13:56Z,30.1464,111.9350,3
2026-08-01T23:06:05Z,3.3007,48.6560,t
2026-08-01T23:59:51Z,18.9592,-124.7893,q
2026-08-01T06:16:39Z,-53.9891,-30.8376,w
2026-08-01T16:55:28Z,0.9454,22.6941,s
2026-08-01T22:31:33Z,58.5319,83.0548,7
2026-08-01T16:53:30Z,-16.2034,163.9422,r
2026-08-01T20:56:59Z,25.6397,-59.4266,9
2026-08-01T17:53:23Z,53.0525,8.9072,y
2026-08-01T22:06:44Z,9.2842,-38.3998,4
2026-08-01T15:38:49Z,5.6644,109.6708,v
2026-08-01T22:39:40Z,52.0558,-52.7754,z
2026-08-01T11:18:22Z,6.1072,62.8170,u
2026-08-01T12:37:29Z,41.4915,-172.4225,6
2026-08-01T14:10:50Z,-42.3599,-123.5740,1
2026-08-01T19:47:37Z,-41.7022,25.7165,z
2026-08-01T14:26:42Z,-10.5832,-155.2503,}
2026-08-01T10:48:30Z,-43.2255,92.6095,n
2026-08-01T00:12:07Z,-52.6317,104.4512,7
2026-08-01T07:40:04Z,-51.9235,-5.0459,s
2026-08-01T00:09:24Z,-13.1842,-145.5054,y
2026-08-01T08:48:15Z,-18.2126,-106.8400,y
2026-08-01T12:39:02Z,-42.1668,5.0586,1
2026-08-01T17:50:18Z,29.6758,-16.1867,3
2026-08-01T05:58:20Z,33.4856,178.0852,_
2026-08-01T21:59:51Z,-9.4688,-63.5313,0
2026-08-01T12:32:05Z,-48.2863,-35.0904,g
2026-08-01T13:38:31Z,9.8962,-157.6480,p
2026-08-01T02:22:11Z,42.5290,-24.1324,}
2026-08-01T08:32:02Z,56.9908,-174.5066,t
2026-08-01T02:51:41Z,-35.5422,52.4945,u
2026-08-01T09:36:12Z,-22.5647,66.7943,a
2026-08-01T17:15:37Z,-52.8626,130.0953,_
2026-08-01T08:57:36Z,-55.7155,3.3739,4
2026-08-01T00:53:51Z,10.5461,-89.0731,z
2026-08-01T02:53:31Z,-31.0994,140.2657,o
2026-08-01T12:41:36Z,-28.6346,-33.2582,d
2026-08-01T16:08:04Z,-2.7208,174.8233,z
2026-08-01T11:44:49Z,52.1630,167.4955,_
2026-08-01T02:21:43Z,45.5745,-31.3699,y
2026-08-01T08:10:05Z,8.7587,107.9047,b
2026-08-01T05:20:32Z,34.8369,-37.8132,r
2026-08-01T03:17:49Z,-56.0043,-77.3052,3
2026-08-01T01:49:41Z,-10.8977,-61.7559,f
2026-08-01T10:25:26Z,14.2593,-123.5289,g
2026-08-01T09:54:01Z,-54.0667,78.8475,8
2026-08-01T09:45:27Z,-4.4211,-133.4860,8
2026-08-01T08:44:03Z,-17.6764,28.1031,s
2026-08-01T20:29:01Z,-46.7599,-132.1973,_
2026-08-01T15:31:48Z,5.0997,-154.2280,w
2026-08-01T21:56:31Z,-53.0011,165.2745,z
2026-08-01T22:28:15Z,49.0546,-166.8209,c
2026-08-01T13:56:19Z,-42.2205,-88.6757,4
2026-08-01T09:44:09Z,-0.5742,85.1464,9
2026-08-01T17:24:14Z,-42.6148,-66.7254,o
2026-08-01T07:56:28Z,-25.3008,87.6832,3
2026-08-01T20:59:03Z,36.5878,-46.0079,u
2026-08-01T11:57:01Z,-11.3642,136.9828,2
2026-08-01T06:41:40Z,50.7904,149.1160,w
2026-08-01T12:13:50Z,-19.5140,-108.1052,9
2026-08-01T05:15:04Z,-3.1117,154.1082,v
2026-08-01T07:12:34Z,-1.2958,20.6746,b
2026-08-01T17:38:14Z,5.9046,-31.9658,8
2026-08-01T16:01:07Z,-13.4019,75.5494,n
2026-08-01T22:27:40Z,27.1379,-92.9893,c
2026-08-01T17:06:25Z,-41.9133,-151.7307,j
2026-08-01T07:58:28Z,5.1394,-71.9127,3
2026-08-01T22:51:10Z,-19.8157,34.0687,s
2026-08-01T21:18:43Z,40.2213,45.9035,w
2026-08-01T11:26:21Z,-46.2673,19.7605,r
2026-08-01T08:05:19Z,8.8636,12.3407,l
2026-08-01T04:15:36Z,39.7706,172.8735,t
2026-08-01T19:57:43Z,21.0979,14.6253,t
2026-08-01T20:18:23Z,-5.0428,-89.4109,y
2026-08-01T00:45:27Z,-1.3534,-10.1154,_
2026-08-01T16:59:11Z,52.0873,121.8804,6
2026-08-01T13:52:34Z,-43.1013,33.6874,b
2026-08-01T18:33:59Z,-32.5142,158.3667,z
2026-08-01T23:22:48Z,-42.6678,100.7985,b
2026-08-01T16:16:33Z,40.8005,18.8849,h
2026-08-01T09:57:23Z,40.4495,126.8417,l
2026-08-01T05:21:59Z,53.9132,-127.9633,8
2026-08-01T15:40:01Z,-51.0110,-83.5721,4
2026-08-01T18:58:32Z,-45.7540,-88.0437,4
2026-08-01T09:44:21Z,9.0220,88.3039,7
2026-08-01T07:44:41Z,-37.5900,-155.1079,l
2026-08-01T02:20:45Z,43.9549,-35.8616,n
2026-08-01T20:20:02Z,21.5980,18.5731,l
2026-08-01T18:35:13Z,-12.7295,125.1559,{
2026-08-01T20:39:19Z,48.3795,-171.4654,v
2026-08-01T00:16:52Z,28.7636,-153.4119,t
2026-08-01T08:18:59Z,29.2563,133.4477,g
2026-08-01T19:21:02Z,29.4772,-41.3526,}
2026-08-01T23:21:57Z,-46.5583,92.1722,h
2026-08-01T15:28:59Z,56.1985,-66.3278,r
2026-08-01T06:14:35Z,-52.2138,68.2507,f
2026-08-01T02:02:20Z,34.8456,-130.8362,8
2026-08-01T15:09:29Z,-50.5177,-54.2948,l
2026-08-01T00:24:23Z,39.0596,28.9724,1
2026-08-01T23:45:30Z,-33.9072,-154.8874,h
2026-08-01T07:55:28Z,-47.5430,75.8185,q
2026-08-01T13:24:06Z,-9.2092,82.3941,r
2026-08-01T01:29:49Z,-57.2330,-124.3976,}
2026-08-01T05:23:07Z,-31.3121,59.0338,d
2026-08-01T12:26:55Z,40.8265,138.3608,f
2026-08-01T21:26:22Z,21.2238,61.5108,r
2026-08-01T07:58:34Z,28.5306,-155.1555,8
2026-08-01T15:55:58Z,-15.3708,-20.5259,4
2026-08-01T12:06:31Z,4.0749,-135.5238,4
2026-08-01T19:33:58Z,60.7749,16.2506,w
2026-08-01T13:19:59Z,59.1174,138.8421,a
2026-08-01T08:48:25Z,26.9794,-99.0428,3
2026-08-01T21:32:31Z,-2.5753,80.6403,r
2026-08-01T13:19:55Z,-37.4667,-72.3000,m
2026-08-01T07:32:29Z,-33.0205,-29.8223,q
2026-08-01T07:47:36Z,-11.1561,-51.3328,i
2026-08-01T17:25:02Z,46.0053,145.4653,h
2026-08-01T15:28:23Z,-34.4400,-144.6234,d
2026-08-01T00:32:49Z,49.2922,-84.8670,9
2026-08-01T19:52:45Z,20.4181,87.6320,k
2026-08-01T17:34:40Z,32.9324,-166.5806,i
2026-08-01T02:52:00Z,16.6596,142.7657,}
2026-08-01T04:50:15Z,40.2449,-144.3189,r
2026-08-01T06:10:47Z,-32.5292,-33.6647,1
2026-08-01T01:47:00Z,-4.3664,101.8066,y
2026-08-01T21:36:51Z,44.5177,3.4393,5
2026-08-01T10:08:47Z,55.4472,-176.7947,y
2026-08-01T22:54:02Z,-31.0924,7.5585,z
2026-08-01T16:11:19Z,-30.6378,-161.8851,8
2026-08-01T05:18:25Z,47.7874,-143.0251,}
2026-08-01T03:04:34Z,5.3931,-55.5069,9
2026-08-01T16:59:56Z,-29.8479,175.7793,l
2026-08-01T15:48:42Z,-52.3423,130.3312,5
2026-08-01T11:59:33Z,45.5660,101.0800,j
2026-08-01T18:09:47Z,44.9124,70.3847,r
2026-08-01T21:04:50Z,-23.0931,51.6582,c
2026-08-01T05:41:29Z,17.9804,-47.2462,z
2026-08-01T21:42:32Z,-39.4263,-77.4552,f
2026-08-01T09:21:56Z,-52.4025,12.9072,h
2026-08-01T13:33:29Z,22.4961,-168.8889,n
2026-08-01T13:50:09Z,-26.0060,-141.8533,y
2026-08-01T11:03:07Z,-40.4197,17.6587,g
2026-08-01T06:12:45Z,29.4781,-159.2272,_
2026-08-01T20:01:52Z,-8.3479,117.4165,3
2026-08-01T11:39:49Z,-6.1186,-80.2628,v
2026-08-01T04:31:03Z,0.7684,-58.0277,w
2026-08-01T01:27:24Z,-54.5898,129.5423,x
2026-08-01T19:11:56Z,5.7491,-66.5849,f
2026-08-01T02:39:45Z,-30.6694,43.9977,g
2026-08-01T14:04:53Z,-59.9119,-65.8625,1
2026-08-01T04:24:25Z,-40.3389,14.4340,5
2026-08-01T10:53:29Z,-59.9065,-27.0747,2
2026-08-01T09:20:24Z,-56.5468,9.2332,2
2026-08-01T14:22:16Z,-13.0076,-0.1669,u
2026-08-01T03:27:35Z,13.7456,179.2865,h
2026-08-01T12:39:31Z,20.1220,25.2631,_
2026-08-01T13:37:53Z,-46.5616,-176.0353,y
2026-08-01T07:16:59Z,14.9062,-66.5772,y
2026-08-01T13:21:13Z,-44.7899,20.4626,z
2026-08-01T15:32:33Z,-58.4312,-110.4776,4
2026-08-01T02:00:38Z,19.2894,7.3544,v
2026-08-01T12:49:32Z,-59.8455,17.5350,n
2026-08-01T16:04:08Z,8.8020,-10.8624,2
2026-08-01T15:43:46Z,-44.4658,-68.0053,n
2026-08-01T21:31:26Z,0.6127,-87.8464,j
2026-08-01T07:46:40Z,-55.8398,32.5941,1
2026-08-01T03:28:03Z,8.0951,-178.3270,d
2026-08-01T06:02:02Z,46.1672,119.2226,0
2026-08-01T17:00:12Z,-10.1466,176.3077,6
2026-08-01T11:06:28Z,-45.9529,11.1251,q
2026-08-01T21:04:30Z,53.2598,-31.8067,w
2026-08-01T08:04:42Z,-7.2547,98.9367,m
2026-08-01T14:14:16Z,-13.9853,-90.2826,s
2026-08-01T13:35:07Z,-0.7055,159.8212,c
2026-08-01T14:28:50Z,8.4173,19.2881,u
2026-08-01T02:29:37Z,26.5151,-6.0151,8
2026-08-01T18:19:24Z,21.2953,128.4992,j
2026-08-01T03:46:57Z,50.8302,-100.5259,1
2026-08-01T13:57:57Z,-36.9990,-37.2597,i
2026-08-01T18:46:41Z,19.0074,160.6791,p
2026-08-01T20:17:01Z,-30.5359,117.5770,7
2026-08-01T02:39:37Z,0.9490,19.3093,3
2026-08-01T14:45:45Z,49.0260,66.7792,2
2026-08-01T10:47:14Z,-45.3637,-61.0864,a
2026-08-01T01:47:53Z,-4.9475,-159.8993,t
2026-08-01T19:20:49Z,-57.2175,112.2251,t
2026-08-01T07:58:12Z,11.0304,71.4321,b
2026-08-01T16:17:38Z,46.3192,28.8768,w
2026-08-01T17:37:04Z,-41.0931,125.1997,1
2026-08-01T11:18:15Z,4.5584,28.7086,_
2026-08-01T23:28:29Z,26.6029,-104.6941,c
2026-08-01T14:26:23Z,-3.3251,18.4676,3
2026-08-01T06:39:27Z,15.8887,139.0289,o
2026-08-01T11:43:12Z,58.4897,150.2434,l
2026-08-01T00:12:49Z,46.9817,177.1174,w
2026-08-01T21:48:37Z,-39.8018,127.8160,0
2026-08-01T23:58:44Z,13.1844,-127.6836,s
2026-08-01T23:02:03Z,23.8740,49.5042,2
2026-08-01T01:30:18Z,-55.9020,145.3636,d
2026-08-01T12:18:27Z,-26.3204,-41.9243,3
2026-08-01T10:30:09Z,-34.6509,-18.5218,a
2026-08-01T01:30:16Z,-20.2897,147.4482,b
2026-08-01T21:53:58Z,-51.0488,151.0379,w
2026-08-01T16:43:23Z,24.3436,142.9206,c
2026-08-01T13:22:08Z,-45.6766,-168.6764,s
2026-08-01T15:57:00Z,45.6918,123.0292,v
2026-08-01T17:51:07Z,39.9413,-0.2710,r
2026-08-01T07:20:05Z,9.7983,-61.7984,f
2026-08-01T08:51:20Z,-47.6458,-25.7137,u
2026-08-01T13:50:45Z,-10.6072,143.2782,i
2026-08-01T14:33:22Z,15.5020,15.8273,l
2026-08-01T15:48:36Z,-46.2335,-51.0498,b
2026-08-01T13:26:44Z,34.6402,-83.8540,t
2026-08-01T10:10:37Z,-58.1807,-9.9259,}
2026-08-01T04:34:35Z,-14.2969,110.7390,g
2026-08-01T20:40:37Z,-18.1094,-94.6808,g
2026-08-01T14:49:29Z,-42.4831,9.3084,j
2026-08-01T16:09:47Z,40.4675,-84.8918,_
2026-08-01T23:23:00Z,46.5716,-126.3272,3
2026-08-01T11:19:37Z,1.2950,69.8883,_
2026-08-01T12:46:19Z,-17.7887,17.5988,g
2026-08-01T20:05:28Z,53.4130,34.0138,q
2026-08-01T11:45:29Z,5.1553,-128.5462,6
2026-08-01T20:35:50Z,33.6227,-56.1131,g
2026-08-01T00:23:26Z,27.6169,-110.3625,4
2026-08-01T13:45:16Z,-9.3089,-150.5674,y
2026-08-01T09:13:18Z,-11.0017,62.7919,o
2026-08-01T13:21:39Z,57.0492,150.5509,a
2026-08-01T10:55:02Z,-57.8096,-20.0253,f
2026-08-01T00:48:42Z,49.2216,-0.4528,r
2026-08-01T12:09:22Z,-15.4805,-117.9092,p
2026-08-01T10:45:45Z,-40.5512,-73.0134,m
2026-08-01T14:12:55Z,-32.8860,-107.2961,z
2026-08-01T01:41:17Z,-24.7361,177.1647,{
2026-08-01T08:26:26Z,-43.4401,68.9687,9
2026-08-01T16:59:44Z,-28.9374,176.9836,}
2026-08-01T00:51:19Z,36.0934,6.3027,z
2026-08-01T05:16:46Z,54.5357,-151.4582,w
2026-08-01T06:34:38Z,-25.3134,23.4531,7
2026-08-01T08:49:17Z,24.3261,-104.9800,m
2026-08-01T15:48:13Z,-43.5520,-47.3837,7
2026-08-01T12:15:42Z,-22.3249,-107.4696,y
2026-08-01T07:59:56Z,50.1556,-9.2286,8
2026-08-01T16:21:50Z,51.5591,46.3199,j
2026-08-01T20:57:57Z,47.5456,173.9585,a
2026-08-01T10:29:01Z,7.7616,-114.2786,}
2026-08-01T11:43:42Z,10.2831,-130.7481,5
2026-08-01T12:21:15Z,42.7498,-99.0960,l
2026-08-01T14:01:01Z,-56.0551,-85.5062,5
2026-08-01T23:08:54Z,-4.7233,54.4440,3
2026-08-01T09:42:51Z,18.8092,-97.1050,r
2026-08-01T06:51:39Z,42.3130,-173.0320,d
2026-08-01T00:16:42Z,-5.7647,-62.3692,q
2026-08-01T04:09:55Z,11.5492,-21.2097,n
2026-08-01T23:40:14Z,23.8930,-24.2899,l
2026-08-01T05:17:01Z,43.7851,-78.0968,k
2026-08-01T17:00:52Z,-32.1808,-169.4442,c
2026-08-01T18:37:24Z,-32.3769,159.3991,{
2026-08-01T22:28:09Z,-52.4310,99.0443,0
2026-08-01T22:06:26Z,-9.0278,-98.6033,{
2026-08-01T14:07:15Z,-40.1880,-89.2564,a
2026-08-01T06:23:39Z,-34.5491,105.5055,f
2026-08-01T06:32:01Z,-11.0421,127.3877,1
2026-08-01T06:53:57Z,47.9956,-169.8065,6
2026-08-01T14:42:37Z,-23.5100,21.0085,e
2026-08-01T16:08:31Z,37.6682,-68.0902,8
2026-08-01T13:34:29Z,-32.7017,137.7484,q
2026-08-01T09:00:06Z,-12.0365,-79.7644,w
2026-08-01T11:05:24Z,55.3788,-124.2393,o
2026-08-01T21:20:43Z,41.4853,44.7356,c
2026-08-01T15:54:21Z,-24.8493,-28.2434,k
2026-08-01T00:00:11Z,-27.6796,-44.8552,1
2026-08-01T22:50:21Z,48.3052,7.6208,1
2026-08-01T18:32:44Z,-22.0385,147.5152,6
2026-08-01T15:45:30Z,-47.4213,-54.5451,a
2026-08-01T01:21:14Z,-50.0998,89.0026,u
2026-08-01T14:47:45Z,-2.2388,114.5881,{
2026-08-01T08:56:34Z,21.1055,-163.5515,x
2026-08-01T09:35:10Z,19.2996,152.2702,e
2026-08-01T08:31:15Z,-54.3214,111.2903,j
2026-08-01T05:27:08Z,55.7444,70.8411,v
2026-08-01T22:51:43Z,38.4986,169.0888,}
2026-08-01T01:30:42Z,-51.1824,147.2078,p
2026-08-01T22:26:51Z,54.8092,86.5647,3
2026-08-01T10:07:27Z,50.6892,162.9607,w
2026-08-01T12:54:00Z,-1.9173,-23.8881,a
2026-08-01T10:08:58Z,54.2705,175.0799,5
2026-08-01T10:13:26Z,50.3695,-65.1537,r
2026-08-01T17:49:53Z,35.4684,-5.3891,9
2026-08-01T13:18:45Z,21.3361,107.5111,f
2026-08-01T21:27:40Z,-0.2552,12.0631,g
2026-08-01T21:59:17Z,-59.9786,-77.3279,c
2026-08-01T00:18:13Z,7.4736,-125.0725,n
2026-08-01T12:33:05Z,44.7926,159.1955,9
2026-08-01T22:24:58Z,39.9214,110.2676,z
2026-08-01T08:29:36Z,32.5833,46.6253,d
2026-08-01T22:48:45Z,55.9556,70.6788,}
2026-08-01T04:10:46Z,2.1182,-14.3105,3
2026-08-01T08:43:25Z,30.2628,-120.3887,f
2026-08-01T14:30:55Z,3.5327,16.9826,5
2026-08-01T18:33:59Z,5.2638,96.9113,2
2026-08-01T04:49:58Z,43.2118,-24.0728,t
2026-08-01T15:14:58Z,8.5958,-179.3570,q
2026-08-01T01:14:20Z,-34.1184,62.0870,n
2026-08-01T01:31:47Z,-46.6304,153.4972,b
2026-08-01T15:46:42Z,54.5130,-141.7312,j
2026-08-01T13:10:51Z,46.6426,89.9137,u
2026-08-01T04:12:29Z,-5.9418,37.7116,5
2026-08-01T04:01:32Z,33.1327,-34.6512,q
2026-08-01T14:06:50Z,-51.3135,-52.6847,i
2026-08-01T13:30:36Z,28.2540,-178.6358,{
2026-08-01T04:38:33Z,-58.2740,86.6847,2
2026-08-01T21:13:08Z,47.4077,11.5447,i
2026-08-01T21:35:39Z,-1.6759,81.0251,o
2026-08-01T13:44:58Z,-17.1302,-140.7683,8
2026-08-01T15:35:55Z,0.8410,138.2995,j
2026-08-01T08:00:23Z,-14.2253,109.1221,}
2026-08-01T13:54:30Z,-43.9474,-120.4523,f
2026-08-01T12:48:59Z,-6.0318,32.2727,i
2026-08-01T05:59:51Z,41.5195,42.3434,5
2026-08-01T01:03:24Z,5.4025,37.2521,0
2026-08-01T02:19:21Z,-38.4287,144.3665,{
2026-08-01T15:53:01Z,-23.3107,-29.4987,a
2026-08-01T04:42:49Z,-14.5029,151.5476,d
2026-08-01T14:14:39Z,-38.9658,-27.8958,w
2026-08-01T20:22:36Z,-60.1245,-164.0907,r
2026-08-01T01:42:36Z,35.7835,26.9168,t
2026-08-01T13:53:35Z,-36.1721,-127.0923,p
2026-08-01T13:45:05Z,7.0035,38.9221,o
2026-08-01T16:18:21Z,49.4187,37.2779,c
2026-08-01T10:30:56Z,-0.4454,-104.7097,y
2026-08-01T15:37:23Z,-9.9837,83.0235,z
2026-08-01T11:16:38Z,-3.6652,49.2105,h
2026-08-01T00:50:15Z,39.0461,5.8153,p
2026-08-01T18:25:50Z,8.4651,60.1536,1
2026-08-01T00:37:49Z,53.7257,-57.2415,_
2026-08-01T09:37:18Z,-18.2337,102.8890,e
2026-08-01T01:49:50Z,5.0119,-162.0172,8
2026-08-01T12:53:31Z,8.6609,33.7150,v
2026-08-01T22:46:56Z,1.8181,-11.2650,p
2026-08-01T17:38:54Z,8.2627,-31.2282,1
2026-08-01T01:59:05Z,8.4039,59.9684,5
2026-08-01T03:10:31Z,-38.8990,136.0507,a
2026-08-01T09:31:12Z,7.9652,145.3193,r
2026-08-01T12:07:27Z,13.7309,-123.8392,}
2026-08-01T12:29:43Z,48.1638,166.5897,i
2026-08-01T03:34:54Z,33.0534,-160.9846,s
2026-08-01T21:58:38Z,-51.7595,173.0098,7
2026-08-01T22:52:22Z,37.3927,17.2793,g
2026-08-01T07:10:30Z,33.2404,-93.5166,b
2026-08-01T01:37:24Z,-41.3333,-63.4796,b
2026-08-01T22:15:34Z,-11.0981,-116.3506,o
2026-08-01T17:24:14Z,-46.4074,101.0342,n
2026-08-01T14:44:08Z,-35.3219,35.9453,n
2026-08-01T06:55:53Z,45.3294,-153.0697,2
2026-08-01T02:08:41Z,22.6815,158.6871,5
2026-08-01T16:48:55Z,-19.7576,-174.5549,{
2026-08-01T12:34:32Z,-50.5142,-22.4144,v
2026-08-01T05:00:25Z,-54.7471,-176.7815,{
2026-08-01T07:59:26Z,-28.4868,78.4003,f
2026-08-01T03:45:59Z,54.6638,173.1949,o
2026-08-01T22:46:30Z,48.2101,-12.5907,p
2026-08-01T23:26:29Z,-46.1024,110.0445,8
2026-08-01T11:19:56Z,8.4794,61.4334,n
2026-08-01T03:52:35Z,43.0464,-68.9955,3
2026-08-01T13:16:03Z,57.7126,118.0843,1
2026-08-01T16:14:22Z,30.7412,19.3948,v
2026-08-01T17:27:43Z,-12.9803,-111.4141,q
2026-08-01T04:52:12Z,-12.4215,154.4758,2
2026-08-01T02:19:12Z,35.6828,5.4774,4
2026-08-01T22:01:19Z,-48.3415,-168.6399,v
2026-08-01T06:19:06Z,21.8330,-105.5438,a
2026-08-01T10:38:53Z,52.4364,-24.4171,9
2026-08-01T01:59:56Z,32.2601,-131.3190,n
2026-08-01T22:49:23Z,47.8104,7.5593,0
2026-08-01T21:07:16Z,46.7039,-22.7128,r
2026-08-01T12:13:27Z,-6.3615,122.4341,h
2026-08-01T20:23:54Z,-61.4806,-163.9888,j
2026-08-01T00:43:13Z,50.0531,-25.7926,v
2026-08-01T23:39:33Z,-45.6435,-173.2305,q
2026-08-01T15:24:47Z,-27.9405,-163.6017,9
2026-08-01T04:23:35Z,53.4284,-177.8407,g
2026-08-01T17:32:05Z,-9.5186,-51.5656,5
2026-08-01T22:04:58Z,-44.7616,-149.9443,9
2026-08-01T20:38:36Z,-23.6980,-97.7888,e
2026-08-01T10:42:13Z,-39.3987,-75.1748,5
2026-08-01T06:44:16Z,-12.4014,-98.7875,}
2026-08-01T08:16:00Z,22.8158,123.4160,v
2026-08-01T11:54:39Z,30.6030,-155.6546,m
2026-08-01T19:11:56Z,4.2626,-54.1123,4
2026-08-01T22:00:00Z,4.3109,-172.8150,f
2026-08-01T04:18:22Z,11.3350,-147.8560,}
2026-08-01T13:48:20Z,-8.2739,129.9534,{
2026-08-01T17:34:37Z,-9.0176,-39.6337,n
2026-08-01T05:52:28Z,-10.9482,-21.9419,a
2026-08-01T08:17:20Z,38.3724,96.7090,i
2026-08-01T08:17:23Z,-32.2228,-127.4325,u
2026-08-01T14:38:25Z,-34.5630,-43.2285,4
2026-08-01T10:09:09Z,52.1415,178.6709,j
2026-08-01T06:20:22Z,59.0370,-120.3643,}
2026-08-01T00:29:35Z,57.2755,163.6346,p
2026-08-01T14:29:42Z,4.9283,15.5302,w
2026-08-01T11:12:16Z,-17.1945,50.6323,e
2026-08-01T19:21:04Z,35.3676,56.3453,x
2026-08-01T20:27:04Z,56.0052,-69.5906,b
2026-08-01T19:41:34Z,-11.8076,30.9362,b
2026-08-01T21:23:40Z,25.2645,68.1893,g
2026-08-01T23:39:02Z,-52.4711,42.6822,j
2026-08-01T15:21:44Z,-12.5778,-164.7603,c
2026-08-01T19:46:05Z,7.9677,-140.0340,}
2026-08-01T16:17:38Z,48.7397,29.3160,9
2026-08-01T13:50:10Z,-27.2505,-140.3398,5
2026-08-01T09:55:30Z,30.1923,113.8712,6
2026-08-01T13:53:33Z,53.9670,62.5533,1
2026-08-01T04:47:08Z,15.2601,90.4921,5
2026-08-01T06:49:11Z,37.3045,167.5164,d
2026-08-01T18:54:41Z,-53.0275,108.2817,l
2026-08-01T02:57:56Z,-55.2284,77.5258,m
2026-08-01T02:52:36Z,-44.6898,51.0486,2
2026-08-01T17:46:09Z,23.2824,-22.6648,a
2026-08-01T08:00:55Z,-24.8160,86.5740,k
2026-08-01T16:13:12Z,-0.0282,-160.9173,2
2026-08-01T02:32:02Z,9.7982,88.0166,w
2026-08-01T22:08:12Z,-9.7217,140.4833,d
2026-08-01T13:11:04Z,31.6909,107.0574,y
2026-08-01T09:15:47Z,-54.1754,-18.2740,b
2026-08-01T12:45:38Z,28.6173,-167.5768,r
2026-08-01T08:22:05Z,15.1172,-120.5029,y
2026-08-01T02:43:41Z,-17.7747,32.7685,n
2026-08-01T03:27:01Z,-58.0183,96.2478,p
2026-08-01T10:33:18Z,5.1546,-149.7708,h
2026-08-01T05:45:18Z,9.6284,-45.5454,5
2026-08-01T07:24:39Z,-7.6447,-58.8504,t
2026-08-01T19:28:15Z,44.2010,-8.3467,l
2026-08-01T04:19:04Z,-17.9680,10.7414,d
2026-08-01T03:11:35Z,56.9176,73.9538,w
2026-08-01T18:37:38Z,57.1409,140.1800,r
2026-08-01T16:25:02Z,-31.9313,-45.6855,6
2026-08-01T03:25:48Z,38.0235,-22.5441,v
2026-08-01T01:40:25Z,29.1189,-6.5526,g
2026-08-01T08:19:30Z,-39.2566,15.6642,l
2026-08-01T14:19:34Z,-24.0442,-3.8811,0
2026-08-01T07:31:14Z,-3.9605,-0.4864,2
2026-08-01T03:59:14Z,-1.6167,172.1549,w
2026-08-01T20:48:42Z,8.6499,-84.5885,r
2026-08-01T19:52:38Z,17.9108,92.0439,a
2026-08-01T17:06:28Z,41.4750,125.4472,u
2026-08-01T06:17:38Z,2.4128,176.7070,a
2026-08-01T16:08:17Z,-28.5141,131.5334,t
2026-08-01T06:02:37Z,-48.8893,1.7700,n
2026-08-01T16:55:12Z,22.7232,-58.1099,z
2026-08-01T03:28:07Z,-23.8383,162.2058,n
2026-08-01T20:56:17Z,33.2150,-69.0991,0
2026-08-01T03:55:46Z,-54.7958,55.8714,o
2026-08-01T20:18:29Z,-45.5759,-38.6162,z
2026-08-01T23:56:49Z,26.6698,-98.2984,1
2026-08-01T12:55:46Z,-13.0230,-108.5339,c
2026-08-01T09:14:09Z,11.3714,158.4812,i
2026-08-01T15:51:22Z,53.8698,-177.1378,0
2026-08-01T12:21:01Z,51.3851,135.7570,}
2026-08-01T07:27:29Z,-13.6275,-48.4423,n
2026-08-01T07:31:25Z,-27.3715,-40.6734,e
2026-08-01T22:47:12Z,39.4614,114.0270,0
2026-08-01T20:07:14Z,-26.3889,125.1504,3
2026-08-01T05:22:59Z,59.3499,-124.3226,4
2026-08-01T07:37:44Z,-32.8956,-93.7364,d
2026-08-01T13:33:38Z,-31.4648,60.0530,5
2026-08-01T13:00:18Z,44.3259,171.5390,c
2026-08-01T16:58:21Z,24.7580,-21.6011,e
2026-08-01T10:07:11Z,1.6773,-152.6245,p
2026-08-01T01:02:21Z,5.1491,31.7186,6
2026-08-01T11:47:00Z,51.5708,170.3611,l
2026-08-01T02:57:22Z,-53.5795,78.5629,z
2026-08-01T00:46:36Z,-47.3143,-47.1058,4
2026-08-01T15:53:17Z,-25.2309,-33.7093,i
2026-08-01T00:18:05Z,-21.0345,-172.7197,v
2026-08-01T15:39:41Z,-46.1613,5.2585,m
2026-08-01T10:09:09Z,54.7152,-103.1010,w
2026-08-01T08:52:00Z,30.1362,89.0946,_
2026-08-01T12:53:38Z,-0.1812,39.3981,{
2026-08-01T15:02:28Z,39.4289,150.1298,z
2026-08-01T06:56:31Z,-41.3876,-65.4702,b
2026-08-01T02:36:47Z,-47.4312,40.9666,u
2026-08-01T13:27:32Z,35.9182,173.4420,m
2026-08-01T14:39:21Z,-39.4469,33.3625,9
2026-08-01T15:16:24Z,-6.1155,175.2895,{
2026-08-01T11:06:35Z,-27.1003,32.2779,q
2026-08-01T04:22:08Z,-10.8887,73.7321,d
2026-08-01T11:00:38Z,-47.7321,11.3818,q
2026-08-01T08:05:22Z,37.3151,81.0579,w
2026-08-01T05:52:12Z,48.0398,-95.3293,i
2026-08-01T05:38:50Z,7.5489,-149.1731,4
2026-08-01T20:31:49Z,-46.3356,-123.7481,o
2026-08-01T04:51:30Z,-23.1215,135.6921,e
2026-08-01T03:31:50Z,26.6092,-164.8547,0
2026-08-01T10:18:27Z,34.6865,-130.4012,n
2026-08-01T19:03:40Z,-23.2312,153.5295,0
2026-08-01T07:03:12Z,49.9239,-114.2423,l
2026-08-01T23:17:00Z,-39.4293,48.2324,d
2026-08-01T04:24:03Z,55.9011,-80.2086,{
2026-08-01T12:50:43Z,-39.8156,92.3241,6
2026-08-01T06:12:51Z,-36.7564,-7.0097,_
2026-08-01T23:01:32Z,27.2752,44.9916,{
2026-08-01T01:21:46Z,0.7269,107.9484,r
2026-08-01T07:04:13Z,-38.0021,3.4541,9
2026-08-01T02:30:19Z,24.5574,-5.2118,q
2026-08-01T16:28:54Z,53.4770,88.7658,7
2026-08-01T16:21:22Z,51.2480,46.4484,3
2026-08-01T06:12:32Z,7.1814,156.5843,7
2026-08-01T20:54:03Z,25.1119,-68.5463,p
2026-08-01T18:07:14Z,17.5925,-67.0609,l
2026-08-01T17:05:23Z,-47.9086,-157.7758,r
2026-08-01T22:26:47Z,25.5407,76.5515,j
2026-08-01T07:17:06Z,4.7114,-162.8205,f
2026-08-01T22:51:50Z,40.9674,21.0349,{
2026-08-01T21:08:26Z,57.4302,-5.5045,g
2026-08-01T05:00:27Z,6.2232,156.5245,y
2026-08-01T13:15:11Z,50.5713,103.5233,e
2026-08-01T17:05:06Z,-10.8203,115.1467,e
2026-08-01T11:07:34Z,-28.4462,31.9221,w
2026-08-01T15:59:28Z,58.6730,12.3354,l
2026-08-01T19:32:10Z,23.9778,-132.8406,x
2026-08-01T07:01:13Z,1.6143,11.1468,}
2026-08-01T01:23:20Z,9.2997,-87.7729,_
2026-08-01T22:01:48Z,-45.5532,-169.5128,6
2026-08-01T00:09:55Z,-11.2583,-140.6938,3
2026-08-01T20:59:58Z,33.7102,-53.7208,k
2026-08-01T09:19:54Z,-1.9930,69.6490,u
2026-08-01T02:36:35Z,0.4736,11.4380,8
2026-08-01T05:00:17Z,-5.0440,154.1681,t
2026-08-01T00:43:21Z,-3.3632,-128.1631,0
2026-08-01T03:43:33Z,49.0802,-122.4561,q
2026-08-01T16:05:34Z,7.3930,-0.8405,{
2026-08-01T00:16:37Z,6.4159,-135.9648,3
2026-08-01T07:51:11Z,-48.6517,58.3607,8
2026-08-01T09:12:05Z,21.0358,-148.7570,4
2026-08-01T09:45:14Z,-32.1634,160.7806,9
2026-08-01T22:01:00Z,-52.9127,-169.7468,5
2026-08-01T21:49:01Z,-14.5954,-12.7859,w
2026-08-01T10:32:34Z,-12.9143,-105.6715,0
2026-08-01T13:54:13Z,-49.2774,-177.3887,e
2026-08-01T05:19:24Z,-42.3369,105.6589,z
2026-08-01T02:29:33Z,-21.3341,-129.2556,8
2026-08-01T07:12:54Z,23.4717,-87.0789,3
2026-08-01T20:38:32Z,-46.6192,174.7059,1
2026-08-01T03:21:37Z,-29.9124,-65.3144,3
2026-08-01T06:55:19Z,-27.7596,-176.5204,b
2026-08-01T19:43:51Z,41.8254,65.3697,9
2026-08-01T15:12:11Z,7.7759,179.6287,4
2026-08-01T11:52:36Z,41.2623,-164.1083,m
2026-08-01T03:40:29Z,17.0131,-64.5310,y
2026-08-01T14:14:59Z,-36.2166,-23.0070,h
2026-08-01T17:18:28Z,-43.4388,-86.6122,v
2026-08-01T13:51:42Z,-25.2795,-132.5138,f
2026-08-01T17:25:27Z,25.1515,31.8752,n
2026-08-01T10:02:24Z,53.1526,-93.0047,g
2026-08-01T21:18:29Z,54.0884,-103.3019,k
2026-08-01T13:57:49Z,-46.9560,-108.0704,3
2026-08-01T14:51:26Z,21.8474,105.3342,0
2026-08-01T02:00:48Z,1.5982,116.2706,a
2026-08-01T14:32:46Z,39.8471,131.9280,s
2026-08-01T16:17:38Z,46.1672,32.6015,0
2026-08-01T15:15:47Z,-8.0485,-177.7543,}
2026-08-01T08:31:18Z,59.3542,-144.7145,b
2026-08-01T21:33:35Z,57.3687,-153.5025,4
2026-08-01T20:19:38Z,-50.3617,171.0436,l
2026-08-01T03:09:44Z,-38.7895,138.4655,o
2026-08-01T17:18:44Z,-39.2859,-90.6220,1
2026-08-01T01:06:27Z,-9.3997,55.3529,i
2026-08-01T22:48:36Z,52.5181,-8.4043,7
2026-08-01T16:58:28Z,-19.6844,178.8217,6
2026-08-01T05:17:15Z,48.8852,-153.0205,4
2026-08-01T02:08:27Z,52.9698,-98.9942,k
2026-08-01T14:01:59Z,-56.9069,-83.2836,y
2026-08-01T01:02:24Z,2.2578,39.0527,b
2026-08-01T18:46:00Z,-55.0073,-150.6368,{
2026-08-01T00:20:50Z,15.2391,-122.4713,8
2026-08-01T05:51:33Z,-25.5037,-141.0704,b
2026-08-01T13:44:01Z,-15.5190,-144.2679,f
2026-08-01T22:50:16Z,15.1488,-50.3382,9
2026-08-01T04:53:33Z,-22.7863,151.2098,i
2026-08-01T08:02:53Z,-38.2980,145.2702,{
2026-08-01T08:36:03Z,57.5072,-152.4605,t
2026-08-01T15:31:23Z,-46.3813,-129.1896,m
2026-08-01T11:45:58Z,55.1496,0.9971,j
2026-08-01T12:41:56Z,-39.0005,11.3956,1
2026-08-01T11:16:55Z,-3.0969,58.0163,2
2026-08-01T00:34:18Z,7.5495,176.0413,2
2026-08-01T04:03:32Z,34.5323,-31.1909,{
2026-08-01T17:05:14Z,-52.9365,-80.3819,z
2026-08-01T09:25:53Z,3.4951,-136.8797,x
2026-08-01T19:49:21Z,39.6270,-7.1856,f
2026-08-01T12:07:20Z,-8.8871,-125.3201,3
2026-08-01T14:54:12Z,40.9227,-71.2084,t
2026-08-01T15:47:03Z,-41.7306,-55.6470,7
2026-08-01T04:23:08Z,-36.7590,18.7763,v
2026-08-01T05:26:37Z,-30.3115,145.6680,g
2026-08-01T11:36:14Z,47.1213,113.0387,v
2026-08-01T18:02:55Z,25.3347,64.7362,k
2026-08-01T01:58:25Z,7.3538,-96.0592,7
2026-08-01T15:19:25Z,-15.5936,-163.8557,v
2026-08-01T10:24:37Z,17.4461,-116.9887,4
2026-08-01T00:08:56Z,-46.4392,-137.8963,z
2026-08-01T03:31:21Z,-18.6147,-161.7974,o
2026-08-01T13:47:43Z,26.8813,51.2746,o
2026-08-01T10:24:00Z,27.1116,-128.2785,m
2026-08-01T13:20:26Z,42.8026,143.8626,1
2026-08-01T10:49:15Z,46.7451,13.1841,4
2026-08-01T08:51:14Z,57.2248,-123.2655,v
2026-08-01T07:22:26Z,-0.1124,-51.6403,s
2026-08-01T22:31:34Z,-39.4660,-60.1581,k
2026-08-01T20:44:26Z,-3.3379,-87.3049,0
2026-08-01T20:40:22Z,-10.1784,-156.0642,l
2026-08-01T03:56:20Z,44.9215,-55.3728,2
2026-08-01T21:11:20Z,58.2361,-115.3181,p
2026-08-01T08:23:02Z,39.1319,143.2596,9
2026-08-01T04:02:23Z,21.7512,-32.4290,r
2026-08-01T20:37:20Z,-33.1179,-107.5064,f
2026-08-01T21:59:56Z,-51.9001,-175.2842,b
2026-08-01T08:28:04Z,55.0943,-142.4059,3
2026-08-01T15:25:38Z,45.2433,-41.4382,w
2026-08-01T01:39:21Z,6.9080,-129.6614,h
2026-08-01T08:42:07Z,45.9489,-121.2526,j
2026-08-01T11:57:46Z,-44.2694,102.6936,3
2026-08-01T03:12:29Z,-35.0389,146.6670,3
2026-08-01T04:22:31Z,-46.1074,-91.6698,v
2026-08-01T14:33:35Z,2.9628,-122.6292,z
2026-08-01T08:30:21Z,-13.3980,-164.5123,f
2026-08-01T11:02:20Z,-50.1442,19.2048,k
2026-08-01T21:07:21Z,50.4959,-18.5185,q
2026-08-01T05:37:07Z,-26.7104,-3.4235,t
2026-08-01T03:19:26Z,-17.8727,162.4018,9
2026-08-01T22:59:40Z,25.1849,34.9875,i
2026-08-01T01:42:57Z,17.9341,147.1328,q
2026-08-01T16:36:02Z,-57.2808,-116.6354,6
2026-08-01T16:38:47Z,-55.4530,-94.1346,4
2026-08-01T15:49:41Z,-37.1742,-41.5596,{
2026-08-01T19:51:32Z,26.3625,93.0742,p
2026-08-01T12:40:59Z,42.9919,161.2867,x
2026-08-01T21:54:25Z,53.8594,77.5454,z
2026-08-01T18:22:56Z,11.5862,-79.5417,m
2026-08-01T09:14:06Z,-51.4148,-30.5100,{
2026-08-01T03:43:29Z,-38.7184,131.9727,0
2026-08-01T23:29:44Z,-18.4164,-100.1593,b
2026-08-01T04:25:18Z,-39.5521,27.4555,}
2026-08-01T20:10:24Z,-2.4459,-155.8631,m
2026-08-01T02:04:39Z,39.7638,-119.1669,f
2026-08-01T19:28:34Z,42.7845,-81.8346,8
2026-08-01T20:06:23Z,-41.7107,-16.6528,9
2026-08-01T05:33:22Z,10.5690,-33.7864,7
2026-08-01T02:17:59Z,-4.6784,-68.0318,e
2026-08-01T19:46:38Z,33.7668,76.7115,8
2026-08-01T11:55:29Z,32.9970,-149.9329,w
2026-08-01T02:34:42Z,5.2246,11.9109,s
2026-08-01T07:53:07Z,-47.5711,73.5688,_
2026-08-01T12:05:59Z,-23.7735,-64.4864,f
2026-08-01T20:21:35Z,-10.0481,74.6561,f
2026-08-01T10:00:57Z,38.7374,130.5764,q
2026-08-01T01:17:01Z,37.2273,73.4873,k
2026-08-01T18:33:57Z,-40.7502,172.9874,r
2026-08-01T05:33:30Z,39.3418,-67.0655,0
2026-08-01T00:24:10Z,48.0642,55.5362,1
2026-08-01T22:24:30Z,56.6501,-87.7019,4
2026-08-01T03:26:22Z,-46.8650,-176.7476,_
2026-08-01T08:51:15Z,13.3558,-93.9017,n
2026-08-01T02:52:28Z,-43.2339,45.7974,5
2026-08-01T13:59:00Z,-42.9379,-93.8788,h
2026-08-01T01:57:47Z,29.0743,-139.7175,w
2026-08-01T11:42:00Z,26.4495,-59.2064,5
2026-08-01T11:18:37Z,8.5926,24.1389,i
2026-08-01T19:50:02Z,43.0613,-10.8673,2
2026-08-01T15:29:35Z,9.0750,-59.0998,s
2026-08-01T06:42:20Z,18.6852,-175.1101,p
2026-08-01T06:04:32Z,1.2454,138.1568,2
2026-08-01T10:34:50Z,-35.5998,-137.4276,2
2026-08-01T03:01:33Z,48.3439,-31.1296,z
2026-08-01T10:52:21Z,-58.6150,-42.8543,r
2026-08-01T19:04:34Z,-25.0358,-81.1930,x
2026-08-01T18:52:01Z,-54.9781,-115.6550,a
2026-08-01T09:10:10Z,19.8807,53.3744,v
2026-08-01T08:18:53Z,-50.5864,-148.2247,6
2026-08-01T19:59:47Z,-0.1741,101.4149,m
2026-08-01T09:49:25Z,23.5383,90.7817,l
2026-08-01T13:29:17Z,32.7611,-177.5162,c
2026-08-01T14:31:31Z,-41.0600,92.4404,k
2026-08-01T01:44:21Z,-21.7926,-167.9074,h
2026-08-01T08:35:32Z,51.9631,-149.2911,a
2026-08-01T15:00:45Z,45.2395,149.1796,9
2026-08-01T06:29:27Z,-8.1172,127.2022,i
2026-08-01T02:13:02Z,45.8833,-77.3072,9
2026-08-01T19:15:00Z,7.6816,-56.4011,w
2026-08-01T22:41:50Z,-51.0123,-75.9412,{
2026-08-01T19:32:12Z,44.0221,2.4741,g
2026-08-01T19:39:05Z,57.4976,122.1931,8
2026-08-01T01:33:46Z,56.7836,-63.0676,}
2026-08-01T17:12:01Z,-44.1709,-128.6223,r
2026-08-01T04:40:29Z,-45.1674,94.6376,z
2026-08-01T01:52:06Z,-38.0434,54.3244,s
2026-08-01T08:08:31Z,-3.3584,109.6281,g
2026-08-01T05:17:42Z,16.6089,155.0130,9
2026-08-01T07:33:33Z,-19.9462,101.2129,}
2026-08-01T08:50:14Z,-34.2656,-48.8005,v
2026-08-01T01:39:47Z,-32.0284,179.0709,5
2026-08-01T21:23:51Z,24.3352,62.0638,7
2026-08-01T11:23:27Z,-28.3755,48.6849,_
2026-08-01T19:16:16Z,14.6423,-48.6956,_
2026-08-01T13:46:18Z,-22.1611,-135.8174,r
2026-08-01T11:47:46Z,41.0266,-178.0780,j
2026-08-01T20:00:29Z,-6.9234,115.4872,w
2026-08-01T18:02:25Z,52.3646,59.9475,f
2026-08-01T00:11:23Z,-16.8555,-146.5234,u
2026-08-01T17:47:37Z,26.0323,-6.1213,_
2026-08-01T03:06:18Z,-45.8227,130.4039,1
2026-08-01T07:55:46Z,-36.7230,-76.8096,z
2026-08-01T13:48:58Z,-24.7996,-143.7525,k
2026-08-01T18:41:02Z,50.0337,71.7256,q
2026-08-01T05:45:16Z,2.6310,-34.8377,o
2026-08-01T02:51:35Z,-43.0373,41.6134,y
2026-08-01T07:15:54Z,58.8381,129.4054,y
2026-08-01T15:48:21Z,-36.6453,-46.6852,5
2026-08-01T01:16:05Z,-18.6625,44.5915,{
2026-08-01T05:30:58Z,-48.4517,100.1814,g
2026-08-01T17:10:25Z,-44.4119,119.4053,o
2026-08-01T02:26:02Z,30.0968,-10.6105,6
2026-08-01T19:06:59Z,-54.4478,41.2563,4
2026-08-01T19:38:19Z,49.2792,91.3746,6
2026-08-01T19:10:32Z,-3.5258,-68.6879,s
2026-08-01T17:57:39Z,52.3403,29.0483,9
2026-08-01T09:51:29Z,26.5614,104.7514,2
2026-08-01T23:36:21Z,53.5961,58.6422,f
2026-08-01T03:45:47Z,55.9783,-105.7843,b
2026-08-01T03:53:09Z,50.5652,-79.0476,8
2026-08-01T08:45:16Z,30.4034,-109.3973,4
2026-08-01T03:54:21Z,52.1684,-61.6561,q
2026-08-01T06:42:03Z,29.6838,150.3294,_
2026-08-01T23:50:26Z,-21.7063,-72.5615,m
2026-08-01T19:52:14Z,-5.1412,-10.7852,y
2026-08-01T09:24:55Z,21.7333,5.6109,{
2026-08-01T12:39:03Z,24.8363,-113.7380,_
2026-08-01T18:39:08Z,21.7765,168.2207,q
2026-08-01T20:44:10Z,-27.6909,-83.5913,i
2026-08-01T07:32:28Z,-48.2109,84.4385,y
2026-08-01T10:04:07Z,48.4964,148.6486,0
2026-08-01T11:57:31Z,-10.4217,-35.1695,i
2026-08-01T10:25:03Z,20.5197,-123.1148,r
2026-08-01T06:47:32Z,34.2048,162.3233,2
2026-08-01T04:10:36Z,3.7890,-15.6605,s
2026-08-01T23:46:59Z,-52.4978,77.2258,o
2026-08-01T15:31:53Z,-18.8112,38.3251,9
2026-08-01T12:07:59Z,-44.9652,-26.7288,i
2026-08-01T10:25:57Z,43.6626,25.1949,8
2026-08-01T05:50:01Z,-15.4969,-145.6545,{
2026-08-01T21:37:06Z,-27.5315,-112.3279,j
2026-08-01T08:58:37Z,26.7444,154.4489,z
2026-08-01T17:15:28Z,21.7114,177.2133,1
2026-08-01T13:32:38Z,55.0764,145.8777,4
2026-08-01T01:31:56Z,17.9213,106.3970,d
2026-08-01T12:03:22Z,15.9483,11.9627,5
2026-08-01T23:54:21Z,-35.9630,33.8278,x
2026-08-01T11:54:26Z,-46.3841,-26.0490,b
2026-08-01T15:26:26Z,-26.9383,-147.5570,r
2026-08-01T16:38:27Z,30.9681,-55.8714,v
2026-08-01T10:52:14Z,-56.5562,-45.6026,l
2026-08-01T00:14:58Z,-3.0888,-129.2674,w
2026-08-01T15:42:25Z,12.5933,118.4905,s
2026-08-01T09:21:13Z,-60.0299,12.1636,g
2026-08-01T06:48:44Z,36.3983,164.8422,g
2026-08-01T02:20:32Z,48.7474,-34.7053,a
2026-08-01T04:01:27Z,49.9209,2.5227,e
2026-08-01T03:13:06Z,-35.6672,152.5059,j
2026-08-01T12:04:05Z,6.8802,-134.3956,}
2026-08-01T07:13:25Z,9.1035,61.8635,u
2026-08-01T23:48:29Z,-19.6760,-152.8285,m
2026-08-01T00:12:00Z,-8.9084,-137.8789,m
2026-08-01T09:23:26Z,48.7120,-70.1193,{
2026-08-01T10:52:31Z,11.2115,40.2422,u
2026-08-01T08:35:42Z,52.2751,-143.9254,d
2026-08-01T00:09:18Z,-10.5794,-145.7722,8
2026-08-01T00:50:55Z,34.5300,43.8000,4
2026-08-01T09:56:32Z,38.4180,115.4316,w
2026-08-01T20:03:12Z,-42.9357,-68.8635,x
2026-08-01T04:55:55Z,-9.7487,150.1365,y
2026-08-01T18:00:23Z,59.9308,-162.9253,b
2026-08-01T23:41:33Z,-46.7754,-168.0519,y
2026-08-01T18:02:42Z,51.8253,67.0600,s
2026-08-01T15:28:43Z,22.5852,100.1629,_
2026-08-01T02:43:48Z,57.5281,130.8671,i
2026-08-01T20:23:29Z,-51.3570,-167.8357,u
2026-08-01T03:58:42Z,2.0235,-158.5246,h
2026-08-01T03:40:07Z,-38.4910,-66.9219,y
2026-08-01T09:40:39Z,-1.9939,123.1227,d
2026-08-01T20:40:50Z,58.4429,38.7962,n
2026-08-01T18:04:57Z,48.7659,64.3211,o
2026-08-01T11:11:54Z,-22.8039,77.2348,8
2026-08-01T12:58:25Z,17.0122,49.7545,8
2026-08-01T06:51:44Z,46.4554,-173.8208,i
2026-08-01T22:25:13Z,-26.7106,-75.3467,4
2026-08-01T15:54:57Z,-17.1050,-33.8057,t
2026-08-01T22:14:00Z,-26.3264,-119.9951,l
2026-08-01T22:57:19Z,35.4077,32.6666,s
2026-08-01T15:24:10Z,-34.2341,-164.2140,3
2026-08-01T12:45:48Z,8.8744,-61.1175,f
2026-08-01T22:04:43Z,-53.8411,-157.9966,n
2026-08-01T15:04:23Z,-31.0707,53.3323,r
2026-08-01T06:25:57Z,-27.7767,114.7639,u
2026-08-01T07:02:46Z,44.6329,-117.0597,9
2026-08-01T06:15:55Z,-37.7663,26.0402,1
2026-08-01T08:51:06Z,20.5261,-97.3261,5
2026-08-01T17:05:27Z,-45.6144,-160.4174,5
2026-08-01T14:41:56Z,-44.2767,-159.0985,b
2026-08-01T17:40:40Z,20.0080,10.0631,8
2026-08-01T17:07:52Z,10.3754,-127.1796,g
2026-08-01T14:35:37Z,30.9957,32.4713,5
2026-08-01T05:57:28Z,-23.1141,-10.2460,b
2026-08-01T15:35:32Z,32.4623,-108.7513,4
2026-08-01T15:26:56Z,24.6666,-165.6687,x
2026-08-01T17:03:54Z,58.2463,71.9040,e
2026-08-01T16:20:11Z,55.8071,56.3940,p
2026-08-01T21:20:49Z,-55.0535,-158.2573,j
2026-08-01T17:22:23Z,46.7025,88.9039,k
2026-08-01T10:56:58Z,-41.3727,144.4117,e
2026-08-01T08:55:09Z,3.3265,-82.3329,k
2026-08-01T15:51:58Z,-25.8880,-41.0555,b
2026-08-01T13:16:25Z,48.0278,-99.3894,a
2026-08-01T03:26:36Z,9.1064,-179.4026,1
2026-08-01T11:15:22Z,-3.7518,-128.4173,f
2026-08-01T07:12:13Z,29.4520,-78.3452,j
2026-08-01T21:33:57Z,2.8724,86.1836,m
2026-08-01T15:33:20Z,-47.6606,-126.3566,6
2026-08-01T04:51:25Z,-19.6452,132.6407,d
2026-08-01T16:51:20Z,-6.3612,154.7164,7
2026-08-01T16:42:25Z,28.7168,143.2471,e
2026-08-01T04:21:00Z,-27.4259,7.4181,a
2026-08-01T04:52:11Z,-26.5048,147.1876,j
2026-08-01T01:45:50Z,18.6023,27.6213,w
2026-08-01T23:27:43Z,-41.7176,-80.1538,y
2026-08-01T01:58:33Z,25.9231,-138.6235,n
2026-08-01T10:01:23Z,26.2668,73.1982,v
2026-08-01T15:03:59Z,-30.7378,170.3528,x
2026-08-01T14:44:44Z,-51.1628,93.6162,y
2026-08-01T21:40:44Z,-17.5258,11.8293,}
2026-08-01T12:53:38Z,8.5269,133.5412,x
2026-08-01T14:28:46Z,-4.5952,11.0492,g
2026-08-01T14:03:50Z,-51.8268,-66.7085,m
2026-08-01T20:12:23Z,-18.7735,41.1639,y
2026-08-01T08:07:31Z,0.0401,102.9341,}
2026-08-01T02:52:15Z,-39.5251,52.0273,s
2026-08-01T09:54:55Z,30.3229,113.7739,y
2026-08-01T05:14:15Z,-55.7589,16.9212,n
2026-08-01T08:13:14Z,56.5081,16.7697,n
2026-08-01T14:39:50Z,34.6194,38.5257,4
2026-08-01T08:27:24Z,48.6462,170.4861,3
2026-08-01T18:53:54Z,-45.0443,-104.6854,z
2026-08-01T15:16:35Z,21.0041,99.9440,d
2026-08-01T19:26:57Z,43.6632,-27.0470,h
2026-08-01T17:02:44Z,-39.7923,-171.2980,m
2026-08-01T02:27:29Z,-27.5782,-93.4972,4
2026-08-01T23:27:34Z,-43.3763,119.9392,e
2026-08-01T09:43:38Z,-3.9638,83.4545,r
2026-08-01T13:37:55Z,-50.6458,19.9238,a
2026-08-01T06:58:41Z,51.2110,-146.9503,q
2026-08-01T04:33:59Z,-37.2806,56.4473,t
2026-08-01T00:27:09Z,33.7501,-110.0956,9
2026-08-01T15:06:15Z,-4.7438,-101.4016,w
2026-08-01T19:51:17Z,-13.4709,173.4152,g
2026-08-01T14:10:32Z,25.9532,-45.3335,g
2026-08-01T06:23:17Z,-29.1611,106.5797,w
2026-08-01T02:39:33Z,0.9815,18.2123,n
2026-08-01T13:22:58Z,50.1493,159.8554,m
2026-08-01T13:32:13Z,54.7779,1.4295,p
2026-08-01T21:27:53Z,20.7085,70.7205,c
2026-08-01T13:09:35Z,46.2493,127.5454,9
2026-08-01T02:52:04Z,14.0869,-19.4176,d
2026-08-01T07:25:46Z,-13.4571,-52.9946,w
2026-08-01T09:07:16Z,-46.4331,-94.7809,o
2026-08-01T21:56:25Z,-47.9939,-140.3534,4
2026-08-01T07:34:42Z,-36.2548,-20.5224,4
2026-08-01T03:46:36Z,-47.4597,54.4476,l
2026-08-01T11:07:17Z,-37.0876,31.5338,8
2026-08-01T18:44:41Z,-37.3554,-132.0257,r
2026-08-01T21:59:30Z,-50.4482,-177.6039,p
2026-08-01T05:59:59Z,1.9151,-23.0026,k
2026-08-01T01:09:12Z,-18.4418,46.9646,s
2026-08-01T22:58:52Z,29.3963,38.1278,n
2026-08-01T05:14:17Z,32.9065,-165.6199,q
2026-08-01T15:11:27Z,46.3032,-93.1355,q
2026-08-01T16:51:42Z,-3.5346,166.9803,1
2026-08-01T08:50:00Z,25.4096,-92.5865,{
2026-08-01T01:58:31Z,21.8138,59.7423,i
2026-08-01T16:59:33Z,-46.6724,-163.9094,5
2026-08-01T10:24:58Z,22.6309,116.3782,j
2026-08-01T19:48:48Z,35.5692,86.7268,u
2026-08-01T02:39:13Z,-13.1485,17.4452,s
2026-08-01T19:04:57Z,-24.4728,-74.2985,2
2026-08-01T23:46:05Z,-52.4180,-88.3357,o
2026-08-01T03:16:11Z,-29.7112,155.3708,o
2026-08-01T22:46:38Z,7.1326,-39.2206,j
2026-08-01T18:31:51Z,57.3577,-51.5636,k
2026-08-01T08:08:22Z,-3.9788,106.9250,k
2026-08-01T20:07:35Z,-25.2549,129.3023,q
2026-08-01T16:08:11Z,15.6193,-4.2923,n
2026-08-01T17:53:10Z,44.5037,7.7783,n
2026-08-01T12:10:30Z,-5.3488,88.0517,g
2026-08-01T09:42:12Z,-5.7427,81.6193,9
2026-08-01T07:27:50Z,-18.8715,-51.4982,q
2026-08-01T14:01:09Z,20.0502,-120.8763,s
2026-08-01T10:59:57Z,-42.5860,7.3537,9
2026-08-01T21:34:04Z,-4.7544,90.4997,y
2026-08-01T03:21:24Z,19.2169,-177.3866,0
2026-08-01T11:50:42Z,44.1552,-164.0137,i
2026-08-01T11:30:34Z,-1.9413,-94.6147,w
2026-08-01T04:25:02Z,-38.0642,21.3297,y
2026-08-01T04:01:50Z,19.5361,110.9638,o
2026-08-01T14:15:36Z,-16.7694,-173.1805,i
2026-08-01T21:38:11Z,-13.4307,90.7926,}
2026-08-01T00:14:05Z,-11.7096,-26.2291,1
2026-08-01T12:05:16Z,4.6004,-133.7541,f
2026-08-01T08:29:18Z,-12.1462,120.3685,e
2026-08-01T21:29:52Z,4.7821,81.1900,7
2026-08-01T14:13:49Z,-41.6357,-149.0438,9
2026-08-01T10:18:01Z,35.2858,-138.1027,t
2026-08-01T14:31:57Z,22.0095,26.1230,}
2026-08-01T12:05:54Z,-1.2676,-139.7313,6
2026-08-01T16:54:41Z,-23.9101,-83.2861,7
2026-08-01T11:27:25Z,-37.4108,96.4356,l
2026-08-01T12:18:46Z,56.2715,-88.8234,i
2026-08-01T07:59:58Z,-24.3383,89.9454,7
2026-08-01T04:07:49Z,13.5191,-17.7019,u
2026-08-01T03:26:15Z,10.9754,103.8866,i
2026-08-01T14:06:35Z,34.6324,52.0727,i
2026-08-01T09:47:39Z,-42.8865,7.1997,9
2026-08-01T18:14:08Z,28.3724,112.3781,h
2026-08-01T12:14:17Z,-11.8360,120.9062,s
2026-08-01T13:23:03Z,43.0985,156.2984,7
2026-08-01T19:15:01Z,3.7194,-57.4695,k
2026-08-01T12:10:39Z,-21.5758,-122.1033,t
2026-08-01T02:13:19Z,-3.3695,-76.9452,v
2026-08-01T10:05:43Z,-29.3775,68.9502,w
2026-08-01T04:27:56Z,-39.6019,35.3237,7
2026-08-01T03:57:42Z,-54.4452,146.8268,e
2026-08-01T17:43:24Z,9.7510,-2.9185,1
2026-08-01T07:52:50Z,-42.6431,61.9785,d
2026-08-01T01:02:30Z,35.0669,-123.9212,4
2026-08-01T09:14:55Z,-45.7417,-33.6609,d
2026-08-01T10:00:47Z,42.7022,130.7318,6
2026-08-01T14:37:44Z,59.6175,16.6434,0
2026-08-01T18:38:15Z,-39.2096,168.6063,c
2026-08-01T13:03:11Z,33.4890,58.3877,f
2026-08-01T08:16:10Z,30.6015,-161.7399,p
2026-08-01T06:40:06Z,20.3908,143.1329,j
2026-08-01T20:45:27Z,-4.2794,-86.1868,}
2026-08-01T08:41:56Z,-40.8330,36.3084,a
2026-08-01T19:15:00Z,12.5527,-54.1038,0
2026-08-01T20:32:53Z,-39.7017,-139.9305,9
2026-08-01T14:57:52Z,-46.7249,2.7829,k
2026-08-01T10:26:53Z,14.0192,-113.1295,o
2026-08-01T21:32:33Z,5.2722,84.1648,v
2026-08-01T19:25:54Z,47.0052,-21.9161,8
2026-08-01T00:09:05Z,-12.9899,82.2670,m
2026-08-01T12:22:07Z,-38.3986,-89.8727,t
2026-08-01T08:12:05Z,6.6958,121.4583,e
2026-08-01T06:59:17Z,-20.8280,142.7966,c
2026-08-01T20:09:01Z,-25.1735,69.9247,o
2026-08-01T11:50:29Z,49.9345,-172.9778,_
2026-08-01T16:22:01Z,50.7063,52.0099,f
2026-08-01T21:08:22Z,58.1861,-169.5170,y
2026-08-01T17:19:58Z,-52.6360,-90.4750,o
2026-08-01T21:10:59Z,54.6293,-1.6462,f
2026-08-01T05:33:58Z,1.4342,-40.8802,q
2026-08-01T06:31:27Z,34.0484,-147.0706,7
2026-08-01T15:23:37Z,-23.8164,-159.6407,x
2026-08-01T14:07:43Z,-43.0457,-47.8176,u
2026-08-01T21:09:37Z,-46.2673,-67.6152,4
2026-08-01T10:15:23Z,42.4323,118.7210,n
2026-08-01T07:07:14Z,40.8589,-97.1401,c
2026-08-01T16:51:07Z,-8.6428,157.1732,6
2026-08-01T12:57:23Z,-3.3654,119.5858,6
2026-08-01T15:30:01Z,-55.1389,-32.2825,5
2026-08-01T05:49:15Z,-12.2921,-27.4040,8
2026-08-01T15:45:02Z,-43.3257,-61.2966,o
2026-08-01T00:29:50Z,21.8219,-34.8656,_
2026-08-01T19:29:24Z,44.9337,-12.7599,s
2026-08-01T08:23:38Z,48.7901,145.2575,n
2026-08-01T00:29:09Z,-7.2150,-169.6707,f
2026-08-01T07:26:12Z,-14.7138,-50.1512,e
2026-08-01T22:33:46Z,32.6176,-81.6993,4
2026-08-01T00:55:26Z,44.6348,20.0829,b
2026-08-01T06:28:20Z,-49.8929,-15.4341,z
2026-08-01T22:31:53Z,-55.2554,178.4700,d
2026-08-01T03:14:23Z,-35.9969,-128.8509,8
2026-08-01T17:03:51Z,41.7635,71.3900,3
2026-08-01T00:46:20Z,40.0210,-7.0534,j
2026-08-01T19:35:07Z,53.1349,22.4393,_
2026-08-01T07:30:06Z,-25.4521,-33.6497,d
2026-08-01T11:40:57Z,53.9617,145.3972,5
2026-08-01T21:37:17Z,-14.1337,97.9894,3
2026-08-01T16:15:04Z,-1.3971,-87.2909,i
2026-08-01T16:52:15Z,-2.7823,-58.5957,n
2026-08-01T09:28:09Z,-43.3970,34.9522,6
2026-08-01T07:24:36Z,35.5216,10.3197,p
2026-08-01T13:30:37Z,31.6723,175.4951,6
2026-08-01T14:23:07Z,-15.7880,3.2966,h
2026-08-01T02:49:33Z,-59.3160,10.7266,4
2026-08-01T19:16:50Z,27.5524,-114.6740,9
2026-08-01T07:02:39Z,48.9741,-108.2082,0
2026-08-01T05:46:59Z,47.4757,-40.4648,u
2026-08-01T08:47:26Z,1.9380,102.6804,_
2026-08-01T23:37:04Z,-47.3983,175.6224,t
2026-08-01T06:43:18Z,28.5356,158.0338,x
2026-08-01T08:37:53Z,51.7545,-131.4620,i
2026-08-01T05:14:48Z,45.4541,-165.5404,2
2026-08-01T02:29:10Z,23.7339,-1.8492,w
2026-08-01T22:33:34Z,37.0956,-71.7319,j
2026-08-01T07:27:52Z,20.8512,121.1592,y
2026-08-01T07:09:41Z,39.5151,-81.9669,4
2026-08-01T11:42:28Z,-57.7518,143.8674,6
2026-08-01T00:02:54Z,-39.4425,-161.5616,b
2026-08-01T04:46:06Z,59.2253,-88.0233,y
2026-08-01T01:43:30Z,-51.0334,159.7321,0
2026-08-01T19:34:02Z,4.6525,129.8904,c
2026-08-01T22:49:19Z,52.4659,-1.8393,k
2026-08-01T08:12:47Z,16.0731,115.1515,j
2026-08-01T14:09:51Z,-49.5089,-45.6566,8
2026-08-01T01:50:36Z,-5.2820,-158.0113,w
2026-08-01T15:13:26Z,2.1694,-179.2352,j
2026-08-01T16:50:47Z,-4.1378,164.0794,7
2026-08-01T20:38:27Z,53.1758,-65.3587,x
2026-08-01T05:36:22Z,44.5548,72.9501,g
2026-08-01T05:26:49Z,52.0842,-99.2352,l
2026-08-01T00:01:49Z,-49.7337,140.9744,o
2026-08-01T13:30:28Z,23.7609,-178.5885,n
2026-08-01T21:39:40Z,-20.3311,142.3148,6
2026-08-01T09:43:41Z,7.0393,82.8676,f
2026-08-01T04:26:14Z,-42.4192,23.7252,i
2026-08-01T09:01:12Z,-13.1520,-67.5468,9
2026-08-01T05:35:48Z,33.5663,-59.3822,b
2026-08-01T10:16:49Z,40.2032,-135.7310,4
2026-08-01T16:30:38Z,50.3821,107.5393,w
2026-08-01T04:47:18Z,-35.0767,127.2177,u
2026-08-01T01:18:54Z,-47.1600,-106.2127,j
2026-08-01T16:42:06Z,21.8514,139.2073,j
2026-08-01T23:52:57Z,-17.4387,-71.9326,{
2026-08-01T18:04:40Z,-42.7761,3.5091,5
2026-08-01T01:54:04Z,-21.7711,152.7628,i
2026-08-01T22:56:43Z,38.2717,10.2796,d
2026-08-01T11:05:54Z,-52.1804,-157.2535,x
2026-08-01T11:24:54Z,20.0488,81.6860,m
2026-08-01T23:57:21Z,11.0885,-128.2337,u
2026-08-01T10:38:07Z,30.6633,-178.8765,i
2026-08-01T12:17:21Z,-28.8464,-109.3837,9
2026-08-01T18:49:20Z,-53.6640,-141.1931,1
2026-08-01T01:50:25Z,4.0057,-149.3273,4
2026-08-01T14:10:27Z,-44.9133,-41.0108,9
2026-08-01T21:40:34Z,-26.9217,98.4250,m
2026-08-01T08:22:25Z,43.6168,144.0415,g
2026-08-01T00:40:24Z,11.4477,119.6649,b
2026-08-01T03:18:19Z,-26.6823,168.1837,p
2026-08-01T09:29:31Z,5.9136,-25.7376,m
2026-08-01T00:23:48Z,-42.6936,79.5768,r
2026-08-01T08:50:33Z,-59.4453,49.0574,7
2026-08-01T17:14:33Z,-44.7534,118.3247,k
2026-08-01T10:53:08Z,-55.0555,-35.5410,r
2026-08-01T01:08:45Z,-20.3044,49.7761,m
2026-08-01T16:50:16Z,21.7009,-72.3383,u
2026-08-01T21:46:32Z,11.8608,-161.1156,y
2026-08-01T13:53:29Z,-35.6709,-116.1393,c
2026-08-01T22:58:51Z,26.9539,41.1046,f
2026-08-01T11:47:22Z,48.9752,166.6857,0
2026-08-01T06:37:53Z,19.1570,137.3573,4
2026-08-01T09:11:28Z,-42.2374,-44.8344,n
2026-08-01T07:28:40Z,50.1924,64.3232,9
2026-08-01T14:17:42Z,-28.8191,-12.0164,5
2026-08-01T01:24:57Z,-53.6028,111.9558,d
2026-08-01T23:48:50Z,-19.2926,-147.3263,0
2026-08-01T23:30:46Z,-56.9137,128.5242,{
2026-08-01T15:33:02Z,-47.4253,-131.1159,n
2026-08-01T06:52:08Z,42.8814,-175.2985,s
2026-08-01T12:37:45Z,-42.1669,158.1176,_
2026-08-01T20:25:39Z,-51.0631,-148.8489,5
2026-08-01T21:00:45Z,41.9344,-44.1546,8
2026-08-01T14:56:10Z,-30.4289,149.5238,q
2026-08-01T12:57:23Z,14.9870,46.6809,v
2026-08-01T07:03:37Z,50.8693,-111.9927,s
2026-08-01T03:58:51Z,-11.7577,164.2554,q
2026-08-01T00:37:10Z,47.5427,-61.1992,p
2026-08-01T05:28:47Z,44.9788,-90.0764,m
2026-08-01T16:56:40Z,-21.2180,172.3340,w
2026-08-01T14:48:31Z,48.4202,-34.4014,7
2026-08-01T18:21:50Z,10.3795,60.4400,7
2026-08-01T21:51:32Z,46.1606,-74.3838,5
2026-08-01T15:07:51Z,17.9853,169.5362,p
2026-08-01T09:54:40Z,-48.0614,-109.9567,l
2026-08-01T06:32:54Z,2.9309,124.9828,d
2026-08-01T14:47:25Z,46.8710,75.5020,t
2026-08-01T23:53:12Z,-15.7186,-139.8758,e
2026-08-01T04:54:50Z,-56.5442,163.5818,t
2026-08-01T08:51:13Z,-59.8283,114.7252,h
2026-08-01T10:03:27Z,36.5250,149.9674,o
2026-08-01T03:10:09Z,-38.7589,141.5284,4
2026-08-01T07:39:51Z,-57.0138,-7.3376,7
2026-08-01T06:57:59Z,56.8559,-139.1122,0
2026-08-01T10:57:19Z,-56.1375,-9.5858,6
2026-08-01T05:47:47Z,59.9254,70.5419,b
2026-08-01T20:38:56Z,-32.0873,-3.1177,l
2026-08-01T09:15:21Z,-49.9344,-24.3592,t
2026-08-01T07:42:41Z,-43.8003,141.0795,9
2026-08-01T18:03:46Z,52.0106,64.5373,c
2026-08-01T14:09:42Z,-58.4668,96.2654,f
2026-08-01T12:16:53Z,-45.1711,24.9968,r
2026-08-01T17:01:44Z,-34.8598,-110.5647,k
2026-08-01T09:25:54Z,13.3895,-99.6872,6
2026-08-01T11:02:01Z,-44.0863,18.7167,s
2026-08-01T01:43:35Z,-22.1874,-177.0214,l
2026-08-01T03:10:35Z,39.2190,-101.8810,g
2026-08-01T23:19:35Z,-34.8099,82.3619,r
2026-08-01T01:17:11Z,-11.8781,81.5170,q
2026-08-01T19:12:43Z,8.7892,-60.6498,1
2026-08-01T11:39:51Z,52.1205,133.1863,h
2026-08-01T00:21:36Z,12.5516,178.0055,6
2026-08-01T02:08:17Z,-22.4624,1.6633,t
2026-08-01T16:36:26Z,45.1837,123.9766,6
2026-08-01T17:22:30Z,-37.0427,-74.1780,o
2026-08-01T17:18:20Z,-21.1483,2.0891,s
2026-08-01T21:06:40Z,49.8489,-20.0827,3
2026-08-01T00:53:23Z,25.6036,23.0625,c
2026-08-01T04:13:27Z,-0.7512,-5.5874,0
2026-08-01T16:46:23Z,13.2835,154.9175,f
2026-08-01T07:09:05Z,2.9849,-160.5057,e
2026-08-01T03:29:27Z,15.2796,-172.8377,8
2026-08-01T11:06:54Z,56.3035,117.0529,r
2026-08-01T00:26:43Z,39.3840,-108.9949,u
2026-08-01T04:01:06Z,30.5751,-37.8439,3
2026-08-01T00:26:10Z,34.1387,-107.7797,3
2026-08-01T17:39:26Z,-1.2041,-31.3430,s
2026-08-01T21:54:40Z,-45.7982,118.8771,i
2026-08-01T20:46:22Z,1.7838,-76.0567,2
2026-08-01T09:21:58Z,53.3107,61.0078,}
2026-08-01T19:18:29Z,16.9513,-47.9191,l
2026-08-01T00:08:40Z,35.8107,77.5063,9
2026-08-01T07:24:14Z,-0.9223,-53.9031,o
2026-08-01T14:50:19Z,46.0060,43.5903,v
2026-08-01T00:27:32Z,36.9177,-100.4228,0
2026-08-01T05:32:21Z,42.0821,-72.3338,4
2026-08-01T14:19:09Z,-25.9842,-8.1210,f
2026-08-01T02:13:03Z,-3.3155,42.5307,k
2026-08-01T02:24:26Z,32.3554,156.6749,_
2026-08-01T17:47:18Z,27.5057,-4.2768,_
2026-08-01T03:27:17Z,56.9945,139.1263,}
2026-08-01T13:20:50Z,47.8948,136.9879,2
2026-08-01T23:15:08Z,15.2995,131.2475,g
2026-08-01T16:02:01Z,7.5086,-60.3786,w
2026-08-01T05:15:58Z,17.8786,151.5451,7
2026-08-01T15:18:18Z,-6.4562,-169.5364,l
2026-08-01T22:01:04Z,-30.5316,-55.8976,h
2026-08-01T20:01:40Z,-8.0630,114.8376,5
2026-08-01T07:55:26Z,-34.1661,72.8540,1
2026-08-01T06:58:02Z,11.0469,-2.9966,e
2026-08-01T22:43:21Z,-55.1469,104.1206,o
2026-08-01T02:31:33Z,21.8118,-1.1465,2
2026-08-01T01:10:40Z,-20.7785,50.7756,c
2026-08-01T02:38:09Z,4.4058,14.3553,g
2026-08-01T22:18:00Z,-8.0659,-117.6608,k
2026-08-01T04:00:04Z,8.9333,94.3864,y
2026-08-01T12:08:41Z,-14.0585,-123.3464,j
2026-08-01T23:00:25Z,29.9716,142.5205,q
2026-08-01T19:09:49Z,55.5690,175.6088,z
2026-08-01T14:17:35Z,-40.8945,41.5175,_
2026-08-01T09:43:35Z,-9.5411,126.7216,f
2026-08-01T03:03:58Z,0.5781,50.1054,k
2026-08-01T08:04:06Z,-10.9951,95.7944,l
2026-08-01T05:23:06Z,-19.6491,36.4989,a
2026-08-01T04:26:04Z,-9.5735,-157.8881,u
2026-08-01T03:42:49Z,-56.1143,-117.2846,0
2026-08-01T12:01:09Z,12.8129,-134.6167,s
2026-08-01T04:55:58Z,11.3323,59.2993,j
2026-08-01T01:46:15Z,39.4052,155.5627,9
2026-08-01T23:10:02Z,2.1841,59.1510,s
2026-08-01T18:11:41Z,41.8990,105.0199,_
2026-08-01T20:50:18Z,5.5069,-75.7905,5
2026-08-01T16:27:50Z,48.3304,77.6086,0
2026-08-01T23:34:30Z,-57.8509,157.3612,8
2026-08-01T08:53:28Z,3.8740,-88.0355,4
2026-08-01T21:02:26Z,-21.2123,-103.1637,i
2026-08-01T02:32:15Z,-34.4059,4.6385,5
2026-08-01T15:36:46Z,-59.9916,-27.0727,f
2026-08-01T00:11:24Z,21.3255,-102.6698,_
2026-08-01T11:59:19Z,18.4538,-139.5650,4
2026-08-01T13:20:37Z,8.7386,102.2423,5
2026-08-01T04:15:28Z,-8.0989,-5.3574,x
2026-08-01T21:03:14Z,43.6508,-38.3663,b
2026-08-01T20:52:27Z,18.1753,38.3933,h
2026-08-01T01:35:44Z,-41.0119,173.3245,n
2026-08-01T00:44:07Z,50.9445,-11.9763,i
2026-08-01T14:31:03Z,28.6332,-29.4254,z
2026-08-01T22:35:22Z,6.6213,-56.7340,5
2026-08-01T09:27:13Z,-43.7041,37.7711,n
2026-08-01T18:28:38Z,-8.1957,143.7430,0
2026-08-01T13:09:40Z,43.6226,84.4005,t
2026-08-01T06:55:35Z,53.9261,-162.1282,5
2026-08-01T20:55:33Z,-4.1252,-138.8493,_
2026-08-01T16:19:26Z,50.1340,-33.8935,n
2026-08-01T12:09:41Z,-17.6460,-128.0177,u
2026-08-01T04:13:04Z,0.1098,-2.6354,v
2026-08-01T20:47:36Z,9.9228,-79.7711,8
2026-08-01T14:52:00Z,-46.5473,-162.4560,}
2026-08-01T13:05:10Z,40.2527,64.1358,7
2026-08-01T15:30:52Z,-38.6676,-134.2364,d
2026-08-01T10:43:15Z,-32.2077,-70.1086,j
2026-08-01T07:44:36Z,-50.9090,12.9257,t
2026-08-01T08:14:18Z,17.3392,-88.3746,c
2026-08-01T01:51:53Z,-42.9580,12.3870,8
2026-08-01T23:03:07Z,3.4380,61.2383,k
2026-08-01T18:39:41Z,14.2043,-89.4621,q
2026-08-01T15:10:58Z,54.8756,-81.9521,z
2026-08-01T20:36:08Z,16.6349,113.0565,9
2026-08-01T01:56:12Z,17.8365,-140.6378,x
2026-08-01T12:55:45Z,28.2669,75.0299,m
2026-08-01T19:07:02Z,-15.3229,-66.9193,e
2026-08-01T02:22:34Z,-18.7087,131.1204,d
2026-08-01T09:25:19Z,-52.6329,34.9327,p
2026-08-01T16:42:49Z,25.2800,-61.7760,o
2026-08-01T15:31:30Z,-48.8314,-132.4142,1
2026-08-01T20:14:39Z,-35.2361,148.1515,h
2026-08-01T17:03:46Z,16.5894,72.7903,p
2026-08-01T00:58:52Z,9.9849,20.0781,b
2026-08-01T01:00:04Z,13.0359,112.3186,9
2026-08-01T13:48:15Z,-11.0421,-163.0474,a
2026-08-01T11:07:36Z,-35.0063,33.8114,9
2026-08-01T12:53:50Z,2.5238,40.7520,c
2026-08-01T01:30:41Z,-51.3065,142.9738,u
2026-08-01T08:16:53Z,55.9720,-121.4549,j
2026-08-01T12:12:47Z,-16.5032,-120.8535,4
2026-08-01T00:54:50Z,-58.3954,10.5449,k
2026-08-01T21:38:07Z,39.2126,164.2748,f
2026-08-01T13:45:26Z,40.9713,100.9555,i
2026-08-01T06:15:19Z,-47.2623,78.7380,1
2026-08-01T21:32:57Z,7.5844,55.9572,}
2026-08-01T06:11:13Z,-2.4420,63.8713,p
2026-08-01T22:00:12Z,28.2200,116.5996,a
2026-08-01T20:10:30Z,-30.6687,141.8266,e
2026-08-01T20:24:40Z,-21.7299,-113.2725,d
2026-08-01T00:52:25Z,11.4381,38.0009,j
2026-08-01T14:23:41Z,-5.1962,23.9461,q
2026-08-01T17:51:23Z,36.7772,7.4588,x
2026-08-01T15:57:17Z,-1.3917,130.8477,u
2026-08-01T12:27:14Z,-49.9586,-57.9092,k
2026-08-01T02:39:21Z,-8.4749,17.8635,k
2026-08-01T09:00:40Z,-31.4663,49.4084,c
2026-08-01T18:13:04Z,40.5258,107.5103,6
2026-08-01T09:56:09Z,0.2906,-140.8734,v
2026-08-01T12:23:49Z,-31.4698,59.0827,k
2026-08-01T04:47:05Z,-2.3640,-109.7220,0
2026-08-01T09:16:38Z,19.3009,-24.7738,7
2026-08-01T09:50:58Z,24.5077,100.7654,k
2026-08-01T08:59:36Z,-4.0165,-60.8030,{
2026-08-01T06:35:01Z,10.0390,135.6877,}
2026-08-01T21:01:23Z,33.4596,-43.4602,3
2026-08-01T20:04:36Z,-49.0634,-131.8108,x
2026-08-01T06:31:17Z,-11.0508,129.8309,h
2026-08-01T20:12:39Z,57.4565,169.4132,g
2026-08-01T01:58:48Z,30.2272,-140.1588,_
2026-08-01T08:29:24Z,-5.8638,151.0547,j
2026-08-01T01:47:41Z,-12.7775,-160.2962,d
2026-08-01T16:55:50Z,-17.5143,169.1110,g
2026-08-01T11:43:48Z,52.0396,150.5709,p
2026-08-01T07:27:02Z,-21.1198,-49.0347,p
2026-08-01T19:46:17Z,43.8846,71.6624,}
2026-08-01T04:22:38Z,-29.4531,11.4399,l
2026-08-01T20:14:08Z,58.6746,-20.7449,m
2026-08-01T17:21:34Z,28.8440,95.1371,v
2026-08-01T01:30:25Z,-26.4065,115.6363,c
2026-08-01T17:08:02Z,-23.1157,96.7793,{
2026-08-01T11:14:56Z,-11.2568,52.0829,8
2026-08-01T07:38:56Z,-40.9721,-41.6171,s
2026-08-01T05:01:49Z,-24.7542,34.9339,t
2026-08-01T20:37:38Z,-26.7078,-78.0734,m
2026-08-01T00:30:56Z,-38.6926,-178.2211,o
2026-08-01T14:53:10Z,47.7311,108.0789,6
2026-08-01T08:01:04Z,-18.4799,89.2931,5
2026-08-01T03:12:56Z,11.4671,68.7798,l
2026-08-01T15:44:07Z,-51.5601,-64.1538,u
2026-08-01T08:05:34Z,-9.5108,108.2956,x
2026-08-01T14:56:08Z,42.4423,176.8499,d
2026-08-01T06:38:38Z,12.1213,141.9570,a
2026-08-01T16:42:08Z,21.6469,133.0392,0
2026-08-01T10:58:06Z,-47.0408,-9.0643,9
2026-08-01T16:17:04Z,20.4478,55.9939,0
2026-08-01T11:15:21Z,-4.7751,166.7584,4
2026-08-01T23:38:47Z,-42.5415,-179.4877,_
2026-08-01T00:29:11Z,41.2230,-104.4757,q
2026-08-01T15:49:25Z,-30.3958,-41.8008,a
2026-08-01T16:44:27Z,17.7948,141.2459,2
2026-08-01T02:57:28Z,-56.7779,73.5404,w
2026-08-01T10:23:00Z,21.5921,163.7023,_
2026-08-01T14:49:30Z,50.9189,2.9080,b
2026-08-01T16:36:01Z,40.7768,121.6731,3
2026-08-01T13:09:09Z,44.3213,75.6565,w
2026-08-01T00:11:23Z,-11.4835,-143.3151,k
2026-08-01T21:51:58Z,-49.2091,-91.4118,9
2026-08-01T07:46:43Z,-50.2675,25.0111,p
2026-08-01T19:16:47Z,16.1212,-49.9276,6
2026-08-01T22:39:39Z,49.0819,-49.4262,t
2026-08-01T11:40:21Z,55.0942,133.0207,d
2026-08-01T04:13:16Z,-4.3425,-8.3232,b
2026-08-01T12:11:56Z,-23.8770,-115.7749,d
2026-08-01T08:30:32Z,45.2498,-179.8351,z
2026-08-01T01:47:44Z,-14.2602,-164.1378,e
2026-08-01T23:00:47Z,26.0351,47.0641,s
2026-08-01T09:45:38Z,16.6112,-53.2775,i
2026-08-01T07:11:49Z,-9.9581,-16.9798,p
2026-08-01T22:28:59Z,33.1647,106.7617,h
2026-08-01T21:34:37Z,-58.6909,-55.5016,4
2026-08-01T07:23:24Z,-1.8296,-59.3285,1
2026-08-01T15:42:45Z,-49.6182,-69.8289,8
2026-08-01T18:27:29Z,-10.2346,136.8325,_
2026-08-01T03:58:56Z,40.1579,-37.6639,i
2026-08-01T14:09:13Z,19.5564,60.2680,v
2026-08-01T06:36:44Z,8.1655,143.0482,{
2026-08-01T23:48:30Z,-27.2230,-153.4551,a
2026-08-01T08:07:22Z,59.3076,114.4350,5
2026-08-01T11:05:23Z,-41.0531,25.8253,l
2026-08-01T03:24:24Z,-32.5864,-10.9764,d
2026-08-01T18:23:56Z,20.3078,-4.7527,h
2026-08-01T17:47:58Z,27.8471,-16.9474,8
2026-08-01T00:21:20Z,50.0013,-144.2550,o
2026-08-01T14:08:52Z,-49.7170,-42.8942,m
2026-08-01T11:10:50Z,47.6634,64.8489,r
2026-08-01T13:30:06Z,26.1605,-29.8468,}
2026-08-01T19:22:03Z,30.8579,-33.3527,}
2026-08-01T14:48:51Z,58.1865,85.3020,x
2026-08-01T01:51:56Z,9.4112,-152.9887,0
2026-08-01T12:10:05Z,43.7997,-110.8839,_
2026-08-01T19:32:24Z,52.9282,12.9698,t
2026-08-01T08:40:37Z,43.1769,-124.0471,w
2026-08-01T03:00:23Z,-54.2718,89.7853,t
2026-08-01T02:37:47Z,18.2643,45.3868,m
2026-08-01T16:55:16Z,-13.4087,175.4205,q
2026-08-01T21:18:27Z,-48.3910,76.6452,{
2026-08-01T23:29:02Z,44.1330,-66.1398,o
2026-08-01T19:50:07Z,30.8823,92.4165,a
2026-08-01T22:09:48Z,-35.6126,-135.7529,d
2026-08-01T13:13:03Z,-33.6764,-121.1826,4
2026-08-01T05:58:43Z,35.6166,121.4742,b
2026-08-01T01:28:54Z,-53.3803,134.3224,1
2026-08-01T05:54:41Z,-27.2761,-18.2460,n
2026-08-01T21:04:51Z,49.7142,-29.4912,}
2026-08-01T02:48:08Z,41.4572,-88.1915,r
2026-08-01T08:49:00Z,16.8556,-97.9471,x
2026-08-01T07:26:13Z,-11.8039,-51.4307,c
2026-08-01T09:06:21Z,-8.8525,16.9768,4
2026-08-01T05:22:57Z,47.6049,-126.4562,v
2026-08-01T11:13:46Z,-18.9590,55.7026,j
2026-08-01T06:17:50Z,-50.9258,86.8686,o
2026-08-01T13:04:46Z,34.3917,95.9210,c
2026-08-01T18:56:53Z,-41.3821,-99.7120,}
2026-08-01T21:19:04Z,33.7157,43.7846,8
2026-08-01T18:25:38Z,-38.5406,-39.6383,n
2026-08-01T12:00:38Z,15.0054,-140.7555,k
2026-08-01T04:40:32Z,-55.3796,102.0985,v
2026-08-01T14:24:35Z,-17.9478,4.0892,6
2026-08-01T19:38:52Z,-38.0540,-49.4320,1
2026-08-01T20:52:16Z,31.3295,-0.6162,x
2026-08-01T11:07:15Z,53.9954,-70.8883,r
2026-08-01T09:43:59Z,7.2314,80.9552,d
2026-08-01T09:02:28Z,12.9043,-80.9287,d
2026-08-01T02:51:12Z,-1.4367,1.7540,k
2026-08-01T22:35:11Z,-34.5532,-103.3523,2
2026-08-01T07:01:30Z,-27.8692,-101.0746,5
2026-08-01T07:47:13Z,-36.1058,37.1642,_
2026-08-01T03:04:04Z,-52.6997,-51.6429,6
2026-08-01T17:02:56Z,-38.0401,-174.9086,e
2026-08-01T17:55:32Z,-25.3961,52.3492,i
2026-08-01T05:02:23Z,-45.2641,-151.0598,0
2026-08-01T13:55:12Z,-41.3954,-122.7743,8
2026-08-01T03:04:08Z,-43.6671,-112.6586,5
2026-08-01T10:23:38Z,18.3546,-118.0840,m
2026-08-01T21:06:14Z,-38.5041,142.9699,t
2026-08-01T05:02:52Z,12.3975,160.8438,0
2026-08-01T22:27:13Z,-16.2397,-99.3565,p
2026-08-01T16:09:17Z,-44.2167,-169.3025,f
2026-08-01T03:14:23Z,-36.4898,162.2028,t
2026-08-01T10:12:07Z,-39.7157,-34.7367,_
2026-08-01T16:25:39Z,52.6771,65.4967,o
2026-08-01T23:51:02Z,46.7555,-143.5659,z
2026-08-01T05:02:47Z,11.6262,166.1212,2
2026-08-01T18:53:45Z,-19.5366,158.3781,z
2026-08-01T13:47:05Z,-59.6274,-179.1509,7
2026-08-01T18:07:44Z,42.6797,92.4932,3
2026-08-01T19:33:07Z,38.7770,-64.4903,g
2026-08-01T12:44:54Z,-21.5588,20.6596,7
2026-08-01T19:45:27Z,36.4182,75.1959,w
2026-08-01T12:58:13Z,14.8846,41.9881,g
2026-08-01T10:39:39Z,45.7711,79.4953,n
2026-08-01T02:10:26Z,-45.0436,38.9542,h
2026-08-01T18:11:27Z,-11.6498,51.1010,8
2026-08-01T22:54:38Z,38.1822,33.0808,k
2026-08-01T06:00:48Z,-22.6971,13.8585,u
2026-08-01T08:42:22Z,35.8250,-119.1400,y
2026-08-01T04:32:41Z,-51.6948,54.2278,g
2026-08-01T05:19:12Z,51.8140,-150.1681,n
2026-08-01T14:57:39Z,51.6919,-88.7521,p
2026-08-01T13:49:53Z,-27.5987,-139.1230,x
2026-08-01T18:27:54Z,27.4081,20.3053,c
2026-08-01T04:48:27Z,-32.1242,128.6221,u
2026-08-01T08:08:37Z,-47.8191,-124.2555,x
2026-08-01T00:25:54Z,31.3235,-107.9975,{
2026-08-01T02:21:11Z,17.5150,-147.1764,h
2026-08-01T19:58:10Z,3.1839,108.3430,6
2026-08-01T08:21:26Z,40.4521,2.7024,x
2026-08-01T21:52:11Z,-57.0155,-36.2328,e
2026-08-01T13:14:26Z,11.7968,134.5099,v
2026-08-01T20:29:05Z,53.8697,58.4252,m
2026-08-01T23:28:13Z,-48.6660,124.6035,3
2026-08-01T02:16:38Z,-1.6271,168.3823,w
2026-08-01T10:46:08Z,58.2403,-43.0501,4
2026-08-01T05:50:55Z,-17.8643,-23.2076,6
2026-08-01T12:39:26Z,-41.9958,-4.7495,}
2026-08-01T00:35:24Z,-41.1124,76.9596,7
2026-08-01T06:35:06Z,2.0118,139.4691,}
2026-08-01T20:54:46Z,-12.2090,51.1415,t
2026-08-01T12:57:59Z,-4.6512,-178.9186,a
2026-08-01T04:52:01Z,-20.0383,-141.5934,l
2026-08-01T16:56:25Z,51.7732,-5.7740,e
2026-08-01T12:55:27Z,0.1672,36.4979,2
2026-08-01T00:27:57Z,2.9583,-138.8096,a
2026-08-01T09:39:33Z,-50.7915,78.6358,h
2026-08-01T21:33:47Z,28.2255,16.3950,d
2026-08-01T16:00:46Z,-6.2412,-18.7184,k
2026-08-01T21:18:52Z,41.6129,47.4395,q
2026-08-01T11:37:11Z,-19.4647,-170.8656,{
2026-08-01T04:29:16Z,-33.2218,144.0764,e
2026-08-01T00:55:23Z,22.3128,15.9826,m
2026-08-01T02:36:17Z,3.1614,12.0092,3
2026-08-01T05:15:02Z,32.5355,161.0399,_
2026-08-01T11:47:51Z,45.0836,169.6214,w
2026-08-01T20:41:20Z,-34.6155,70.8540,3
2026-08-01T21:44:09Z,36.1237,30.1043,_
2026-08-01T03:24:36Z,16.4544,-81.3647,k
2026-08-01T13:58:05Z,-45.0294,-102.4666,r
2026-08-01T12:45:27Z,-12.8106,-143.0306,d
2026-08-01T20:36:58Z,-56.3688,6.2253,c
2026-08-01T14:56:28Z,53.6299,126.0769,1
2026-08-01T14:50:36Z,-1.6782,115.6584,9
2026-08-01T22:03:43Z,5.2125,-71.6238,v
2026-08-01T12:22:18Z,26.7285,36.6647,3
2026-08-01T14:52:15Z,-24.4718,-0.3728,n
2026-08-01T03:15:20Z,-31.0483,159.2321,0
2026-08-01T04:24:35Z,-39.0571,21.3624,u
2026-08-01T04:36:34Z,-54.6915,72.9979,r
2026-08-01T05:39:16Z,16.6480,-51.3438,4
2026-08-01T09:04:44Z,-43.4766,110.1976,l
2026-08-01T01:20:37Z,-44.0342,81.8754,y
2026-08-01T07:07:46Z,26.5673,165.3858,7
2026-08-01T19:29:03Z,42.3279,-9.5617,6
2026-08-01T02:13:31Z,25.5998,-165.5123,i
2026-08-01T19:40:36Z,50.3746,55.4454,j
2026-08-01T02:21:16Z,46.0522,-31.6837,o
2026-08-01T05:31:57Z,38.5913,-79.2087,h
2026-08-01T17:09:35Z,-56.7902,-148.1469,_
2026-08-01T17:04:13Z,43.6639,-137.8210,j
2026-08-01T12:03:25Z,10.9971,-132.6021,q
2026-08-01T13:05:30Z,33.5001,67.2021,f
2026-08-01T09:54:34Z,-49.3862,155.6123,u
2026-08-01T14:52:08Z,51.4773,92.6182,1
2026-08-01T13:14:06Z,52.5113,113.4538,s
2026-08-01T10:22:55Z,21.4717,-23.8332,r
2026-08-01T12:23:00Z,-49.0086,-76.9067,a
2026-08-01T20:20:34Z,-58.7255,-72.3286,l
2026-08-01T09:22:23Z,-53.7177,18.3396,g
2026-08-01T17:28:07Z,-27.3008,-60.7064,u
2026-08-01T17:32:49Z,-55.7887,-97.6496,y
2026-08-01T22:23:33Z,-40.7242,-87.0818,j
2026-08-01T21:35:02Z,-3.4526,94.7321,y
2026-08-01T10:30:13Z,-5.4583,-105.2092,9
2026-08-01T17:08:57Z,2.9492,127.3204,o
2026-08-01T19:02:26Z,-32.0277,-75.9014,d
2026-08-01T14:47:54Z,-5.9934,-90.3843,8
2026-08-01T23:52:02Z,-39.5687,94.8024,s
2026-08-01T17:04:38Z,57.5086,94.4632,p
2026-08-01T08:57:16Z,-6.0659,-73.9686,i
2026-08-01T11:58:19Z,17.1517,114.3769,g
2026-08-01T01:15:43Z,-35.8280,-76.9113,b
2026-08-01T04:07:33Z,12.8107,-17.3691,q
2026-08-01T11:20:03Z,1.9310,64.1324,i
2026-08-01T07:14:30Z,25.7642,-78.5335,0
2026-08-01T13:46:43Z,-53.5434,-144.2644,_
2026-08-01T07:09:49Z,9.5081,165.2816,n
2026-08-01T04:28:03Z,55.9682,-21.9507,b
2026-08-01T19:11:33Z,-10.1429,-164.5410,u
2026-08-01T05:50:58Z,-2.3865,150.3849,2
2026-08-01T01:20:38Z,-53.8965,85.3513,0
2026-08-01T02:17:38Z,46.1013,-45.1839,{
2026-08-01T20:37:44Z,-22.8798,-107.7233,q
2026-08-01T00:31:23Z,39.7070,-93.6423,m
2026-08-01T10:07:40Z,49.1606,174.1800,x
2026-08-01T11:43:39Z,50.7049,162.8329,3
2026-08-01T11:07:47Z,-24.7313,41.2932,q
2026-08-01T21:41:56Z,-21.7423,98.1558,5
2026-08-01T05:54:38Z,-23.7094,-17.5203,a
2026-08-01T06:12:04Z,38.4307,110.6831,h
2026-08-01T01:34:48Z,-44.9654,163.7705,n
2026-08-01T07:37:36Z,-8.6813,169.1324,e
2026-08-01T23:37:27Z,-36.4228,100.2238,p
2026-08-01T18:04:34Z,55.7643,70.9062,j
2026-08-01T03:52:19Z,57.1434,-73.1834,_
2026-08-01T20:40:59Z,-48.0063,133.5375,_
2026-08-01T19:54:45Z,20.8506,177.0054,z
2026-08-01T13:47:28Z,-22.2157,-148.1155,o
2026-08-01T11:00:00Z,50.4736,125.2500,0
2026-08-01T01:33:03Z,-49.8812,164.1727,1
2026-08-01T20:46:35Z,-31.8749,31.2579,c
2026-08-01T11:26:59Z,19.5912,77.7205,9
2026-08-01T11:14:53Z,-26.2931,-149.1574,5
2026-08-01T08:25:17Z,43.2846,145.8898,m
2026-08-01T20:55:52Z,29.0524,-63.4989,d
2026-08-01T07:01:49Z,47.5134,-120.2852,0
2026-08-01T19:05:53Z,7.9284,-82.4843,b
2026-08-01T12:39:31Z,11.3684,-114.8651,a
2026-08-01T20:51:17Z,-26.5947,-79.9673,u
2026-08-01T00:41:48Z,-40.9380,87.2027,t
2026-08-01T01:44:25Z,-18.2900,-161.6905,z
2026-08-01T07:18:08Z,13.3087,-65.1983,o
2026-08-01T16:17:55Z,37.1146,27.4793,2
2026-08-01T01:21:45Z,-49.7599,96.9221,3
2026-08-01T10:45:33Z,-46.2981,-66.0170,a
2026-08-01T16:25:09Z,49.6785,68.2159,d
2026-08-01T14:36:31Z,14.4302,-99.7219,q
2026-08-01T15:10:46Z,13.3747,173.0960,k
2026-08-01T14:48:53Z,51.3530,77.1261,v
2026-08-01T04:42:38Z,-41.6423,106.0656,}
2026-08-01T14:43:06Z,41.7471,56.4879,4
2026-08-01T21:36:40Z,-14.6789,89.0510,4
2026-08-01T22:43:06Z,55.1157,-41.0740,3
2026-08-01T03:46:49Z,51.2711,-103.8840,o
2026-08-01T21:05:00Z,49.4620,-27.9348,x
2026-08-01T01:48:46Z,0.6688,-151.6857,i
2026-08-01T00:06:22Z,-28.4458,-103.6072,p
2026-08-01T06:08:17Z,-50.2245,35.1488,_
2026-08-01T18:51:09Z,32.0495,-21.0619,c
2026-08-01T07:21:24Z,-29.8828,5.6789,{
2026-08-01T01:49:46Z,3.4713,-152.3214,t
2026-08-01T16:19:39Z,58.0758,24.8149,v
2026-08-01T13:07:09Z,38.6109,77.9884,{
2026-08-01T18:21:49Z,-0.3223,125.0801,h
2026-08-01T07:25:54Z,-46.3877,131.9291,k
2026-08-01T01:13:52Z,-25.7405,59.0531,7
2026-08-01T20:30:43Z,-9.8882,75.5859,d
2026-08-01T00:47:02Z,-16.3761,-24.8662,1
2026-08-01T00:01:03Z,30.3873,-99.8004,y
2026-08-01T20:11:05Z,-39.6846,138.7460,7
2026-08-01T10:55:46Z,-12.5244,-49.6004,z
2026-08-01T02:34:17Z,11.8196,7.4558,l
2026-08-01T23:30:55Z,-30.9209,-60.6753,1
2026-08-01T04:01:47Z,-49.6084,168.5934,3
2026-08-01T20:11:31Z,-39.1892,136.9320,b
2026-08-01T20:27:40Z,37.7010,170.9479,}
2026-08-01T14:44:27Z,47.7935,57.9623,y
2026-08-01T15:36:20Z,-54.2545,-104.8531,e
2026-08-01T05:11:10Z,37.1704,-168.5888,8
2026-08-01T12:51:27Z,-29.6711,132.7422,r
2026-08-01T16:13:44Z,28.0036,17.3467,c
2026-08-01T12:21:03Z,-51.0998,-91.1428,5
2026-08-01T05:24:55Z,-39.2318,163.7173,j
2026-08-01T02:15:47Z,52.0929,-53.0345,f
2026-08-01T21:37:41Z,19.2466,-136.6344,u
2026-08-01T15:14:09Z,35.1890,85.5681,}
2026-08-01T05:11:02Z,24.7271,-174.8608,p
2026-08-01T15:44:12Z,-42.2072,-68.0015,}
2026-08-01T11:41:18Z,61.9135,141.4840,b
2026-08-01T16:31:33Z,43.3057,106.3559,o
2026-08-01T18:51:37Z,-47.9423,71.2247,p
2026-08-01T10:45:37Z,-37.5158,171.7738,j
2026-08-01T04:14:30Z,-7.9688,-7.0770,z
2026-08-01T20:30:23Z,-15.9626,57.6078,5
2026-08-01T07:34:51Z,11.8713,72.2084,j
2026-08-01T13:53:56Z,-58.1289,3.5167,d
2026-08-01T23:12:02Z,-5.9594,72.4757,g
2026-08-01T04:54:26Z,17.1899,-148.0995,a
2026-08-01T16:52:14Z,-6.5141,160.0052,2
2026-08-01T09:00:59Z,-14.6081,-77.6140,r
2026-08-01T07:25:10Z,-13.8544,-57.2210,b
2026-08-01T04:19:24Z,47.1160,-172.7270,h
2026-08-01T05:35:31Z,37.6722,-66.7612,o
2026-08-01T23:33:46Z,-50.3845,146.5196,y
2026-08-01T12:43:15Z,-23.1006,20.2064,k
2026-08-01T15:12:30Z,7.1463,173.6241,f
2026-08-01T20:25:17Z,-42.4334,48.8621,9
2026-08-01T23:07:37Z,4.4102,59.6087,}
2026-08-01T07:07:05Z,-49.1430,-160.6932,_
2026-08-01T23:37:27Z,25.1264,101.5968,n
2026-08-01T07:59:41Z,6.3956,-53.0884,2
2026-08-01T14:06:27Z,57.4373,2.0638,9
2026-08-01T17:25:27Z,-35.1684,-62.0313,p
2026-08-01T19:54:52Z,11.1164,98.6384,_
2026-08-01T04:30:45Z,-5.5274,126.2412,_
2026-08-01T02:22:55Z,40.3987,-26.1776,t
2026-08-01T01:04:38Z,-13.0526,43.6383,_
2026-08-01T09:58:24Z,5.6455,-59.9120,h
2026-08-01T07:15:01Z,21.3444,-73.4527,g
2026-08-01T11:06:30Z,-36.5109,24.2278,f
2026-08-01T18:25:09Z,-46.3718,1.5892,s
2026-08-01T02:03:14Z,-23.8604,58.7376,h
2026-08-01T07:21:26Z,39.1229,-119.7682,u
2026-08-01T19:34:57Z,51.6568,19.0550,q
2026-08-01T23:59:05Z,12.2484,-117.3909,p
2026-08-01T11:03:09Z,13.8992,155.6815,n
2026-08-01T01:55:54Z,19.5828,-143.4883,7
2026-08-01T07:20:59Z,0.6625,-58.5333,t
2026-08-01T01:01:44Z,20.0648,-95.8485,u
2026-08-01T09:10:49Z,49.0067,141.0977,e
2026-08-01T23:28:16Z,-46.1310,115.8537,u
2026-08-01T03:18:28Z,42.0638,118.8405,{
2026-08-01T20:10:33Z,-34.6965,139.4484,6
2026-08-01T09:24:45Z,-43.8980,160.3960,6
2026-08-01T07:30:37Z,-57.3811,82.1990,{
2026-08-01T05:34:30Z,38.2863,-64.8498,m
2026-08-01T19:44:44Z,40.9747,58.6320,}
2026-08-01T13:38:13Z,5.4295,-157.7787,a
2026-08-01T16:09:44Z,14.5337,2.5582,y
2026-08-01T21:01:23Z,43.8465,-44.1177,z
2026-08-01T11:52:04Z,32.6824,-12.5133,g
2026-08-01T12:11:25Z,-21.2106,-125.1173,n
2026-08-01T23:12:44Z,8.8842,-150.9515,l
2026-08-01T06:17:27Z,-39.6067,84.1691,5
2026-08-01T00:37:41Z,7.4238,88.7929,i
2026-08-01T03:46:57Z,52.9209,-107.2998,d
2026-08-01T07:38:55Z,-53.2056,-120.1932,d
2026-08-01T14:28:30Z,-40.8758,42.5793,6
2026-08-01T17:12:28Z,-57.5794,-128.7805,8
2026-08-01T12:28:03Z,-61.6441,-56.1659,u
2026-08-01T23:00:10Z,44.4589,33.3190,a
2026-08-01T15:14:16Z,-54.1433,-64.8792,_
2026-08-01T21:45:36Z,-33.9607,110.8952,j
2026-08-01T13:30:44Z,-51.4836,-5.2582,g
2026-08-01T14:03:44Z,-55.5177,-76.4664,y
2026-08-01T19:14:31Z,-34.1789,-136.7005,b
2026-08-01T14:00:51Z,-48.7862,-82.2015,7
2026-08-01T18:12:39Z,34.3241,97.7274,v
2026-08-01T21:10:07Z,53.1520,0.3270,3
2026-08-01T15:03:31Z,34.0060,158.7359,6
2026-08-01T19:45:47Z,41.1927,72.6433,y
2026-08-01T01:03:10Z,-3.4838,34.7071,c
2026-08-01T00:20:43Z,8.8205,-118.0850,t
2026-08-01T19:49:02Z,-46.5870,163.8645,o
2026-08-01T02:27:32Z,36.8718,-15.2408,6
2026-08-01T07:51:51Z,-51.5366,61.5090,9
2026-08-01T14:46:55Z,49.8235,64.7328,o
2026-08-01T08:01:28Z,56.0994,97.3614,n
2026-08-01T08:01:57Z,-15.0540,95.5277,6
2026-08-01T21:52:35Z,43.1974,122.2790,f
2026-08-01T06:50:51Z,-3.8592,56.0680,7
2026-08-01T23:54:32Z,-2.2114,-128.0888,k
2026-08-01T03:08:42Z,-44.3345,137.5086,x
2026-08-01T18:41:34Z,-37.9477,-179.2593,a
2026-08-01T00:02:14Z,-44.3954,-21.1303,5
2026-08-01T20:32:25Z,-43.8539,-116.3018,o
2026-08-01T07:50:34Z,-48.0320,55.5534,r
2026-08-01T02:31:04Z,-50.8757,32.9790,q
2026-08-01T12:38:56Z,28.4648,20.5597,t
2026-08-01T19:43:56Z,-41.6729,80.0197,r
2026-08-01T00:14:03Z,-23.9045,133.4258,6
2026-08-01T18:12:27Z,36.9643,104.6178,z
2026-08-01T12:56:18Z,0.2597,-148.6284,d
2026-08-01T06:34:36Z,-17.8945,-11.4473,h
2026-08-01T20:55:09Z,34.6156,-25.1159,x
2026-08-01T06:14:17Z,-52.6002,68.5162,h
2026-08-01T04:52:59Z,59.1577,68.0057,y
2026-08-01T06:40:06Z,0.5130,-165.7298,c
2026-08-01T23:52:43Z,-3.1194,-135.6836,h
2026-08-01T16:06:20Z,14.0530,-3.9710,_
2026-08-01T19:15:48Z,15.2681,-58.4638,m
2026-08-01T20:38:20Z,-20.1932,-122.3920,}
2026-08-01T14:11:43Z,-27.7313,128.7983,5
2026-08-01T19:04:15Z,-41.8434,35.6416,3
2026-08-01T22:53:57Z,38.1880,48.2101,c
2026-08-01T11:15:33Z,-8.2030,50.6294,m
2026-08-01T06:05:41Z,-45.8237,124.3251,x
2026-08-01T19:09:06Z,-7.8558,-60.5928,{
2026-08-01T20:21:03Z,-48.1549,-176.2733,7
2026-08-01T10:02:24Z,-38.1107,-119.4369,7
2026-08-01T04:52:20Z,-17.8836,143.4876,4
2026-08-01T06:38:42Z,15.3014,142.3513,q
2026-08-01T16:44:01Z,-49.8041,-9.0151,x
2026-08-01T22:03:03Z,-48.9516,-165.0877,z
2026-08-01T03:58:16Z,58.7860,-137.7663,z
2026-08-01T18:45:39Z,54.4478,47.2798,v
2026-08-01T19:58:49Z,5.5810,109.6236,e
2026-08-01T06:04:59Z,-48.0781,20.9153,g
2026-08-01T12:34:49Z,-50.3141,-16.7898,l
2026-08-01T21:11:31Z,54.7763,14.4492,v
2026-08-01T17:00:56Z,-37.0171,-179.3211,2
2026-08-01T23:46:16Z,-23.6071,-152.5177,6
2026-08-01T11:01:23Z,-48.3191,13.5188,9
2026-08-01T08:46:02Z,14.1525,-123.8802,1
2026-08-01T23:08:56Z,-2.5078,61.7871,p
2026-08-01T09:37:17Z,-17.4385,72.6503,u
2026-08-01T23:29:04Z,26.4721,-67.3205,l
2026-08-01T16:47:40Z,1.1806,150.9904,m
2026-08-01T20:59:46Z,39.4019,-42.1515,y
2026-08-01T21:02:17Z,46.5982,-48.5102,w
2026-08-01T17:17:22Z,49.0374,100.9288,_
2026-08-01T23:20:13Z,-38.9899,86.5214,a
2026-08-01T20:00:21Z,39.6003,-20.5490,u
2026-08-01T02:08:45Z,-37.6162,78.6117,o
2026-08-01T06:13:58Z,-53.6236,47.1805,e
2026-08-01T03:42:24Z,49.0932,-133.3853,u
2026-08-01T19:51:26Z,-46.0606,166.5305,7
2026-08-01T10:31:44Z,-45.2321,110.7180,q
2026-08-01T10:48:10Z,-33.2563,-96.4684,0
2026-08-01T02:40:45Z,-6.8420,20.4533,m
2026-08-01T04:11:20Z,2.9276,-11.6072,4
2026-08-01T13:29:03Z,55.6980,-136.5981,u
2026-08-01T07:19:04Z,7.7339,172.5264,{
2026-08-01T10:10:02Z,51.9339,-169.9739,3
2026-08-01T14:31:36Z,55.1292,19.9866,6
2026-08-01T15:54:59Z,33.4699,167.6736,9
2026-08-01T06:03:06Z,3.3764,47.7277,c
2026-08-01T16:23:35Z,54.2720,55.2519,t
2026-08-01T09:40:11Z,4.2430,-45.0360,z
2026-08-01T21:22:39Z,40.4612,56.1985,a
2026-08-01T11:08:54Z,-49.4432,31.5588,{
2026-08-01T12:25:37Z,1.1134,140.9092,{
2026-08-01T22:06:26Z,-36.3989,-147.8947,l
2026-08-01T13:31:20Z,-37.6392,140.6063,h
2026-08-01T18:33:49Z,-54.6592,-132.7197,v
2026-08-01T07:13:13Z,-18.3404,17.8004,3
2026-08-01T11:41:29Z,55.8086,148.1840,s
2026-08-01T08:19:56Z,-25.7245,74.6762,s
2026-08-01T14:17:04Z,-31.7420,-7.0226,h
2026-08-01T07:12:31Z,4.5416,154.7202,6
2026-08-01T03:11:41Z,-41.5648,151.9472,u
2026-08-01T03:43:28Z,50.4171,153.6673,x
2026-08-01T00:47:56Z,-58.3102,158.1931,h
2026-08-01T23:10:21Z,-5.6609,62.9901,f
2026-08-01T09:51:04Z,-15.2273,-14.4679,n
2026-08-01T07:20:58Z,-1.1607,-64.3894,6
2026-08-01T07:30:56Z,-48.5485,-68.2198,v
2026-08-01T13:48:23Z,-30.0122,-140.1838,2
2026-08-01T19:10:01Z,-41.0007,-77.0550,6
2026-08-01T11:06:37Z,-38.0887,34.7093,o
2026-08-01T23:35:59Z,-49.6532,167.7053,g
2026-08-01T21:43:45Z,9.7979,-128.1729,p
2026-08-01T15:09:15Z,-48.3691,-15.6670,b
2026-08-01T12:18:42Z,-59.5387,69.1409,_
2026-08-01T21:30:21Z,-28.9573,174.2465,h
2026-08-01T21:48:31Z,-23.5364,-22.7800,o
2026-08-01T15:02:43Z,30.4272,146.6547,p
2026-08-01T07:01:42Z,53.2459,-127.7740,p
2026-08-01T08:52:24Z,17.9922,-86.6566,c
2026-08-01T12:13:53Z,-19.1980,-118.3508,9
2026-08-01T03:22:40Z,-5.7885,178.6280,4
2026-08-01T06:46:14Z,34.5065,163.2706,t
2026-08-01T23:17:59Z,-28.9669,84.8106,a
2026-08-01T05:32:36Z,38.7617,-71.6319,x
2026-08-01T18:24:33Z,-2.1684,129.7823,x
2026-08-01T03:15:00Z,-28.9131,158.6782,3
2026-08-01T16:08:43Z,10.4714,4.2470,m
2026-08-01T05:18:14Z,-27.7641,-115.4709,4
2026-08-01T02:25:49Z,39.1324,-21.9532,g
2026-08-01T00:01:51Z,59.2352,-86.3615,b
2026-08-01T07:48:42Z,-13.4898,37.0712,e
2026-08-01T08:13:22Z,50.1425,-113.3050,5
2026-08-01T00:32:31Z,55.6078,116.3364,4
2026-08-01T05:45:39Z,5.7776,-39.5882,n
2026-08-01T04:36:50Z,55.4653,-172.4687,x
2026-08-01T04:56:51Z,9.1326,-152.1677,f
2026-08-01T07:44:22Z,21.7002,49.7228,_
2026-08-01T03:27:04Z,58.6689,152.8736,2
2026-08-01T06:20:26Z,25.1027,34.4756,p
2026-08-01T12:41:09Z,59.0578,93.9083,u
2026-08-01T00:12:07Z,-15.8656,-134.3911,m
2026-08-01T06:34:23Z,-4.5364,134.5895,b
2026-08-01T12:47:27Z,54.3240,-170.3318,7
2026-08-01T16:21:02Z,46.2170,49.3688,z
2026-08-01T04:21:52Z,-30.3688,17.7727,8
2026-08-01T11:34:33Z,47.6417,98.2083,h
2026-08-01T01:31:32Z,-45.3476,145.5797,9
2026-08-01T17:21:14Z,-39.6283,-85.2184,k
2026-08-01T09:52:05Z,-31.1118,-89.3212,_
2026-08-01T10:17:08Z,11.4756,138.1301,f
2026-08-01T04:30:58Z,-20.3464,-82.8720,g
2026-08-01T08:18:05Z,48.4264,60.3982,a
2026-08-01T07:42:10Z,-53.6266,11.0746,s
2026-08-01T22:19:05Z,0.9087,-112.0523,x
2026-08-01T07:01:32Z,39.4006,-97.2574,y
2026-08-01T13:28:14Z,4.6825,18.6375,l
2026-08-01T17:01:36Z,29.0353,-91.4818,d
2026-08-01T19:30:50Z,45.6647,-0.8890,o
2026-08-01T08:49:50Z,17.8943,-140.7958,i
2026-08-01T10:46:57Z,-50.3718,-70.2137,7
2026-08-01T18:57:15Z,45.4398,158.8491,j
2026-08-01T21:55:36Z,23.2532,-147.6061,n
2026-08-01T01:23:27Z,-54.5278,103.0504,e
2026-08-01T06:56:10Z,-12.8264,12.4248,m
2026-08-01T02:03:42Z,38.6093,-123.8428,d
2026-08-01T05:07:49Z,29.3418,167.7820,f
2026-08-01T16:59:55Z,-33.3500,-178.2412,h
2026-08-01T20:02:13Z,14.3731,-61.1882,v
2026-08-01T07:27:58Z,-20.3174,-40.1980,r
2026-08-01T10:40:00Z,-25.9142,-87.8261,4
2026-08-01T02:41:00Z,-45.2022,-13.1510,6
2026-08-01T07:54:16Z,-38.7128,69.9254,h
2026-08-01T14:01:00Z,7.7566,85.1978,s
2026-08-01T18:17:10Z,28.5658,121.8877,h
2026-08-01T08:43:02Z,-19.8633,-89.3970,v
2026-08-01T08:40:33Z,33.1040,18.3780,t
2026-08-01T04:51:34Z,40.3981,173.7299,8
2026-08-01T00:15:30Z,2.7769,-132.8160,1
2026-08-01T19:04:59Z,-38.1400,83.7578,_
2026-08-01T21:07:11Z,57.0473,-22.1718,y
2026-08-01T00:38:35Z,-53.5274,165.7570,w
2026-08-01T01:39:13Z,-4.8244,141.4157,_
2026-08-01T02:27:39Z,46.2943,-161.6360,d
2026-08-01T07:01:23Z,50.0230,-122.0544,{
2026-08-01T01:31:32Z,48.5599,91.9923,x
2026-08-01T05:55:19Z,37.2556,153.2293,h
2026-08-01T06:06:08Z,-49.1851,-49.6889,3
2026-08-01T11:25:11Z,26.6828,71.5140,y
2026-08-01T00:00:44Z,-46.4241,-174.7689,i
2026-08-01T15:59:45Z,-5.5694,-14.9806,8
2026-08-01T06:09:15Z,19.3265,146.2645,p
2026-08-01T05:14:57Z,40.0796,-156.3596,a
2026-08-01T07:09:25Z,31.5761,-88.1102,5
2026-08-01T13:31:27Z,-34.9435,124.2946,n
2026-08-01T21:53:04Z,7.8339,-74.4689,b
2026-08-01T06:19:39Z,-37.1810,99.4170,h
2026-08-01T11:15:50Z,30.3879,-119.9609,n
2026-08-01T04:50:14Z,15.9788,35.1273,c
2026-08-01T17:31:05Z,-21.1808,-48.6339,u
2026-08-01T07:41:08Z,-21.6501,-1.4016,7
2026-08-01T14:13:10Z,33.7528,140.2945,r
2026-08-01T13:23:22Z,-31.5781,-15.3394,m
2026-08-01T07:59:58Z,-28.9117,85.6569,f
2026-08-01T16:32:48Z,47.1206,111.4981,g
2026-08-01T11:11:36Z,-26.5989,-67.1236,4
2026-08-01T19:18:03Z,21.1718,-48.8085,n
2026-08-01T22:22:12Z,-0.3526,-105.9339,h
2026-08-01T12:59:04Z,-54.3687,36.3544,7
2026-08-01T02:39:19Z,-7.6658,14.6717,d
2026-08-01T08:57:18Z,-30.2246,-175.6895,t
2026-08-01T10:16:26Z,48.3742,-143.3607,8
2026-08-01T22:16:34Z,38.2959,147.3879,e
2026-08-01T05:23:04Z,55.5303,-120.9039,{
2026-08-01T17:06:39Z,-40.2649,-159.0097,n
2026-08-01T15:19:33Z,-8.9692,-175.0797,3
2026-08-01T14:36:21Z,-29.2057,-15.2271,v
2026-08-01T13:19:27Z,34.8209,74.1636,s
2026-08-01T20:04:30Z,31.3050,-37.7472,}
2026-08-01T01:42:37Z,-1.5022,153.7728,{
2026-08-01T00:15:47Z,-59.3209,56.1145,s
2026-08-01T15:58:45Z,21.4960,124.3288,6
2026-08-01T00:07:33Z,-15.9614,-148.1632,6
2026-08-01T16:40:33Z,28.5145,136.3477,i
2026-08-01T23:24:30Z,-36.8081,-31.0586,d
2026-08-01T03:25:28Z,5.7863,-176.3381,5
2026-08-01T00:03:57Z,-33.7386,-156.5327,f
2026-08-01T12:19:46Z,-43.9654,-90.2158,j
2026-08-01T16:22:21Z,38.4521,164.7162,1
2026-08-01T09:55:09Z,41.0448,107.3440,d
2026-08-01T04:32:44Z,-2.8153,128.7791,1
2026-08-01T22:06:19Z,-37.9911,-143.0721,y
2026-08-01T18:07:40Z,37.8370,82.3228,3
2026-08-01T01:10:27Z,-22.8033,58.6842,m
2026-08-01T16:41:24Z,18.3593,138.0485,6
2026-08-01T21:35:00Z,-5.0544,89.5278,8
2026-08-01T17:48:58Z,30.2772,-13.1611,k
2026-08-01T10:34:52Z,-7.6827,-97.6267,5
2026-08-01T13:38:01Z,31.1203,-85.7090,z
2026-08-01T04:40:42Z,-42.0837,-101.4408,u
2026-08-01T19:07:18Z,-13.6215,-70.8705,i
2026-08-01T17:41:05Z,-29.3169,-76.3574,t
2026-08-01T09:52:07Z,23.6695,106.0441,d
2026-08-01T06:02:07Z,-45.7526,11.3372,m
2026-08-01T03:06:28Z,-44.6574,127.5262,g
2026-08-01T00:19:38Z,8.5415,-99.9456,u
2026-08-01T03:24:44Z,-22.3238,-16.3037,9
2026-08-01T11:48:06Z,56.8850,82.6720,u
2026-08-01T09:50:58Z,-54.8397,-145.2652,f
2026-08-01T13:19:19Z,-48.7357,94.3363,_
2026-08-01T03:00:43Z,-56.4157,92.0787,2
2026-08-01T19:24:31Z,33.0266,-28.7599,2
2026-08-01T04:41:39Z,-45.6744,103.0778,k
2026-08-01T00:58:28Z,-44.6954,-100.9593,d
2026-08-01T21:21:21Z,34.8743,83.2534,_
2026-08-01T07:21:02Z,0.8943,-58.5721,l
2026-08-01T21:45:17Z,-31.0860,107.5102,l
2026-08-01T13:29:36Z,38.5343,-166.6929,x
2026-08-01T01:59:04Z,28.9700,-133.2837,i
2026-08-01T11:35:31Z,48.2720,112.0559,r
2026-08-01T16:04:45Z,7.8685,-6.1161,n
2026-08-01T16:50:23Z,-3.9650,152.5679,1
2026-08-01T03:18:42Z,-25.7914,10.6801,1
2026-08-01T02:53:23Z,-42.1332,62.0431,w
2026-08-01T16:56:07Z,-48.8474,31.2603,{
2026-08-01T10:16:31Z,-39.5111,26.1264,8
2026-08-01T14:14:56Z,22.2781,-18.5840,6
2026-08-01T02:28:55Z,-23.7924,-162.3434,5
2026-08-01T23:33:37Z,18.4103,-43.0168,t
2026-08-01T14:27:34Z,-0.9897,17.8244,{
2026-08-01T18:14:30Z,-12.0729,42.7911,0
2026-08-01T10:08:09Z,52.1336,172.1142,c
2026-08-01T22:52:37Z,47.3043,12.3641,b
2026-08-01T19:05:10Z,55.6309,104.6217,a
2026-08-01T02:55:14Z,-53.4245,56.4280,w
2026-08-01T18:51:26Z,-45.5228,-124.5887,s
2026-08-01T11:49:12Z,44.7854,-168.1750,n
2026-08-01T12:29:36Z,-50.4415,-44.5293,3
2026-08-01T13:34:45Z,14.1403,-168.9197,v
2026-08-01T03:25:48Z,-54.2937,-96.3526,5
2026-08-01T03:22:43Z,-25.2019,-178.0875,o
2026-08-01T09:55:08Z,33.6186,120.0797,a
2026-08-01T11:12:11Z,-25.2864,45.2354,_
2026-08-01T15:15:27Z,-23.0309,107.8022,l
2026-08-01T21:59:04Z,-52.6943,-178.2511,g
2026-08-01T09:14:22Z,13.3302,161.4124,o
2026-08-01T04:34:25Z,-57.9580,62.8487,x
2026-08-01T21:05:38Z,-12.7252,-178.1623,o
2026-08-01T18:44:31Z,-44.5187,-162.7364,j
2026-08-01T11:31:04Z,-45.8920,44.1641,d
2026-08-01T07:25:48Z,-16.2466,-54.8061,i
2026-08-01T14:11:44Z,-52.2619,-86.1062,b
2026-08-01T04:06:42Z,13.2925,-23.9278,2
2026-08-01T16:09:27Z,36.5347,-82.7615,v
2026-08-01T12:29:10Z,-51.2597,-49.0159,9
2026-08-01T13:28:40Z,43.0361,52.2281,e
2026-08-01T15:54:26Z,-18.6040,-27.6101,d
2026-08-01T06:38:03Z,15.8200,60.2585,s
2026-08-01T22:15:25Z,-55.7783,93.5381,n
2026-08-01T12:12:07Z,-20.8600,-119.5440,s
2026-08-01T03:57:38Z,-55.9053,1.2502,s
2026-08-01T13:58:55Z,-48.2445,-99.7357,t
2026-08-01T06:28:43Z,-8.3480,119.6450,g
2026-08-01T08:47:12Z,31.7363,-106.2174,7
2026-08-01T16:14:45Z,56.2399,-86.1973,y
2026-08-01T22:01:03Z,-5.3641,142.5883,e
2026-08-01T19:57:14Z,0.5599,101.1718,9
2026-08-01T20:51:44Z,16.0828,-67.0369,e
2026-08-01T20:04:52Z,-18.4998,118.3473,u
2026-08-01T18:21:43Z,7.9421,118.8421,d
2026-08-01T01:17:19Z,-13.5364,89.3706,e
2026-08-01T13:54:21Z,-38.1064,-127.9291,d
2026-08-01T19:40:37Z,43.9984,52.5996,6
2026-08-01T18:21:56Z,3.3853,130.9808,m
2026-08-01T13:18:31Z,-3.8024,-142.0318,6
2026-08-01T06:22:05Z,-54.4475,-23.3815,y
2026-08-01T17:17:08Z,-53.0744,-104.4600,l
2026-08-01T00:07:32Z,-27.7105,16.9900,s
2026-08-01T07:07:11Z,36.3265,-94.2023,d
2026-08-01T18:24:04Z,-23.3664,-101.0890,v
2026-08-01T22:25:28Z,15.7809,-1.3220,6
2026-08-01T20:09:44Z,-34.7379,130.9434,l
2026-08-01T05:18:12Z,55.4527,-153.0646,9
2026-08-01T22:33:23Z,-18.5706,43.7759,b
2026-08-01T14:15:56Z,-38.1489,-12.0922,}
2026-08-01T11:02:33Z,40.5985,-43.5725,y
2026-08-01T23:17:57Z,-22.6443,79.0629,r
2026-08-01T22:42:19Z,54.4605,-34.6915,f
2026-08-01T19:26:42Z,38.1118,-28.6724,j
2026-08-01T09:28:26Z,-41.4224,-131.6219,6
2026-08-01T16:29:53Z,46.1225,92.4608,3
2026-08-01T16:05:16Z,5.9394,-6.9319,r
2026-08-01T07:53:28Z,18.4665,-16.7505,e
2026-08-01T16:18:18Z,42.2979,30.9548,}
2026-08-01T06:19:58Z,-40.5351,93.5886,_
2026-08-01T00:00:15Z,-39.5778,-171.5137,x
2026-08-01T21:28:53Z,10.1338,68.2352,o
2026-08-01T01:23:01Z,25.8373,45.6524,f
2026-08-01T19:10:20Z,55.2224,-128.4691,p
2026-08-01T13:34:54Z,8.6468,-164.8938,s
2026-08-01T02:02:47Z,13.7569,-152.5859,t
2026-08-01T05:00:51Z,0.2034,156.0309,6
2026-08-01T01:29:12Z,-52.2640,128.3309,b
2026-08-01T08:59:40Z,-48.6041,89.9353,k
2026-08-01T13:50:53Z,-34.3879,-130.3344,m
2026-08-01T19:32:33Z,58.8966,6.1400,4
2026-08-01T02:01:11Z,-31.5072,170.9853,m
2026-08-01T11:01:27Z,-53.1321,18.3362,m
2026-08-01T20:40:00Z,8.2366,119.3314,d
2026-08-01T04:12:37Z,29.3198,-96.0286,9
2026-08-01T14:27:29Z,8.6409,-174.1840,k
2026-08-01T15:11:54Z,8.7872,166.0338,u
2026-08-01T07:47:04Z,-45.3016,32.3931,u
2026-08-01T17:59:12Z,55.2129,45.8772,d
2026-08-01T03:53:35Z,40.2310,49.7982,2
2026-08-01T08:13:34Z,13.7757,122.2700,g
2026-08-01T23:57:05Z,-0.5209,-133.1138,w
2026-08-01T04:58:30Z,1.3705,160.2637,b
2026-08-01T10:54:54Z,-21.9417,149.8049,q
2026-08-01T11:27:44Z,25.5294,81.8178,z
2026-08-01T07:50:21Z,-46.2272,-136.1967,d
2026-08-01T21:52:44Z,-46.5124,140.6245,l
2026-08-01T00:05:02Z,37.7594,103.3560,g
2026-08-01T01:59:03Z,32.0276,-130.5572,k
2026-08-01T23:59:15Z,14.5323,-125.9322,0
2026-08-01T10:19:28Z,14.6118,12.5992,1
2026-08-01T15:34:49Z,33.7807,118.0319,a
2026-08-01T20:54:37Z,25.1980,-73.9331,k
2026-08-01T16:30:12Z,44.9582,101.9898,g
2026-08-01T01:06:41Z,34.8472,56.9373,q
2026-08-01T22:12:42Z,-30.2643,-132.8297,s
2026-08-01T05:07:17Z,23.3808,166.1743,p
2026-08-01T22:54:49Z,-33.4556,178.9381,7
2026-08-01T10:44:01Z,-31.1015,-75.0797,5
2026-08-01T02:58:10Z,41.3227,23.1903,2
2026-08-01T00:47:45Z,42.0835,-7.7519,n
2026-08-01T21:42:26Z,-22.6099,108.2148,}
2026-08-01T07:15:39Z,48.8716,102.3972,f
2026-08-01T11:10:31Z,-47.9397,37.7357,8
2026-08-01T01:49:54Z,4.4040,-156.1167,e
2026-08-01T23:03:03Z,18.2886,56.9966,8
2026-08-01T10:41:48Z,-37.5274,-91.2018,i
2026-08-01T04:22:35Z,-27.4514,4.2762,0
2026-08-01T11:57:38Z,49.9529,-9.0405,z
2026-08-01T05:16:09Z,40.4025,-158.9272,9
2026-08-01T20:32:54Z,-40.0717,-115.0778,l
2026-08-01T16:16:04Z,25.8497,-59.6358,0
2026-08-01T20:26:13Z,-25.2031,111.4154,0
2026-08-01T11:51:55Z,-58.3759,-66.7350,q
2026-08-01T09:18:38Z,49.8974,32.0787,g
2026-08-01T14:23:04Z,-19.6442,2.4878,0
2026-08-01T16:59:14Z,32.5735,140.2538,z
2026-08-01T16:32:14Z,45.8600,107.5103,x
2026-08-01T17:22:55Z,-16.2751,-109.7446,f
2026-08-01T00:54:43Z,33.2667,-128.8390,o
2026-08-01T17:25:08Z,-57.4987,43.1874,i
2026-08-01T03:07:48Z,-50.5244,133.9204,8
2026-08-01T04:29:41Z,-52.2134,41.9650,j
2026-08-01T10:03:56Z,29.7075,-162.5920,l
2026-08-01T22:21:31Z,6.4654,-109.5905,7
2026-08-01T05:35:01Z,-35.0590,-14.6829,}
2026-08-01T12:19:39Z,-42.0239,-97.6152,2
2026-08-01T06:08:53Z,-53.7054,36.3741,n
2026-08-01T20:57:28Z,4.8404,121.6526,v
2026-08-01T04:23:46Z,-37.9888,20.9252,2
2026-08-01T22:18:00Z,32.6875,177.4046,t
2026-08-01T18:49:20Z,-48.1083,-143.1803,x
2026-08-01T21:26:29Z,28.8376,63.4153,w
2026-08-01T22:29:44Z,26.5827,-88.0928,8
2026-08-01T19:35:43Z,53.5816,31.2030,j
2026-08-01T00:49:33Z,-22.3770,131.5952,v
2026-08-01T00:24:06Z,25.2574,-113.4051,7
2026-08-01T20:23:23Z,57.6697,15.8342,m
2026-08-01T20:43:15Z,-17.7048,-86.8114,q
2026-08-01T07:26:13Z,-20.5163,-44.8624,p
2026-08-01T21:30:22Z,14.0961,79.4858,_
2026-08-01T20:35:22Z,-30.8017,-116.7428,p
2026-08-01T17:50:47Z,40.9724,-90.6731,x
2026-08-01T23:29:40Z,41.7727,-145.5297,u
2026-08-01T22:21:05Z,27.5212,-76.5320,_
2026-08-01T13:22:41Z,53.0465,157.9903,w
2026-08-01T13:59:22Z,-48.6681,-98.7006,q
2026-08-01T04:10:10Z,57.9984,-94.5865,d
2026-08-01T02:52:25Z,-40.0988,52.1234,y
2026-08-01T10:23:13Z,21.0198,-121.5153,a
2026-08-01T09:00:36Z,-23.3014,-108.8591,e
2026-08-01T19:06:33Z,1.3140,12.3736,p
2026-08-01T11:56:40Z,-26.0379,32.0225,4
2026-08-01T07:07:56Z,52.5173,-141.7972,e
2026-08-01T05:26:14Z,49.5436,-100.2096,2
2026-08-01T08:24:46Z,45.4616,150.2308,r
2026-08-01T18:18:33Z,-11.6407,54.6455,r
2026-08-01T22:31:26Z,27.2790,-84.1513,z
2026-08-01T05:16:41Z,-0.6677,-143.3473,}
2026-08-01T01:33:35Z,56.6452,56.3325,t
2026-08-01T01:32:01Z,-46.6060,156.4302,1
2026-08-01T03:36:24Z,38.7785,-149.6827,}
2026-08-01T01:48:44Z,-19.7488,-54.7705,m
2026-08-01T15:14:04Z,-6.8394,-137.2545,k
2026-08-01T20:02:18Z,31.0197,-68.0385,3
2026-08-01T03:43:00Z,12.1541,167.8571,s
2026-08-01T18:00:47Z,50.0884,52.4228,q
2026-08-01T03:18:12Z,-15.9576,110.0908,g
2026-08-01T18:58:17Z,-43.2122,-91.3053,w
2026-08-01T03:12:01Z,-38.5681,148.8888,f
2026-08-01T23:57:34Z,28.8428,159.7980,d
2026-08-01T18:55:42Z,-41.0358,-100.0796,a
2026-08-01T20:10:49Z,-22.6346,134.7322,8
2026-08-01T02:38:01Z,52.1613,-108.7029,g
2026-08-01T07:51:04Z,33.0300,-169.8986,5
2026-08-01T02:41:24Z,-42.6721,-75.6530,}
2026-08-01T20:15:59Z,-51.4100,159.7225,i
2026-08-01T02:17:50Z,-39.0827,-37.9785,y
2026-08-01T07:26:29Z,-6.6083,-131.9687,j
2026-08-01T09:39:32Z,-1.2415,-166.5506,}
2026-08-01T23:01:59Z,24.7829,45.6717,b
2026-08-01T05:46:07Z,3.0153,-35.0759,v
2026-08-01T04:35:48Z,-55.5204,73.4989,w
2026-08-01T18:19:45Z,11.4702,119.9157,d
2026-08-01T13:14:12Z,52.7525,104.1056,3
2026-08-01T21:16:53Z,46.8790,39.1599,b
2026-08-01T06:12:57Z,-52.1496,56.8128,q
2026-08-01T08:50:59Z,21.4292,-97.7841,f
2026-08-01T01:29:41Z,-55.4934,136.8017,o
2026-08-01T11:27:35Z,28.4729,88.9442,5
2026-08-01T10:50:08Z,34.5426,-127.4586,_
2026-08-01T03:35:45Z,-3.8541,85.9658,d
2026-08-01T08:02:38Z,-14.0443,94.3804,8
2026-08-01T16:13:16Z,32.2078,12.6054,{
2026-08-01T03:12:22Z,32.1785,-119.5599,p
2026-08-01T04:50:17Z,-22.7155,130.1564,}
2026-08-01T12:27:34Z,-55.3569,-56.0616,w
2026-08-01T21:41:23Z,57.5144,-0.2050,6
2026-08-01T15:08:54Z,17.2294,7.9807,l
2026-08-01T14:11:53Z,-41.1408,-28.6687,v
2026-08-01T23:14:29Z,-18.7373,80.2846,4
2026-08-01T03:37:10Z,21.0302,16.4447,6
2026-08-01T08:07:00Z,-4.8574,110.3981,m
2026-08-01T09:16:00Z,-52.2605,-18.3497,2
2026-08-01T18:32:31Z,58.5685,18.5811,4
2026-08-01T06:35:44Z,6.8266,-95.7914,a
2026-08-01T22:39:54Z,54.6175,-54.9993,{
2026-08-01T23:12:33Z,-11.1353,34.4662,a
2026-08-01T19:50:18Z,28.3655,91.2071,_
2026-08-01T17:37:00Z,-20.6076,-15.6826,d
2026-08-01T21:24:51Z,30.8836,61.5629,a
2026-08-01T05:15:16Z,-28.5228,-34.7107,9
2026-08-01T13:44:08Z,-30.0796,-37.7411,5
2026-08-01T18:24:53Z,0.1427,136.1825,s
2026-08-01T00:56:16Z,33.9019,149.3803,4
2026-08-01T14:24:33Z,-3.9365,3.9969,y
2026-08-01T11:19:08Z,-36.8994,72.5351,j
2026-08-01T11:39:10Z,57.7674,135.5448,p
2026-08-01T20:44:03Z,-12.7987,-79.8774,9
2026-08-01T14:01:04Z,42.6533,-61.0231,6
2026-08-01T04:21:16Z,54.4113,27.8383,_
2026-08-01T01:19:01Z,4.0943,30.2483,2
2026-08-01T18:21:24Z,12.6987,121.1841,j
2026-08-01T19:17:53Z,-47.8382,81.5305,r
2026-08-01T18:34:27Z,-26.9666,161.8938,g
2026-08-01T19:45:26Z,40.9194,77.0852,a
2026-08-01T19:22:36Z,-49.1011,-31.3578,6
2026-08-01T08:53:37Z,10.5503,-94.0263,0
2026-08-01T08:53:46Z,10.9135,-90.3643,i
2026-08-01T13:20:24Z,50.6820,148.8936,b
2026-08-01T23:41:23Z,-35.0216,-162.7528,8
2026-08-01T22:03:08Z,-12.0004,-81.8519,7
2026-08-01T05:53:36Z,-24.5588,-16.9723,w
2026-08-01T01:10:45Z,45.1265,118.0448,_
2026-08-01T20:36:28Z,58.5371,-158.4493,8
2026-08-01T08:39:53Z,37.5033,-128.0511,l
2026-08-01T19:39:05Z,-59.0040,176.7058,t
2026-08-01T05:04:20Z,-33.7349,11.2080,7
2026-08-01T12:40:29Z,-36.2467,2.2842,u
2026-08-01T01:32:56Z,39.5870,-52.0843,j
2026-08-01T04:19:55Z,-39.6965,-161.4744,0
2026-08-01T08:31:35Z,45.8678,-168.4031,6
2026-08-01T01:53:42Z,25.7643,151.3453,m
2026-08-01T23:03:02Z,39.7499,-16.3463,s
2026-08-01T15:52:24Z,-29.9917,-31.2625,n
2026-08-01T11:49:17Z,-18.9838,-119.3977,{
2026-08-01T08:59:49Z,-7.2354,-72.3764,x
2026-08-01T09:32:38Z,-35.0794,-65.4977,w
2026-08-01T07:17:09Z,39.9334,-134.8416,e
2026-08-01T14:20:59Z,-22.8409,-7.8966,w
2026-08-01T18:03:04Z,47.8845,57.1005,r
2026-08-01T20:52:45Z,26.2685,-18.9529,_
2026-08-01T18:02:22Z,-54.0187,2.7753,{
2026-08-01T03:13:35Z,-39.9377,153.3434,a
2026-08-01T12:51:17Z,-12.6451,34.5189,a
2026-08-01T10:22:15Z,-34.3739,92.3258,h
2026-08-01T08:25:16Z,-53.7502,136.7137,j
2026-08-01T10:17:30Z,41.5164,-148.9416,k
2026-08-01T19:37:45Z,29.0438,-74.7406,{
2026-08-01T22:45:17Z,53.7939,-18.6138,}
2026-08-01T10:00:31Z,42.2241,107.3408,q
2026-08-01T17:26:32Z,-21.4173,-64.7138,p
2026-08-01T05:01:09Z,6.7204,154.7192,j
2026-08-01T23:33:04Z,-53.9851,157.7439,q
2026-08-01T18:19:16Z,16.0454,116.2139,m
2026-08-01T01:35:34Z,11.3299,-19.4714,5
2026-08-01T07:39:56Z,-59.9245,56.3691,c
2026-08-01T15:21:00Z,-19.1189,-166.5276,v
2026-08-01T05:00:33Z,-2.5716,164.4262,g
2026-08-01T15:10:11Z,59.9530,-125.7094,u
2026-08-01T05:07:59Z,45.4256,110.9575,e
2026-08-01T12:45:35Z,-30.7112,-9.4441,1
2026-08-01T20:29:21Z,-46.0450,-104.6654,o
2026-08-01T00:19:14Z,10.8189,-122.4670,8
2026-08-01T14:10:22Z,48.0660,-53.1135,9
2026-08-01T11:37:11Z,-45.4856,-46.9600,9
2026-08-01T04:14:37Z,-20.0768,20.0663,3
2026-08-01T13:01:07Z,15.9397,-157.8651,w
2026-08-01T15:45:23Z,-46.4953,160.9694,}
2026-08-01T05:56:17Z,-27.5901,175.6909,1
2026-08-01T04:56:54Z,-13.1284,149.7139,m
2026-08-01T00:06:09Z,-25.8389,-148.4966,f
2026-08-01T12:13:58Z,-7.0920,20.7032,x
2026-08-01T12:41:13Z,-33.1346,3.8185,q
2026-08-01T21:37:23Z,-14.9821,95.0553,v
2026-08-01T03:23:27Z,-2.7853,177.1712,8
2026-08-01T10:43:03Z,-37.0728,-76.3601,_
2026-08-01T07:35:31Z,-19.7262,-121.6078,i
2026-08-01T04:01:56Z,-39.1790,-110.1123,x
2026-08-01T10:51:47Z,-11.2897,-120.7494,8
2026-08-01T10:52:43Z,4.3797,53.9760,u
2026-08-01T12:13:39Z,-28.2858,-111.9489,q
2026-08-01T01:59:25Z,42.5778,-79.7672,l
2026-08-01T17:15:25Z,-51.7542,-108.5392,j
2026-08-01T08:26:56Z,52.3368,160.8385,u
2026-08-01T19:03:34Z,35.8193,5.9244,1
2026-08-01T03:52:41Z,48.9217,-71.3589,o
2026-08-01T14:22:10Z,-40.8652,157.1899,s
2026-08-01T18:59:38Z,-20.8048,126.9218,z
2026-08-01T05:04:33Z,11.2506,168.4389,z
2026-08-01T20:22:48Z,-53.4024,-166.7986,{
2026-08-01T07:17:23Z,14.4545,-62.1481,j
2026-08-01T21:47:29Z,39.1945,-36.6721,t
2026-08-01T03:50:55Z,-2.9020,-130.8250,z
2026-08-01T04:48:05Z,-32.5713,129.3618,u
2026-08-01T02:51:58Z,-45.2452,-64.9217,5
2026-08-01T21:04:23Z,44.5140,-28.4501,i
2026-08-01T14:55:07Z,54.6733,136.7636,c
2026-08-01T00:27:00Z,30.2058,-110.3668,g
2026-08-01T15:02:55Z,35.8599,146.3785,f
2026-08-01T04:15:36Z,-4.9004,-3.2385,w
2026-08-01T12:39:20Z,-39.0603,1.0015,d
2026-08-01T20:14:20Z,-42.0572,149.5148,_
2026-08-01T23:40:34Z,-45.4781,-176.6737,9
2026-08-01T17:48:46Z,33.4956,-9.7507,7
2026-08-01T23:42:51Z,31.5952,150.1264,n
2026-08-01T16:44:58Z,0.3490,109.9893,q
2026-08-01T02:17:30Z,47.0005,-103.2073,u
2026-08-01T03:48:26Z,47.0132,-91.9064,n
2026-08-01T05:29:49Z,42.7725,-86.1705,p
2026-08-01T22:10:14Z,30.9449,-32.2999,{
2026-08-01T08:07:12Z,1.6654,108.4998,k
2026-08-01T14:49:39Z,58.1093,84.4032,y
2026-08-01T00:34:52Z,52.8860,-68.4865,i
2026-08-01T16:12:02Z,29.9631,10.3351,8
2026-08-01T04:59:03Z,49.1904,-40.0818,3
2026-08-01T08:30:00Z,-19.3897,-22.9493,k
2026-08-01T18:41:42Z,-52.7189,-175.3629,l
2026-08-01T13:42:10Z,-9.4829,-155.1807,q
2026-08-01T11:06:24Z,-35.7304,28.4946,n
2026-08-01T22:01:23Z,-40.9139,97.3288,y
2026-08-01T12:34:46Z,-48.5458,-135.8597,6
2026-08-01T20:12:04Z,-35.9090,140.5644,9
2026-08-01T07:18:47Z,-14.2898,-151.8150,_
2026-08-01T20:19:49Z,-56.6122,-179.8659,a
2026-08-01T14:05:04Z,-50.2925,-63.2347,n
2026-08-01T21:52:54Z,56.6529,13.8796,m
2026-08-01T23:53:56Z,21.8217,54.7347,r
2026-08-01T02:40:51Z,-7.2763,23.2281,v
2026-08-01T04:12:13Z,-0.6398,-8.4705,8
2026-08-01T02:00:54Z,35.0026,-126.2557,c
2026-08-01T14:56:34Z,45.7258,123.5915,r
2026-08-01T05:26:25Z,54.2058,-101.1145,x
2026-08-01T19:33:25Z,25.1814,111.0425,h
2026-08-01T00:06:24Z,58.9289,134.2046,m
2026-08-01T07:03:29Z,54.4317,-115.7948,a
2026-08-01T08:47:04Z,35.8960,-101.3903,s
2026-08-01T21:41:56Z,-0.4782,-140.4975,s
2026-08-01T10:47:30Z,-43.4517,-63.6879,p
2026-08-01T04:14:09Z,-13.1269,-54.3949,z
2026-08-01T06:49:56Z,38.7232,12.2865,7
2026-08-01T18:06:04Z,47.6910,73.0232,8
2026-08-01T22:26:19Z,19.6016,-99.5093,f
2026-08-01T10:28:56Z,-45.2928,11.5459,w
2026-08-01T10:53:12Z,-2.7064,51.0273,l
2026-08-01T07:57:52Z,-24.3955,90.5270,n
2026-08-01T12:29:54Z,-49.2143,-44.7985,p
2026-08-01T00:12:30Z,-8.9092,-135.7250,r
2026-08-01T22:13:25Z,-24.3294,-121.2370,2
2026-08-01T19:46:01Z,36.6056,76.5223,x
2026-08-01T11:55:41Z,35.3070,9.9053,i
2026-08-01T16:52:06Z,1.0036,162.3600,x
2026-08-01T05:40:15Z,-10.8674,148.2923,h
2026-08-01T10:40:33Z,-29.8357,-90.2573,1
2026-08-01T14:26:22Z,-13.6766,-19.3875,}
2026-08-01T14:53:01Z,44.9378,-5.2257,h
2026-08-01T00:51:30Z,-30.4942,-17.2527,4
2026-08-01T04:58:02Z,-6.9484,153.4487,l
2026-08-01T08:38:05Z,36.5460,98.7622,p
2026-08-01T08:01:43Z,-35.9580,64.3442,9
2026-08-01T09:53:40Z,26.3118,99.1289,w
2026-08-01T23:19:59Z,58.6811,-50.5835,j
2026-08-01T19:48:19Z,29.9115,87.6701,0
2026-08-01T14:50:29Z,33.5056,20.0097,r
2026-08-01T09:37:08Z,-10.8274,-103.1562,9
2026-08-01T02:30:48Z,22.6289,-4.0028,o
2026-08-01T15:23:57Z,-12.2917,175.2983,_
2026-08-01T15:38:45Z,-52.8589,-94.2926,1
2026-08-01T18:23:23Z,1.3965,124.4104,k
2026-08-01T10:14:22Z,-44.5174,-122.9881,r
2026-08-01T13:37:05Z,6.5198,-158.9493,v
2026-08-01T15:21:10Z,-17.4811,-166.9862,6
2026-08-01T22:38:18Z,45.1718,-58.5749,4
2026-08-01T00:28:31Z,34.6364,-101.5715,v
2026-08-01T04:19:53Z,-22.3657,4.1827,w
2026-08-01T20:36:42Z,-36.2032,-46.7285,z
2026-08-01T04:59:08Z,-40.7602,75.9825,y
2026-08-01T06:22:39Z,-37.0737,103.9167,y
2026-08-01T08:27:39Z,-53.1717,59.6838,p
2026-08-01T09:55:12Z,-27.9250,26.2053,2
2026-08-01T09:28:19Z,-42.5038,-99.0337,8
2026-08-01T13:19:31Z,51.5564,139.6728,b
2026-08-01T14:01:25Z,-47.1245,-82.4492,}
2026-08-01T23:12:01Z,-8.7494,63.5929,m
2026-08-01T12:37:23Z,-24.7090,-86.1876,2
2026-08-01T11:15:10Z,-18.7269,55.5622,b
2026-08-01T18:10:34Z,7.4660,-22.5643,g
2026-08-01T22:45:11Z,-55.3073,-129.7704,i
2026-08-01T20:40:39Z,-41.4124,152.2390,9
2026-08-01T02:42:40Z,-21.3862,27.6911,x
2026-08-01T08:30:12Z,4.9918,-28.6045,x
2026-08-01T02:58:06Z,21.8425,59.2182,j
2026-08-01T04:23:20Z,-23.0707,-125.4839,7
2026-08-01T21:01:11Z,40.6682,-46.6345,x
2026-08-01T00:34:41Z,17.3494,-179.5414,3
2026-08-01T12:58:13Z,51.6875,14.5741,6
2026-08-01T01:48:25Z,-5.9646,-162.4346,v
2026-08-01T19:46:07Z,52.4995,136.4756,v
2026-08-01T08:00:47Z,-24.4809,-18.5256,t
2026-08-01T10:56:17Z,-56.8089,-20.2365,a
2026-08-01T04:46:45Z,-57.0383,22.6440,v
2026-08-01T09:57:33Z,32.0230,118.6325,6
2026-08-01T03:30:55Z,13.1691,-168.2268,f
2026-08-01T13:03:44Z,27.0305,-41.6298,2
2026-08-01T20:23:51Z,-52.0828,-159.2697,4
2026-08-01T14:39:07Z,11.4598,-94.0897,_
2026-08-01T05:55:27Z,-53.9409,157.7624,g
2026-08-01T05:57:19Z,-41.4359,-54.4577,s
2026-08-01T11:58:15Z,-38.5943,-39.0423,1
2026-08-01T20:12:17Z,-37.9920,138.8594,o
2026-08-01T06:50:14Z,15.3711,158.4443,z
2026-08-01T02:39:24Z,-25.4672,66.9348,d
2026-08-01T02:26:30Z,-19.5276,94.4822,8
2026-08-01T18:54:02Z,-24.9589,158.6355,5
2026-08-01T06:29:50Z,-53.9689,-4.4390,6
2026-08-01T08:38:39Z,41.8390,-133.3172,s
2026-08-01T23:09:29Z,-42.6715,-128.4781,z
2026-08-01T00:49:09Z,39.2978,2.4811,{
2026-08-01T21:23:53Z,46.0147,-32.1205,1
2026-08-01T14:18:08Z,12.3445,-167.7468,u
2026-08-01T02:07:16Z,45.9804,-109.9168,l
2026-08-01T08:58:03Z,-12.5970,-82.8317,b
2026-08-01T13:03:12Z,-21.0196,156.9254,o
2026-08-01T20:42:49Z,29.5820,106.8055,{
2026-08-01T21:47:54Z,-41.0957,111.1559,b
2026-08-01T20:25:55Z,-46.9982,-147.1492,2
2026-08-01T08:59:55Z,17.3759,97.0041,9
2026-08-01T02:41:14Z,-5.3603,16.3680,_
2026-08-01T04:39:02Z,-53.8682,97.7927,c
2026-08-01T01:21:28Z,-27.5001,-115.6128,i
2026-08-01T10:00:03Z,43.2655,127.5675,8
2026-08-01T05:18:24Z,-50.7012,-120.1361,s
2026-08-01T02:21:19Z,42.9968,-25.4742,d
2026-08-01T20:46:02Z,40.1022,-88.0580,3
2026-08-01T21:30:26Z,11.5372,81.5034,p
2026-08-01T09:13:59Z,-44.4813,-34.6560,t
2026-08-01T03:54:00Z,-27.4306,-123.4203,2
2026-08-01T05:15:10Z,48.0501,-164.0015,y
2026-08-01T23:44:03Z,38.1019,-167.5211,6
2026-08-01T10:16:30Z,38.0100,-143.3513,_
2026-08-01T12:13:57Z,-22.5653,-113.9858,n
2026-08-01T23:00:16Z,10.4543,-160.4221,n
2026-08-01T20:34:17Z,-37.2878,-120.2734,q
2026-08-01T04:06:24Z,24.3559,-25.7305,j
2026-08-01T14:14:43Z,-35.3233,-22.7186,9
2026-08-01T00:44:57Z,12.7621,-116.8292,s
2026-08-01T11:59:31Z,3.4908,-139.7768,y
2026-08-01T18:42:15Z,-56.1130,152.9839,4
2026-08-01T13:02:36Z,34.7711,63.9781,9
2026-08-01T04:56:36Z,34.7874,-2.7020,a
2026-08-01T00:49:26Z,-58.0661,-47.3024,d
2026-08-01T00:18:07Z,16.3319,-168.0392,6
2026-08-01T00:39:52Z,52.2446,-40.3494,s
2026-08-01T22:08:03Z,15.9431,179.5604,m
2026-08-01T13:25:35Z,40.2849,167.9437,w
2026-08-01T01:08:44Z,-26.4724,-31.8148,z
2026-08-01T02:58:21Z,-54.7699,78.7064,3
2026-08-01T13:38:34Z,12.2155,-163.2812,j
2026-08-01T08:00:04Z,19.7643,-50.0961,7
2026-08-01T14:19:11Z,-32.6331,-6.6097,5
2026-08-01T18:16:46Z,-53.4421,-132.1597,z
2026-08-01T09:41:25Z,-9.0639,81.1575,x
2026-08-01T19:57:24Z,31.4610,-52.8512,8
2026-08-01T16:00:56Z,-5.6290,-14.3315,{
2026-08-01T12:29:30Z,-12.5563,-37.4964,{
2026-08-01T10:02:28Z,27.9727,95.9061,7
2026-08-01T06:08:31Z,-19.6102,-14.7373,a
2026-08-01T23:34:06Z,-50.6981,157.3537,u
2026-08-01T14:52:22Z,58.3783,107.2109,w
2026-08-01T14:32:40Z,53.6439,-35.9792,t
2026-08-01T08:23:11Z,38.1189,154.2024,o
2026-08-01T07:17:55Z,15.0714,-72.9090,5
2026-08-01T16:31:37Z,48.0512,105.1903,9
2026-08-01T22:56:02Z,-31.9813,-156.9481,9
2026-08-01T17:57:58Z,49.7180,30.8396,4
2026-08-01T11:36:19Z,11.1070,133.6841,w
2026-08-01T21:44:47Z,-27.0551,114.4512,l
2026-08-01T13:05:52Z,33.5159,66.1403,2
2026-08-01T18:49:59Z,-51.4362,-130.3222,8
2026-08-01T21:21:03Z,12.9912,177.7698,y
2026-08-01T18:17:04Z,34.7758,51.3511,4
2026-08-01T10:08:49Z,49.0078,177.4497,y
2026-08-01T11:35:12Z,42.5228,112.7720,5
2026-08-01T14:52:23Z,50.3811,104.7097,2
2026-08-01T15:58:28Z,-8.0935,-13.6956,a
2026-08-01T05:06:00Z,-21.8404,-127.3411,9
2026-08-01T08:58:24Z,-39.5082,10.4329,6
2026-08-01T01:03:12Z,-0.8462,38.3950,}
2026-08-01T12:31:02Z,-59.5412,-38.5745,c
2026-08-01T20:37:30Z,21.7948,-149.7013,m
2026-08-01T12:23:59Z,-39.9547,-77.9588,i
2026-08-01T19:01:31Z,-35.7068,-82.2433,p
2026-08-01T11:43:06Z,-51.4855,175.1583,f
2026-08-01T07:33:04Z,-41.3458,22.3606,o
2026-08-01T21:14:49Z,-5.4161,124.8852,j
2026-08-01T18:52:07Z,31.6484,-101.8756,r
2026-08-01T05:28:00Z,52.7289,-87.0268,1
2026-08-01T09:54:47Z,30.6810,116.1192,b
2026-08-01T13:55:30Z,-44.2684,-116.9787,6
2026-08-01T19:04:00Z,55.3806,-151.3216,g
2026-08-01T23:02:27Z,18.3595,45.9371,r
2026-08-01T09:54:04Z,-6.0637,168.6270,5
2026-08-01T19:46:08Z,-24.9705,145.8233,4
2026-08-01T19:18:13Z,20.6848,-167.0127,u
2026-08-01T15:48:05Z,-17.6430,68.7985,5
2026-08-01T21:55:02Z,-16.5818,-159.5442,o
2026-08-01T23:46:15Z,22.5841,99.3069,a
2026-08-01T19:15:48Z,4.3505,-47.8794,y
2026-08-01T09:40:00Z,-4.9640,71.1496,k
2026-08-01T00:00:39Z,-41.0335,-167.5410,}
2026-08-01T14:41:21Z,36.9623,42.9050,n
2026-08-01T23:10:51Z,-9.7774,67.4359,d
2026-08-01T01:24:33Z,-55.7655,109.7959,5
2026-08-01T20:35:05Z,-56.8590,77.8037,b
2026-08-01T19:50:52Z,53.9750,22.1862,_
2026-08-01T00:51:06Z,1.8500,127.4736,_
2026-08-01T20:38:04Z,-19.8306,-98.2851,n
2026-08-01T10:45:47Z,31.2010,147.0472,9
2026-08-01T16:03:31Z,1.3872,-88.9032,n
2026-08-01T09:12:35Z,-36.9634,-36.5617,s
2026-08-01T00:54:16Z,25.4052,20.0675,7
2026-08-01T04:46:22Z,-44.4371,-171.7023,}
2026-08-01T09:20:50Z,-50.6119,0.2880,t
2026-08-01T22:42:58Z,46.9927,-40.5415,l
2026-08-01T04:57:19Z,-16.0307,-168.6738,p
2026-08-01T02:45:13Z,-49.1581,-50.4706,d
2026-08-01T17:59:05Z,-43.3380,137.0691,8
2026-08-01T09:20:12Z,49.4107,-134.8517,i
2026-08-01T17:09:26Z,39.9436,158.0211,u
2026-08-01T18:27:45Z,-6.0056,143.3509,x
2026-08-01T22:54:11Z,-52.1072,-22.0701,x
2026-08-01T00:14:27Z,-3.3859,-137.5326,x
2026-08-01T00:57:18Z,44.6527,-149.5721,o
2026-08-01T10:45:22Z,-43.1384,-63.0694,7
2026-08-01T02:11:23Z,-38.6244,-164.9089,6
2026-08-01T16:46:56Z,7.0224,155.6868,d
2026-08-01T10:00:04Z,38.9284,125.0663,t
2026-08-01T02:13:19Z,45.3317,-79.1485,f
2026-08-01T09:23:31Z,-55.9402,17.6078,_
2026-08-01T11:38:39Z,18.9236,11.0847,7
2026-08-01T11:02:43Z,-44.9013,10.1691,v
2026-08-01T12:18:23Z,-27.3793,-2.0306,3
2026-08-01T18:11:35Z,-6.9141,107.2787,z
2026-08-01T13:15:07Z,-4.0104,-162.1629,l
2026-08-01T11:31:04Z,36.3141,87.7714,e
2026-08-01T20:56:38Z,27.3282,-52.9836,m
2026-08-01T16:09:35Z,39.0487,-90.1258,5
2026-08-01T21:47:41Z,-39.3156,117.4860,g
2026-08-01T22:57:59Z,14.4382,8.3859,g
2026-08-01T07:25:44Z,-33.2338,-1.6689,d
2026-08-01T11:46:11Z,55.0003,163.5662,_
2026-08-01T05:59:26Z,-33.6975,-2.4061,s
2026-08-01T18:54:41Z,-28.8570,87.5548,8
2026-08-01T09:11:04Z,-7.1583,107.5912,3
2026-08-01T02:29:00Z,26.8817,1.0530,x
2026-08-01T03:17:53Z,-19.5080,171.6398,6
2026-08-01T10:44:36Z,-42.2559,-73.5363,7
2026-08-01T12:29:15Z,41.0620,-157.5629,b
2026-08-01T16:21:17Z,55.6442,43.5784,a
2026-08-01T22:23:52Z,5.7880,-104.0416,}
2026-08-01T10:01:43Z,-59.1736,-130.5522,}
2026-08-01T18:53:57Z,-53.6039,-108.4629,{
2026-08-01T21:20:59Z,42.4186,46.1428,{
2026-08-01T21:56:10Z,-2.6615,48.0291,z
2026-08-01T06:47:57Z,34.2159,166.6037,c
2026-08-01T15:10:59Z,21.3566,-162.2540,8
2026-08-01T10:44:48Z,-38.9261,-68.8712,}
2026-08-01T00:56:28Z,19.7994,22.3075,i
2026-08-01T14:39:01Z,36.6815,38.0588,3
2026-08-01T23:50:52Z,-19.7938,-137.0232,m
2026-08-01T16:59:32Z,-29.7063,179.3221,9
2026-08-01T17:48:57Z,17.0746,7.9369,q
2026-08-01T14:06:44Z,-17.0171,-82.5035,h
2026-08-01T03:11:50Z,-41.2087,147.7629,3
2026-08-01T13:09:10Z,27.1967,170.9697,5
2026-08-01T11:28:18Z,30.4067,82.0380,8
2026-08-01T14:19:23Z,-27.9629,-10.5797,e
2026-08-01T09:44:43Z,18.4976,71.3364,_
2026-08-01T07:20:09Z,5.0263,-61.5055,r
2026-08-01T08:28:55Z,51.8806,172.5006,h
2026-08-01T19:54:22Z,15.8400,99.2983,_
2026-08-01T06:50:42Z,58.2185,-21.9594,x
2026-08-01T11:26:42Z,-47.5184,117.8543,6
2026-08-01T14:12:45Z,-49.9832,-131.8222,x
2026-08-01T19:56:22Z,25.1468,122.5786,4
2026-08-01T19:55:40Z,49.2481,-43.8327,x
2026-08-01T15:17:37Z,-3.7398,117.8092,}
2026-08-01T09:17:10Z,-37.1946,12.3238,7
2026-08-01T16:13:31Z,39.3186,11.5293,y
2026-08-01T20:46:41Z,-4.8843,115.4586,z
2026-08-01T15:52:41Z,-32.0164,-35.2125,g
2026-08-01T12:17:36Z,-31.8270,-103.6010,w
2026-08-01T21:45:17Z,57.8037,125.7217,1
2026-08-01T23:06:44Z,6.0674,57.6068,t
2026-08-01T13:30:41Z,28.9964,-176.2720,3
2026-08-01T20:47:49Z,-40.9098,68.2119,a
2026-08-01T21:13:45Z,-40.7513,15.6255,e
2026-08-01T11:30:49Z,31.7734,85.7758,p
2026-08-01T00:49:02Z,44.7172,3.8887,7
2026-08-01T19:55:16Z,-48.8454,-47.4532,r
2026-08-01T17:12:46Z,-50.8857,-124.6913,a
2026-08-01T17:52:47Z,39.6485,5.6970,1
2026-08-01T08:31:48Z,-6.0838,-84.6733,1
2026-08-01T06:25:32Z,-25.2982,116.7611,}
2026-08-01T01:00:29Z,-35.4005,25.8103,v
2026-08-01T13:02:33Z,25.3428,57.3237,w
2026-08-01T08:21:41Z,39.9407,141.9870,8
2026-08-01T07:48:51Z,-52.8274,62.6970,i
2026-08-01T00:20:01Z,44.1601,46.2729,h
2026-08-01T23:07:42Z,42.6229,-163.6417,g
2026-08-01T15:50:30Z,-38.3070,-43.3175,j
2026-08-01T08:10:07Z,-0.3106,109.5608,0
2026-08-01T05:13:36Z,-12.8003,-67.9467,f
2026-08-01T14:37:12Z,23.3013,31.4253,d
2026-08-01T00:50:09Z,37.7762,7.3096,s
2026-08-01T18:15:33Z,55.6190,-149.2304,o
2026-08-01T08:03:04Z,-12.7510,100.8964,i
2026-08-01T03:09:11Z,18.7172,124.6006,7
2026-08-01T02:38:31Z,-3.1319,12.8850,y
2026-08-01T01:58:12Z,25.2653,-138.2995,3
2026-08-01T06:31:56Z,-6.6937,125.7804,m
2026-08-01T08:54:57Z,4.0633,-90.9853,}
2026-08-01T04:18:50Z,-33.1599,-137.0883,2
2026-08-01T20:08:43Z,-35.6989,134.0302,q
2026-08-01T08:03:51Z,37.3209,29.3363,p
2026-08-01T06:28:45Z,-21.8981,-79.0209,c
2026-08-01T08:36:34Z,48.0180,58.3242,}
2026-08-01T04:51:50Z,-38.0408,119.6068,m
2026-08-01T22:27:46Z,20.7705,-94.0257,m
2026-08-01T20:09:21Z,-31.5561,135.9475,1
2026-08-01T10:42:41Z,42.4808,75.4731,h
2026-08-01T13:41:29Z,-1.8379,-162.8365,n
2026-08-01T09:28:56Z,-39.6021,54.7392,v
2026-08-01T12:55:34Z,35.9956,-6.8290,d
2026-08-01T06:47:34Z,37.9083,167.8712,h
2026-08-01T11:16:44Z,-4.5073,65.5365,4
2026-08-01T13:01:19Z,31.7973,110.7620,6
2026-08-01T23:50:56Z,-13.7985,-142.9718,4
2026-08-01T11:36:39Z,42.3176,118.5576,6
2026-08-01T02:54:47Z,-23.9416,-140.5451,g
2026-08-01T00:51:12Z,39.9138,9.8585,m
2026-08-01T18:30:55Z,36.3617,-162.8824,v
2026-08-01T23:30:43Z,-51.6688,142.6345,t
2026-08-01T06:49:18Z,39.8217,167.9609,b
2026-08-01T09:49:31Z,-10.3279,90.5588,9
2026-08-01T19:21:41Z,-11.6531,142.3606,q
2026-08-01T23:31:42Z,44.0213,-120.1515,w
2026-08-01T06:02:25Z,-37.0469,58.5843,h
2026-08-01T18:35:40Z,8.7430,-52.2794,3
2026-08-01T04:51:20Z,5.8401,146.5754,d
2026-08-01T15:41:30Z,54.3484,-50.9632,p
2026-08-01T16:41:09Z,-12.7296,-99.4280,g
2026-08-01T02:55:35Z,-44.7959,71.0832,j
2026-08-01T17:07:34Z,-46.9588,-153.4377,a
2026-08-01T15:24:15Z,-29.0473,-160.9833,2
2026-08-01T17:43:26Z,7.4416,-9.9346,8
2026-08-01T06:40:44Z,17.9135,141.0173,}
2026-08-01T06:47:54Z,31.8587,165.1352,5
2026-08-01T04:02:46Z,26.1869,-36.4699,q
2026-08-01T00:36:25Z,59.7770,-64.3870,q
2026-08-01T15:01:15Z,41.8849,145.8114,5
2026-08-01T03:04:11Z,-51.8354,117.4351,6
2026-08-01T07:35:20Z,59.1180,-104.5259,t
2026-08-01T08:15:46Z,-39.4155,-54.8356,w
2026-08-01T23:15:25Z,-33.3473,-136.0490,8
2026-08-01T07:41:22Z,52.9025,178.8217,h
2026-08-01T10:04:10Z,54.8209,155.0057,e
2026-08-01T10:24:13Z,19.4098,-97.5152,d
2026-08-01T10:41:01Z,-37.6294,-84.7721,z
2026-08-01T01:00:31Z,5.4190,33.1875,c
2026-08-01T01:03:23Z,3.2249,40.0323,f
2026-08-01T01:16:50Z,-50.6397,44.3278,j
2026-08-01T02:21:00Z,41.1852,-33.9844,n
2026-08-01T10:56:28Z,43.4840,79.1058,b
2026-08-01T06:40:25Z,14.2731,138.3245,{
2026-08-01T10:09:20Z,13.5297,18.8000,4
2026-08-01T08:22:14Z,10.6911,-19.8972,s
2026-08-01T17:36:38Z,3.4033,-41.5183,m
2026-08-01T16:32:48Z,18.0005,-88.9804,z
2026-08-01T03:13:32Z,-25.6804,157.8604,n
2026-08-01T03:51:16Z,49.5454,-76.6803,i
2026-08-01T15:17:21Z,12.4847,-136.9853,1
2026-08-01T05:25:26Z,54.4861,-109.4139,t
2026-08-01T06:56:41Z,58.3523,-146.3797,0
2026-08-01T04:40:24Z,-18.9383,48.9605,1
2026-08-01T17:14:09Z,-34.9872,-48.2475,y
2026-08-01T04:34:04Z,-12.8889,-95.0237,p
2026-08-01T10:51:11Z,26.4069,43.1480,6
2026-08-01T13:11:36Z,48.5403,88.3469,s
2026-08-01T09:09:26Z,32.1082,27.1225,g
2026-08-01T20:28:13Z,-49.3601,-136.4793,3
2026-08-01T08:24:03Z,38.9975,150.2537,}
2026-08-01T21:28:21Z,54.9645,94.7425,0
2026-08-01T00:39:57Z,-24.6604,63.6607,y
2026-08-01T16:59:31Z,5.6031,98.6364,m
2026-08-01T15:48:44Z,-41.4641,-38.1005,z
2026-08-01T08:37:48Z,52.6244,-137.3451,i
2026-08-01T15:48:11Z,-41.5271,-48.4268,v
2026-08-01T11:10:53Z,42.6108,139.9402,q
2026-08-01T19:58:46Z,-5.9047,107.4438,h
2026-08-01T09:53:09Z,-31.7413,-150.6347,}
2026-08-01T20:16:58Z,-49.8818,152.1367,u
2026-08-01T18:03:00Z,55.2920,65.3054,8
2026-08-01T09:29:04Z,-56.2473,-22.2049,f
2026-08-01T18:40:41Z,-45.4247,177.6860,s
2026-08-01T16:23:36Z,41.2948,-95.8439,p
2026-08-01T20:15:17Z,-43.7561,156.5267,h
2026-08-01T23:28:42Z,-47.8231,130.8163,v
2026-08-01T05:12:39Z,11.8796,119.4962,4
2026-08-01T18:24:46Z,43.0573,-119.7979,z
2026-08-01T20:48:43Z,0.1536,-84.8543,y
2026-08-01T17:15:20Z,13.6755,-70.5328,1
2026-08-01T05:56:23Z,-24.5058,-10.7466,d
2026-08-01T05:18:29Z,28.3363,20.8433,h
2026-08-01T23:50:46Z,-15.4905,-139.4079,9
2026-08-01T05:11:11Z,-55.1122,-46.4959,w
2026-08-01T06:06:52Z,-35.8243,152.2265,c
2026-08-01T21:42:22Z,-0.6037,29.1790,p
2026-08-01T20:28:53Z,6.3090,1.3111,a
2026-08-01T05:28:17Z,4.3286,-55.1928,e
2026-08-01T07:03:33Z,-28.6427,-127.4888,e
2026-08-01T02:16:27Z,49.5091,-51.3101,x
2026-08-01T13:06:07Z,8.2946,-24.0412,p
2026-08-01T02:50:42Z,-35.9048,52.9729,r
2026-08-01T00:22:14Z,20.9764,-113.8082,e
2026-08-01T05:44:31Z,2.4947,112.1190,g
2026-08-01T19:21:57Z,24.8060,-30.9047,j
2026-08-01T01:22:32Z,-43.3405,96.1422,w
2026-08-01T13:19:21Z,55.5440,140.3584,p
2026-08-01T00:13:58Z,-22.9303,107.1000,p
2026-08-01T14:56:37Z,47.7106,126.4474,{
2026-08-01T12:18:23Z,-31.6194,-94.3546,0
2026-08-01T12:10:13Z,-21.5695,-121.6939,z
2026-08-01T04:45:07Z,-34.0169,115.2845,5
2026-08-01T16:06:03Z,17.4302,-2.6641,o
2026-08-01T04:16:21Z,-49.8064,-116.2467,v
2026-08-01T21:25:53Z,22.9295,69.7178,_
2026-08-01T23:21:46Z,37.9247,105.8091,p
2026-08-01T17:02:49Z,57.8651,-52.4331,}
2026-08-01T21:24:40Z,-50.5852,146.6235,l
2026-08-01T01:49:09Z,-8.2393,-172.2054,n
2026-08-01T13:40:34Z,-7.9190,111.3481,5
2026-08-01T14:52:33Z,52.0996,-31.6110,7
2026-08-01T07:09:22Z,-34.9210,-3.3990,z
2026-08-01T11:43:21Z,48.1884,-145.3029,_
2026-08-01T10:01:05Z,20.7693,-162.5191,m
2026-08-01T03:50:53Z,40.9598,-161.6546,j
2026-08-01T14:41:17Z,46.9963,44.6725,e
2026-08-01T06:56:36Z,-44.3347,47.5366,y
2026-08-01T12:29:21Z,13.4238,129.0979,p
2026-08-01T11:43:17Z,53.5542,152.8047,t
2026-08-01T04:04:02Z,16.4292,-26.7577,8
2026-08-01T12:44:42Z,46.4828,41.4447,6
2026-08-01T22:10:35Z,9.3720,-28.7545,w
2026-08-01T04:00:17Z,28.8298,-40.8750,9
2026-08-01T06:07:59Z,-4.2929,-105.4596,l
2026-08-01T07:58:09Z,-28.4552,124.9731,1
2026-08-01T20:20:56Z,32.2622,-0.7350,a
2026-08-01T05:40:46Z,11.8321,-51.0671,7
2026-08-01T16:40:02Z,1.3681,-112.4549,i
2026-08-01T06:36:37Z,9.0747,140.9037,j
2026-08-01T21:21:55Z,47.3267,-144.9709,i
2026-08-01T04:42:47Z,-26.5990,-100.9651,r
2026-08-01T03:46:32Z,55.2325,-109.7410,o
2026-08-01T16:04:30Z,-49.9474,-161.3615,z
2026-08-01T20:40:20Z,-17.3857,-94.8711,6
2026-08-01T21:03:11Z,35.9167,178.7147,8
2026-08-01T15:48:34Z,33.2222,174.1711,7
2026-08-01T23:17:43Z,-31.9879,82.5155,z
2026-08-01T13:05:45Z,37.6715,59.4619,x
2026-08-01T18:23:12Z,37.1379,-15.3491,b
2026-08-01T13:24:36Z,38.2686,157.8953,b
2026-08-01T14:54:18Z,11.6836,-62.5009,3
2026-08-01T10:36:49Z,-28.3642,20.7875,s
2026-08-01T23:29:59Z,-52.5816,130.0788,n
2026-08-01T19:45:34Z,43.1809,77.0278,h
2026-08-01T06:54:00Z,51.0136,-162.6846,f
2026-08-01T14:46:21Z,46.8805,-83.1568,v
2026-08-01T09:46:30Z,6.7082,89.4997,8
2026-08-01T18:52:43Z,-49.7197,-118.2678,8
2026-08-01T20:03:55Z,14.1412,-60.1929,r
2026-08-01T06:33:56Z,2.1184,137.3294,q
2026-08-01T07:29:12Z,-28.3932,-43.5381,l
2026-08-01T16:29:21Z,52.6044,88.4064,v
2026-08-01T23:55:36Z,-47.1200,-22.4784,h
2026-08-01T09:59:23Z,28.7890,-45.7424,x
2026-08-01T08:27:11Z,17.1047,151.4102,{
2026-08-01T21:05:34Z,47.2817,-24.9293,v
2026-08-01T07:31:42Z,-33.9888,-55.2606,}
2026-08-01T12:00:29Z,15.3788,25.8926,x
2026-08-01T15:44:46Z,-49.7048,-63.2542,r
2026-08-01T14:51:38Z,-48.5565,161.5701,8
2026-08-01T08:09:59Z,48.0841,-176.6876,5
2026-08-01T02:07:21Z,40.9839,-107.8513,v
2026-08-01T18:26:27Z,-6.9941,141.7333,l
2026-08-01T13:35:53Z,17.7459,-171.3935,0
2026-08-01T17:12:02Z,-11.3466,-51.5597,x
2026-08-01T22:38:45Z,9.0297,59.9503,k
2026-08-01T21:25:52Z,-48.2981,162.0572,}
2026-08-01T08:40:23Z,-26.5964,89.7217,k
2026-08-01T01:00:22Z,6.3570,32.3086,i
2026-08-01T14:57:13Z,42.7060,127.6183,{
2026-08-01T08:08:54Z,33.1332,-16.1118,s
2026-08-01T15:14:57Z,2.8523,83.9641,l
2026-08-01T21:08:55Z,52.5078,-5.3731,_
2026-08-01T04:49:14Z,-32.3641,138.9259,s
2026-08-01T08:54:23Z,8.6268,-88.3268,y
2026-08-01T13:15:53Z,59.6117,118.6239,l
2026-08-01T06:14:49Z,26.6934,114.4819,v
2026-08-01T05:23:40Z,47.4068,-117.2232,_
2026-08-01T09:52:01Z,-5.3656,104.5392,6
2026-08-01T14:09:30Z,-48.7399,-37.0892,{
2026-08-01T15:01:59Z,55.7897,113.3045,k
2026-08-01T21:12:02Z,-35.5421,100.3154,u
2026-08-01T17:57:11Z,-57.3246,-34.1887,v
2026-08-01T14:50:36Z,53.6793,90.7634,h
2026-08-01T17:16:22Z,32.8486,147.5468,n
2026-08-01T21:13:01Z,18.1525,-83.2522,6
2026-08-01T11:12:31Z,-18.8124,49.2416,e
2026-08-01T13:16:57Z,57.6848,102.4601,y
2026-08-01T08:29:41Z,49.2076,173.2433,3
2026-08-01T05:52:36Z,51.7273,89.6946,f
2026-08-01T23:02:56Z,8.3184,-74.1096,d
2026-08-01T04:44:29Z,59.6898,-48.5497,5
2026-08-01T14:34:24Z,-55.5592,159.8727,w
2026-08-01T00:36:53Z,-44.4213,141.9045,p
2026-08-01T15:54:48Z,-2.2374,-163.9109,f
2026-08-01T21:50:46Z,-43.1655,126.5520,z
2026-08-01T10:32:37Z,-5.4181,-102.1488,u
2026-08-01T11:57:27Z,25.0153,-143.8141,9
2026-08-01T07:04:58Z,50.3728,-100.0945,b
2026-08-01T14:43:34Z,39.3591,60.8142,l
2026-08-01T06:34:30Z,-36.2729,-21.4917,}
2026-08-01T07:17:53Z,39.9403,77.6444,3
2026-08-01T23:21:12Z,-37.8275,91.4304,p
2026-08-01T00:34:40Z,-33.3251,-173.5635,k
2026-08-01T00:04:00Z,16.3109,47.4746,w
2026-08-01T05:11:23Z,33.1727,-172.8357,r
2026-08-01T22:14:45Z,-25.2046,-119.1631,{
2026-08-01T01:32:52Z,-48.3157,158.3270,_
2026-08-01T11:14:12Z,9.5252,100.9420,3
2026-08-01T06:58:38Z,15.8582,-155.2716,8
2026-08-01T16:35:30Z,42.3167,120.3750,k
2026-08-01T14:53:11Z,50.6141,112.1079,e
2026-08-01T21:06:25Z,59.2292,-20.4184,o
2026-08-01T02:17:42Z,52.0476,-50.6364,j
2026-08-01T13:34:49Z,14.4566,-164.9197,8
2026-08-01T14:18:30Z,-28.3891,179.1228,z
2026-08-01T17:13:09Z,21.6166,-7.9954,f
2026-08-01T15:26:21Z,-26.6052,-159.3525,z
2026-08-01T16:45:23Z,-8.5298,-11.5727,s
2026-08-01T10:38:54Z,-27.1725,-89.3011,w
2026-08-01T09:33:44Z,-34.4145,62.0474,s
2026-08-01T12:48:21Z,43.6836,-144.7068,r
2026-08-01T07:21:42Z,-34.3061,-155.1723,l
2026-08-01T17:54:17Z,51.2455,19.9834,j
2026-08-01T00:59:51Z,9.1688,-167.3430,p
2026-08-01T07:10:49Z,12.5282,167.0993,q
2026-08-01T08:55:46Z,3.1526,-87.1019,q
2026-08-01T16:31:15Z,1.1448,-11.6206,}
2026-08-01T22:34:28Z,-43.1335,-83.5865,k
2026-08-01T11:17:01Z,-8.4829,52.1262,z
2026-08-01T04:51:27Z,45.0176,-1.2823,t
2026-08-01T04:53:42Z,-19.1520,145.4935,m
2026-08-01T02:29:25Z,-16.9523,111.7465,2
2026-08-01T11:27:10Z,59.6403,-69.1817,d
2026-08-01T02:45:45Z,-28.6729,26.7106,b
2026-08-01T02:51:40Z,-40.6218,50.3849,f
2026-08-01T18:51:41Z,-45.0923,-128.3496,3
2026-08-01T16:35:55Z,38.2054,128.0649,e
2026-08-01T06:29:38Z,1.4686,32.0617,8
2026-08-01T05:24:52Z,-18.0964,-171.7783,d
2026-08-01T04:15:09Z,-11.9075,-10.7101,{
2026-08-01T04:39:16Z,-38.2305,33.9811,3
2026-08-01T16:16:04Z,39.4614,-86.4297,n
2026-08-01T23:59:57Z,11.5807,-125.7303,j
2026-08-01T01:31:23Z,-48.2725,151.3594,k
2026-08-01T18:45:41Z,24.6851,119.0005,a
2026-08-01T00:00:50Z,8.4718,170.2603,7
2026-08-01T02:08:15Z,46.5988,-101.2861,b
2026-08-01T20:58:35Z,35.2306,-55.7290,f
2026-08-01T10:47:03Z,-46.2798,-82.7949,f
2026-08-01T14:49:54Z,40.7327,-110.4823,r
2026-08-01T02:39:16Z,17.9205,-69.6802,1
2026-08-01T09:37:09Z,10.5392,-154.3000,{
2026-08-01T15:36:22Z,-53.5154,-113.7070,0
2026-08-01T15:18:36Z,-5.9118,-172.1984,i
2026-08-01T10:30:53Z,6.3637,-110.4139,d
2026-08-01T15:42:56Z,59.8284,-95.4628,{
2026-08-01T23:48:08Z,-23.8416,-143.9679,d
2026-08-01T19:46:55Z,37.7009,78.4096,3
2026-08-01T12:52:24Z,44.8494,-2.5320,k
2026-08-01T10:36:40Z,41.1996,159.3593,v
2026-08-01T20:05:48Z,-17.6973,129.6570,r
2026-08-01T03:05:38Z,53.9299,107.8858,o
2026-08-01T11:09:20Z,-23.7227,-148.5106,d
2026-08-01T04:56:31Z,-9.2540,151.6646,z
2026-08-01T17:47:26Z,32.0667,-14.4268,8
2026-08-01T22:13:29Z,-24.2522,-120.4199,5
2026-08-01T11:51:09Z,58.9160,-69.4383,9
2026-08-01T06:55:39Z,51.2886,-156.2781,d
2026-08-01T04:41:14Z,-15.3598,36.4185,7
2026-08-01T19:26:24Z,3.9788,57.7872,_
2026-08-01T06:02:56Z,25.1990,27.0820,p
2026-08-01T06:19:18Z,14.3506,-120.1215,d
2026-08-01T08:33:29Z,25.7490,-22.7110,c
2026-08-01T09:48:23Z,44.9092,98.6183,g
2026-08-01T21:10:26Z,53.1354,2.2521,v
2026-08-01T06:02:40Z,-42.8866,1.6741,i
2026-08-01T15:13:04Z,6.0475,168.7605,u
2026-08-01T00:16:38Z,4.1354,-124.7536,}
2026-08-01T15:04:13Z,27.2855,157.4382,}
2026-08-01T15:02:37Z,-36.1302,159.1096,k
2026-08-01T19:59:35Z,2.7376,112.2188,m
2026-08-01T17:45:19Z,-31.7349,173.2884,v
2026-08-01T13:43:37Z,-15.4959,-144.2937,l
2026-08-01T20:29:44Z,-45.6271,-133.8361,0
2026-08-01T17:32:30Z,-6.3264,-45.2467,h
2026-08-01T12:08:48Z,-15.3674,-125.4290,l
2026-08-01T16:27:58Z,58.3889,86.0400,0
2026-08-01T22:33:14Z,35.1563,-75.0202,j
2026-08-01T23:39:21Z,-41.7092,178.5711,l
2026-08-01T06:53:26Z,-31.5015,-179.5349,r
2026-08-01T02:12:02Z,-3.7522,-109.8465,q
2026-08-01T04:49:31Z,-33.2736,140.5049,m
2026-08-01T23:25:16Z,-24.8800,16.9783,g
2026-08-01T10:35:05Z,31.4123,99.2474,h
2026-08-01T15:48:19Z,53.7811,103.8766,e
2026-08-01T18:26:41Z,27.1928,-177.2182,r
2026-08-01T17:18:39Z,-45.2078,-85.9801,0
2026-08-01T06:14:50Z,-56.2087,73.3089,3
2026-08-01T16:37:14Z,41.6584,22.0355,v
2026-08-01T13:19:50Z,22.6011,-154.4201,y
2026-08-01T20:16:21Z,-34.5993,-59.1000,l
2026-08-01T06:43:23Z,25.9182,154.9271,_
2026-08-01T00:47:20Z,19.4239,68.5051,0
2026-08-01T12:14:43Z,-25.2848,-119.8123,l
2026-08-01T05:12:30Z,59.6819,18.6597,{
2026-08-01T07:55:44Z,8.7104,55.0638,y
2026-08-01T04:22:30Z,-24.2749,13.5131,4
2026-08-01T01:16:43Z,-42.1770,-134.1001,j
2026-08-01T11:07:33Z,-12.9558,-175.7745,g
2026-08-01T23:13:12Z,9.1297,-96.2057,h
2026-08-01T09:32:35Z,-38.7079,57.7733,0
2026-08-01T01:38:07Z,-57.0819,125.9971,g
2026-08-01T13:14:38Z,50.3033,109.5286,_
2026-08-01T21:37:11Z,-11.1819,86.4590,p
2026-08-01T21:23:19Z,4.3524,-123.2025,l
2026-08-01T00:36:35Z,-17.2410,164.4809,7
2026-08-01T05:27:20Z,48.6570,-98.6871,o
2026-08-01T22:28:58Z,17.7136,-92.1368,_
2026-08-01T05:29:32Z,45.2620,-79.3672,k
2026-08-01T23:28:33Z,23.7489,-78.0394,o
2026-08-01T22:48:08Z,-2.4879,140.5042,}
2026-08-01T22:08:10Z,-42.1997,-141.6344,{
2026-08-01T01:18:02Z,-13.0391,-99.3856,3
2026-08-01T14:28:21Z,4.5987,15.3208,h
2026-08-01T07:53:12Z,-50.4774,67.2976,f
2026-08-01T20:06:50Z,-24.1592,129.6332,8
2026-08-01T10:19:39Z,-27.0572,-121.5040,7
2026-08-01T18:22:45Z,-26.3111,162.0994,q
2026-08-01T20:40:20Z,-14.7497,-96.9374,z
2026-08-01T04:01:12Z,36.7569,-37.3810,7
2026-08-01T19:05:19Z,-18.0389,-72.7515,1
2026-08-01T07:01:36Z,-28.8818,166.8930,d
2026-08-01T04:57:04Z,-7.4380,156.2531,}
2026-08-01T18:58:06Z,-5.4322,25.3958,j
2026-08-01T12:01:03Z,26.1889,-85.0032,o
2026-08-01T02:09:14Z,57.4793,-99.1549,i
2026-08-01T04:11:28Z,57.1331,56.0544,4
2026-08-01T02:30:59Z,-18.7994,15.3497,s
2026-08-01T05:44:17Z,7.9012,-39.2975,d
2026-08-01T23:30:37Z,-20.6406,102.5953,3
2026-08-01T01:11:20Z,-28.7846,50.1162,i
2026-08-01T01:30:05Z,-40.9612,30.5572,h
2026-08-01T18:44:45Z,8.3068,-91.6029,p
2026-08-01T20:31:31Z,54.0268,-109.2366,n
2026-08-01T20:34:02Z,57.1666,-150.7926,h
2026-08-01T10:38:39Z,-26.9458,-87.2486,7
2026-08-01T11:46:39Z,55.2048,173.8346,l
2026-08-01T20:14:06Z,-30.3547,-0.9137,k
2026-08-01T01:32:36Z,-47.6413,-103.8381,4
2026-08-01T22:13:18Z,-18.5227,-123.6101,i
2026-08-01T09:39:01Z,-21.2405,79.2554,z
2026-08-01T20:59:32Z,36.9674,-59.0173,1
2026-08-01T16:41:10Z,-55.8173,120.3226,0
2026-08-01T19:54:07Z,13.7812,94.4433,0
2026-08-01T06:39:15Z,17.6002,140.6697,p
2026-08-01T09:41:32Z,-14.0632,135.9345,b
2026-08-01T01:50:12Z,-52.8740,97.1928,0
2026-08-01T06:49:30Z,-55.8937,165.6699,3
2026-08-01T02:14:58Z,46.0247,-61.9351,1
2026-08-01T17:44:58Z,-29.4588,-177.9571,i
2026-08-01T18:06:40Z,-32.4937,-47.4879,q
2026-08-01T03:25:03Z,47.4168,121.2531,6
2026-08-01T03:15:22Z,-50.0755,-148.0542,6
2026-08-01T22:43:35Z,-9.6074,126.5772,{
2026-08-01T15:38:07Z,-49.2765,-102.0107,h
2026-08-01T06:38:53Z,57.9761,-6.8655,l
2026-08-01T16:13:56Z,38.9448,18.0181,s
2026-08-01T14:40:47Z,35.4958,40.7963,k
2026-08-01T22:45:49Z,45.0441,-13.7481,j
2026-08-01T22:31:28Z,30.6995,-78.7167,g
2026-08-01T02:52:33Z,5.1256,-63.6855,5
2026-08-01T05:13:56Z,41.0642,-162.5233,a
2026-08-01T03:05:54Z,48.4309,95.6596,q
2026-08-01T21:45:26Z,-21.4478,5.8545,i
2026-08-01T21:01:19Z,-20.1882,17.4977,3
2026-08-01T04:57:41Z,-9.0360,150.8660,v
2026-08-01T07:04:46Z,43.1091,-112.9507,_
2026-08-01T10:46:15Z,-40.7754,-65.0602,f
2026-08-01T22:34:25Z,-10.2130,-40.0773,r
2026-08-01T20:39:52Z,-13.5763,-101.6222,k
2026-08-01T00:02:03Z,-45.4943,-167.3857,j
2026-08-01T09:05:28Z,-41.6429,-7.1567,v
2026-08-01T02:38:02Z,-4.5345,7.0465,{
2026-08-01T11:30:10Z,43.8145,-32.5212,h
2026-08-01T00:18:36Z,2.3253,12.7728,9
2026-08-01T14:16:33Z,-34.3404,-8.8646,r
2026-08-01T23:00:18Z,27.0781,44.3613,a
2026-08-01T02:56:56Z,-28.4369,-21.8957,v
2026-08-01T17:58:31Z,49.8185,33.0757,o
2026-08-01T10:56:35Z,-51.7461,-13.6735,n
2026-08-01T10:11:46Z,-13.7742,93.3621,e
2026-08-01T22:19:55Z,12.7205,170.4529,l
2026-08-01T05:36:05Z,34.2168,-62.1635,n
2026-08-01T21:37:36Z,-14.8192,91.5761,n
2026-08-01T08:14:20Z,54.1449,12.2716,l
2026-08-01T04:34:35Z,-50.8101,62.9988,z
2026-08-01T20:09:25Z,-40.1884,-8.4044,j
2026-08-01T05:51:31Z,-29.7880,15.7370,p
2026-08-01T06:43:11Z,24.5550,154.1638,p
2026-08-01T16:39:19Z,36.4673,128.8100,7
2026-08-01T06:37:40Z,15.9874,145.2234,w
2026-08-01T19:36:05Z,-38.2643,114.2422,r
2026-08-01T17:33:15Z,-31.5240,-139.4480,k
2026-08-01T17:01:40Z,52.5317,-35.8660,{
2026-08-01T15:22:42Z,-34.3715,-137.2816,u
2026-08-01T19:55:21Z,57.6740,29.9803,9
2026-08-01T03:04:28Z,56.5269,10.5807,w
2026-08-01T10:00:48Z,33.9443,-121.1560,1
2026-08-01T23:34:51Z,-22.9374,40.3787,q
2026-08-01T11:07:23Z,-38.9213,-0.9508,e
2026-08-01T23:17:29Z,-25.0305,84.0923,9
2026-08-01T09:27:50Z,-24.9175,-156.9342,2
2026-08-01T02:54:05Z,-40.0337,61.0789,s
2026-08-01T03:04:02Z,47.7580,74.2073,e
2026-08-01T16:24:39Z,49.0848,67.2272,3
2026-08-01T08:00:32Z,-25.6313,85.7951,s
2026-08-01T08:10:25Z,9.5377,114.1526,7
2026-08-01T19:03:09Z,-24.5925,-72.4844,7
2026-08-01T21:47:42Z,31.3796,-167.9272,p
2026-08-01T06:26:39Z,43.1985,142.4601,l
2026-08-01T01:26:12Z,-61.5630,116.5132,d
2026-08-01T23:03:27Z,36.1902,-172.7647,g
2026-08-01T15:02:00Z,-7.4483,114.1633,4
2026-08-01T15:04:58Z,23.3721,-134.6898,v
2026-08-01T16:27:05Z,57.3151,74.7832,b
2026-08-01T18:04:41Z,-45.9609,-155.9192,k
2026-08-01T19:21:39Z,27.3611,-31.6057,g
2026-08-01T00:01:30Z,-39.9575,-168.1900,4
2026-08-01T00:59:52Z,5.9211,37.5129,g
2026-08-01T08:17:48Z,40.6056,102.1377,i
2026-08-01T07:44:38Z,-52.6322,22.9753,q
2026-08-01T19:11:20Z,-4.7775,-66.1556,n
2026-08-01T23:28:22Z,-22.3645,115.7041,_
2026-08-01T06:24:25Z,53.3788,151.0692,}
2026-08-01T19:15:18Z,13.1562,-53.9602,8
2026-08-01T20:01:52Z,44.6480,2.7434,r
2026-08-01T16:56:21Z,-4.4191,10.5590,g
2026-08-01T11:19:39Z,-19.1481,-44.1956,0
2026-08-01T04:22:09Z,-16.8619,98.2009,z
2026-08-01T12:58:52Z,58.2673,-94.2469,p
2026-08-01T20:11:23Z,-35.2311,144.6786,a
2026-08-01T08:18:59Z,27.8471,134.8424,e
2026-08-01T19:54:58Z,-13.4382,80.2010,y
2026-08-01T22:09:13Z,30.1147,-127.6341,2
2026-08-01T00:33:25Z,48.6303,-84.8374,0
2026-08-01T23:26:35Z,-48.8178,115.5350,e
2026-08-01T15:15:55Z,-1.6900,-177.8376,k
2026-08-01T12:37:31Z,-41.5902,-4.6502,y
2026-08-01T02:16:04Z,45.7057,174.1127,h
2026-08-01T08:42:54Z,-35.6385,-148.6403,q
2026-08-01T19:59:57Z,-9.3585,105.9594,0
2026-08-01T18:10:27Z,30.3854,148.8163,5
2026-08-01T19:51:21Z,47.8703,53.7721,y
2026-08-01T03:22:47Z,-2.1879,173.3420,3
2026-08-01T00:35:00Z,54.1878,-72.3070,a
2026-08-01T12:55:47Z,33.7482,-25.1315,4
2026-08-01T06:10:49Z,-4.1527,88.5268,t
2026-08-01T20:30:39Z,-4.8150,129.2785,l
2026-08-01T18:08:24Z,37.8599,84.3492,f
2026-08-01T17:40:53Z,-20.8420,-163.7165,7
2026-08-01T22:30:19Z,26.6090,-86.6682,9
2026-08-01T07:16:14Z,23.6459,-71.7998,y
2026-08-01T20:49:44Z,10.1294,-78.5129,j
2026-08-01T21:16:40Z,45.7268,37.0483,n
2026-08-01T21:23:12Z,-17.2084,9.3874,}
2026-08-01T16:40:19Z,-18.3103,-3.8542,}
2026-08-01T05:34:43Z,18.7270,14.5156,_
2026-08-01T13:11:41Z,44.2012,95.0538,}
2026-08-01T10:28:24Z,9.1442,-116.1704,a
2026-08-01T17:25:45Z,15.7213,171.6495,_
2026-08-01T21:23:59Z,-14.6462,-162.1334,q
2026-08-01T00:37:03Z,-24.2705,84.8014,4
2026-08-01T22:19:46Z,-6.7654,-91.9369,p
2026-08-01T09:32:06Z,-34.7865,-17.1435,3
2026-08-01T16:34:23Z,37.1140,120.2242,v
2026-08-01T17:55:51Z,16.2000,168.9874,h
2026-08-01T08:24:12Z,31.3307,-61.3867,5
2026-08-01T02:16:04Z,52.8677,-61.8328,{
2026-08-01T21:40:16Z,-15.5348,102.8478,x
2026-08-01T08:17:47Z,-38.6306,40.5615,x
2026-08-01T17:10:37Z,-20.9368,-48.9946,l
2026-08-01T14:53:50Z,57.8381,112.4060,9
2026-08-01T21:33:41Z,-5.3966,88.9773,_
2026-08-01T12:58:33Z,-46.2400,89.5456,j
2026-08-01T18:52:26Z,-42.6270,-120.4241,d
2026-08-01T09:04:15Z,-17.9727,-64.7535,l
2026-08-01T08:44:55Z,33.6741,-107.2135,e
2026-08-01T23:45:30Z,-38.5047,-152.6717,b
2026-08-01T23:51:39Z,1.6375,-120.0330,1
2026-08-01T02:59:49Z,-0.2826,-167.0534,j
2026-08-01T15:57:27Z,3.0566,-105.8334,s
2026-08-01T15:56:20Z,55.5599,-59.6079,b
2026-08-01T20:50:10Z,10.3262,-80.6499,j
2026-08-01T17:49:25Z,40.5697,-2.9320,y
2026-08-01T14:00:20Z,55.8649,69.2262,d
2026-08-01T17:14:41Z,-30.1410,-93.1764,m
2026-08-01T00:51:48Z,32.8223,13.8904,y
2026-08-01T07:11:42Z,-10.4469,-83.8694,_
2026-08-01T20:05:42Z,7.8639,49.2333,1
2026-08-01T11:25:31Z,23.0618,83.4799,}
2026-08-01T21:30:22Z,-59.2094,63.3708,8
2026-08-01T21:22:54Z,27.4467,54.3147,s
2026-08-01T05:28:06Z,52.8778,-93.2840,e
2026-08-01T14:38:01Z,29.8154,36.7469,h
2026-08-01T19:36:59Z,33.5663,18.0808,z
2026-08-01T09:43:22Z,2.9799,86.5895,z
2026-08-01T05:16:04Z,43.6621,-160.1101,s
2026-08-01T21:20:03Z,1.4824,-82.6612,m
2026-08-01T10:38:30Z,-25.6368,-84.3373,}
2026-08-01T22:05:54Z,-11.3562,-107.2992,5
2026-08-01T06:13:05Z,-55.4747,63.3054,2
2026-08-01T06:08:02Z,-51.0985,34.0472,0
2026-08-01T22:43:39Z,55.9727,-28.1418,w
2026-08-01T18:31:11Z,-13.8109,145.9511,w
2026-08-01T16:39:44Z,21.6618,136.1977,s
2026-08-01T01:55:41Z,4.6621,-39.5948,v
2026-08-01T00:02:58Z,-32.9762,-160.2812,c
2026-08-01T18:50:18Z,-7.2589,-103.1786,w
2026-08-01T06:24:55Z,-35.5525,110.5770,l
2026-08-01T22:16:01Z,29.7507,12.9511,}
2026-08-01T18:25:05Z,-19.5135,-5.6092,2
2026-08-01T10:15:11Z,16.3029,-179.6897,o
2026-08-01T16:33:13Z,49.2362,103.1178,f
2026-08-01T03:25:26Z,4.0141,176.1610,z
2026-08-01T22:26:40Z,-52.0740,28.6351,n
2026-08-01T02:25:05Z,52.4822,14.9094,1
2026-08-01T09:25:21Z,-48.9368,29.6110,o
2026-08-01T04:39:37Z,5.9383,71.0526,1
2026-08-01T08:54:59Z,5.3190,-82.1507,n
2026-08-01T23:56:44Z,1.3894,-130.1951,g
2026-08-01T23:19:06Z,1.1359,-16.2461,9
2026-08-01T22:55:34Z,31.8691,34.2368,u
2026-08-01T13:32:49Z,24.0619,-172.5047,r
2026-08-01T05:31:00Z,44.5647,-83.8863,0
2026-08-01T06:48:08Z,39.1038,169.9568,0
2026-08-01T16:51:47Z,1.8240,161.7164,y
2026-08-01T21:12:28Z,54.4568,18.2749,2
2026-08-01T11:50:44Z,43.9541,-169.2667,o
2026-08-01T04:39:17Z,-47.2959,96.9803,u
2026-08-01T04:00:32Z,33.9882,-37.3698,f
2026-08-01T14:59:30Z,44.1258,140.4379,p
2026-08-01T15:19:51Z,55.9664,-171.3593,{
2026-08-01T14:58:56Z,19.8232,138.2495,x
2026-08-01T00:18:22Z,1.4773,-122.3300,m
2026-08-01T14:08:17Z,-54.7160,-51.9554,w
2026-08-01T12:11:41Z,23.6464,-72.5097,n
2026-08-01T06:47:44Z,-14.0567,98.2863,i
2026-08-01T08:53:56Z,-32.3308,2.4018,h
2026-08-01T21:44:35Z,-32.2841,108.2581,}
2026-08-01T11:37:35Z,-40.0296,149.5697,}
2026-08-01T01:54:24Z,8.6207,58.1613,4
2026-08-01T05:26:56Z,14.3404,-20.0483,y
2026-08-01T10:32:31Z,-2.5832,-102.5714,k
2026-08-01T23:11:36Z,-20.1150,-139.6329,}
2026-08-01T13:42:16Z,-39.2027,-165.4541,3
2026-08-01T03:47:08Z,58.3829,-97.4572,q
2026-08-01T05:22:30Z,39.5891,114.0394,}
2026-08-01T06:09:43Z,59.7087,-16.1446,u
2026-08-01T09:12:56Z,21.6246,-157.1700,j
2026-08-01T10:38:28Z,-26.8690,-82.9409,x
2026-08-01T22:45:22Z,-37.8847,60.0344,q
2026-08-01T05:02:54Z,11.4984,168.9162,r
2026-08-01T22:13:46Z,5.3676,-33.6554,e
2026-08-01T01:18:00Z,37.0417,-46.1084,q
2026-08-01T23:20:15Z,13.6603,-28.7042,u
2026-08-01T14:17:26Z,-10.3029,175.9601,{
2026-08-01T01:22:10Z,-47.0700,88.9550,u
2026-08-01T04:56:52Z,-33.2282,-14.6793,0
2026-08-01T03:57:24Z,50.0657,-27.7725,h
2026-08-01T21:00:13Z,-20.7050,36.6445,6
2026-08-01T03:50:55Z,57.8644,-76.2467,m
2026-08-01T14:25:57Z,-41.3890,-156.6932,9
2026-08-01T07:27:49Z,-37.1877,76.0365,u
2026-08-01T16:52:05Z,-6.0618,163.2334,m
2026-08-01T20:11:41Z,-38.1866,140.6567,w
2026-08-01T11:14:40Z,-9.9688,1.7761,7
2026-08-01T14:58:38Z,46.4542,138.3885,a
2026-08-01T04:28:08Z,45.9844,-32.0115,v
2026-08-01T04:12:23Z,1.0076,-13.7687,r
2026-08-01T01:25:14Z,-53.4139,104.2570,l
2026-08-01T20:17:22Z,-44.7210,162.8892,5
2026-08-01T06:34:29Z,2.7029,133.5662,0
2026-08-01T05:08:10Z,-38.5563,73.6637,u
2026-08-01T23:11:40Z,-46.1504,167.9059,3
2026-08-01T15:54:20Z,-19.0176,-26.0690,e
2026-08-01T11:12:20Z,-43.6374,-71.0796,r
2026-08-01T13:52:31Z,-8.6363,72.4881,b
2026-08-01T12:39:25Z,-44.5994,-3.6245,_
2026-08-01T14:05:30Z,-56.2746,-67.3886,l
2026-08-01T06:05:07Z,-48.8726,9.7994,o
2026-08-01T10:25:29Z,23.6648,-120.3360,y
2026-08-01T10:39:50Z,-42.8528,-70.8503,0
2026-08-01T22:02:40Z,-54.5524,-162.4922,3
2026-08-01T17:51:44Z,40.2710,1.9579,q
2026-08-01T06:31:04Z,-0.5069,-155.6255,l
2026-08-01T08:30:18Z,46.1906,-169.7618,e
2026-08-01T03:43:57Z,51.0763,-122.2067,w
2026-08-01T03:51:41Z,49.0929,-77.8121,t
2026-08-01T14:53:05Z,38.7487,-66.0242,p
2026-08-01T05:48:51Z,40.7782,-133.4841,m
2026-08-01T05:36:20Z,28.3715,-58.9075,e
2026-08-01T04:37:34Z,-55.3127,80.3375,1
2026-08-01T17:39:56Z,3.6153,-31.7034,a
2026-08-01T11:59:19Z,47.4008,124.0031,2
2026-08-01T16:07:49Z,54.0759,174.5067,}
2026-08-01T00:20:27Z,15.7902,-121.1971,p
2026-08-01T23:21:40Z,-36.9034,92.2834,k
2026-08-01T23:53:45Z,-39.6078,57.4178,e
2026-08-01T10:03:31Z,59.7647,146.5253,7
2026-08-01T04:13:42Z,-0.3424,-7.3348,z
2026-08-01T16:21:08Z,-53.7579,78.5682,9
2026-08-01T04:21:04Z,-24.9238,14.2261,9
2026-08-01T08:01:08Z,-30.6435,89.8697,w
2026-08-01T02:15:18Z,28.4939,81.4391,6
2026-08-01T04:38:17Z,-47.3200,90.1795,y
2026-08-01T13:28:42Z,29.2361,-176.0600,z
2026-08-01T00:48:15Z,30.5024,-87.1317,n
2026-08-01T07:16:46Z,54.6881,-63.9991,v
2026-08-01T00:34:11Z,-33.2102,140.3700,0
2026-08-01T08:14:27Z,17.0736,117.2208,9
2026-08-01T13:46:58Z,32.6527,89.0948,7
2026-08-01T19:32:34Z,52.3441,-0.0500,n
2026-08-01T09:08:56Z,22.5971,-46.2222,b
2026-08-01T02:27:26Z,35.8156,-10.2786,q
2026-08-01T10:32:41Z,0.7505,-107.5549,e
2026-08-01T17:46:32Z,29.0137,-22.2583,k
2026-08-01T14:53:48Z,5.8489,54.0216,q
2026-08-01T14:04:05Z,-51.6877,-74.8641,v
2026-08-01T22:47:06Z,-30.8130,140.5801,{
2026-08-01T20:29:06Z,-11.3683,41.8334,n
2026-08-01T04:24:56Z,10.9455,-62.6824,f
2026-08-01T19:22:34Z,3.9345,12.8153,h
2026-08-01T21:16:16Z,30.3559,81.9179,a
2026-08-01T06:35:25Z,3.4566,136.9537,y
2026-08-01T00:15:01Z,5.2399,-129.8385,s
2026-08-01T02:38:27Z,-1.2671,9.0380,a
2026-08-01T22:45:40Z,27.9967,63.0702,_
2026-08-01T06:50:39Z,29.0740,-3.7499,6
2026-08-01T04:56:47Z,-13.5979,150.5676,8
2026-08-01T23:20:50Z,-15.5373,-174.5790,p
2026-08-01T19:15:18Z,12.9772,-51.0654,b
2026-08-01T23:18:08Z,-44.0491,54.4621,i
2026-08-01T17:25:14Z,-38.2099,89.7092,6
2026-08-01T20:11:49Z,-31.4715,139.6118,2
2026-08-01T18:10:01Z,39.0238,93.6241,4
2026-08-01T02:36:31Z,-32.6107,30.8153,p
2026-08-01T16:40:02Z,6.7655,9.1164,k
2026-08-01T02:54:13Z,-47.8790,61.8351,q
2026-08-01T04:24:44Z,20.3605,79.2415,u
2026-08-01T20:26:10Z,-56.2668,-39.3648,c
2026-08-01T08:06:52Z,-38.8497,-167.5975,e
2026-08-01T04:23:20Z,-30.6945,14.7976,h
2026-08-01T13:04:39Z,-16.6360,138.0312,_
2026-08-01T20:20:16Z,-57.6374,175.0954,m
2026-08-01T04:52:32Z,-20.9601,135.9053,u
2026-08-01T20:53:51Z,3.1926,-2.5154,e
2026-08-01T18:10:56Z,17.5063,-143.4048,u
2026-08-01T19:31:25Z,19.7761,-169.3576,8
2026-08-01T17:16:15Z,-52.3683,-105.2515,p
2026-08-01T00:21:26Z,15.6977,-112.8699,e
2026-08-01T18:28:32Z,-49.3507,107.8111,y
2026-08-01T19:32:08Z,-18.8520,72.0020,{
2026-08-01T09:09:06Z,-32.1442,-50.1405,c
2026-08-01T23:09:52Z,-7.8770,63.8243,h
2026-08-01T03:16:37Z,-59.6779,-86.5077,i
2026-08-01T23:19:06Z,35.7045,-79.3892,8
2026-08-01T20:36:01Z,37.9875,-139.1365,i
2026-08-01T15:15:43Z,-2.5249,-170.6424,g
2026-08-01T21:23:16Z,15.8166,168.6802,m
2026-08-01T10:42:56Z,-34.5458,-78.1438,r
2026-08-01T02:02:39Z,43.3775,110.0901,2
2026-08-01T03:43:34Z,-50.8968,-87.1467,n
2026-08-01T06:31:42Z,39.7125,126.8710,s
2026-08-01T11:42:27Z,1.5761,-91.9005,3
2026-08-01T01:48:24Z,-4.1212,-29.1662,v
2026-08-01T18:43:13Z,13.1909,133.2661,9
2026-08-01T14:47:40Z,16.0493,-74.2164,r
2026-08-01T05:07:23Z,-19.7414,107.8418,y
2026-08-01T06:18:58Z,-47.0673,85.0218,a
2026-08-01T22:58:59Z,28.9902,38.9114,u
2026-08-01T12:10:46Z,-9.7666,-120.1166,9
2026-08-01T01:32:14Z,-46.7221,150.8365,m
2026-08-01T00:07:05Z,-1.3304,165.0117,k
2026-08-01T09:13:29Z,-41.9013,-39.1339,h
2026-08-01T14:07:44Z,-9.4152,-142.2113,q
2026-08-01T13:49:01Z,27.6018,-102.2910,a
2026-08-01T13:24:34Z,-51.9320,-111.9002,e
2026-08-01T19:46:06Z,32.5987,77.1832,m
2026-08-01T12:51:20Z,-26.5350,-70.2851,_
2026-08-01T14:28:33Z,39.9367,-132.7351,e
2026-08-01T08:37:28Z,46.0360,-133.4414,o
2026-08-01T18:06:06Z,47.1179,81.6220,5
2026-08-01T23:40:57Z,-40.0706,-171.0266,l
2026-08-01T20:56:46Z,22.7060,-156.6512,7
2026-08-01T14:52:56Z,14.1146,-88.1054,8
2026-08-01T06:32:53Z,-7.6183,131.8611,n
2026-08-01T14:50:58Z,58.0815,93.0729,f
2026-08-01T00:16:00Z,6.0368,45.1924,{
2026-08-01T09:44:42Z,4.5002,90.8479,z
2026-08-01T17:12:33Z,-1.8549,-26.8212,2
2026-08-01T17:07:04Z,-20.2165,-122.9894,r
2026-08-01T04:05:33Z,20.9891,-26.0300,l
2026-08-01T08:35:31Z,43.4350,-174.8350,f
2026-08-01T19:44:18Z,39.8425,73.8885,a
2026-08-01T00:35:01Z,49.4399,149.1641,f
2026-08-01T01:23:23Z,59.2517,169.5260,j
2026-08-01T00:02:27Z,-40.1356,-164.6306,q
2026-08-01T00:03:32Z,-29.8722,-156.7240,2
2026-08-01T10:42:31Z,-26.4165,-84.9555,j
2026-08-01T16:18:13Z,47.3968,26.4313,q
2026-08-01T17:22:27Z,-47.8959,-79.0701,j
2026-08-01T09:49:54Z,14.0123,96.5067,q
2026-08-01T23:40:49Z,-57.9164,91.5626,l
2026-08-01T19:51:04Z,-46.4634,-119.8703,k
2026-08-01T20:30:20Z,-47.2098,-121.9329,0
2026-08-01T02:29:15Z,24.2109,-4.3290,m
2026-08-01T02:27:13Z,31.5848,-15.0962,d
2026-08-01T03:13:30Z,-34.8243,154.0240,l
2026-08-01T02:38:20Z,-56.1099,44.2134,c
2026-08-01T13:23:44Z,13.7357,128.7668,2
2026-08-01T15:46:24Z,-43.6879,69.9861,b
2026-08-01T23:24:46Z,44.0340,-137.9902,a
2026-08-01T03:21:55Z,49.3857,-91.6693,l
2026-08-01T09:21:36Z,32.6938,58.7315,2
2026-08-01T13:44:58Z,-16.6968,-145.8130,0
2026-08-01T21:07:17Z,-4.2219,152.0508,}
2026-08-01T22:16:30Z,25.7812,25.0777,6
2026-08-01T12:06:45Z,-2.9624,-127.2948,7
2026-08-01T20:38:25Z,50.2519,-74.5462,g
2026-08-01T10:23:08Z,7.7645,15.6641,3
2026-08-01T05:58:59Z,-32.5443,-8.7524,5
2026-08-01T12:40:07Z,43.0133,-125.7226,n
2026-08-01T19:47:05Z,37.9220,73.5104,{
2026-08-01T02:24:26Z,35.0450,-18.3233,u
2026-08-01T01:51:16Z,24.9811,85.6017,8
2026-08-01T21:04:05Z,8.6544,-81.5244,w
2026-08-01T07:54:44Z,57.2733,78.8382,h
2026-08-01T15:30:36Z,-25.2809,-122.6232,1
2026-08-01T21:00:57Z,-22.8703,-140.5992,1
2026-08-01T20:40:57Z,37.1972,82.0256,5
2026-08-01T18:48:08Z,3.2656,3.7109,9
2026-08-01T10:42:48Z,-34.6175,-78.6464,}
2026-08-01T02:10:44Z,50.9141,-83.9264,8
2026-08-01T20:07:30Z,-34.0395,-130.0104,j
2026-08-01T03:37:37Z,37.3110,-147.7825,k
2026-08-01T19:17:12Z,22.5042,-46.6551,2
2026-08-01T06:03:43Z,-46.1251,6.4430,8
2026-08-01T12:57:58Z,28.9288,102.2333,4
2026-08-01T02:19:22Z,54.9935,-45.5518,m
2026-08-01T02:15:28Z,-16.3210,8.0349,d
2026-08-01T14:38:44Z,-52.9456,-103.9501,n
2026-08-01T21:26:35Z,17.2514,62.5210,}
2026-08-01T02:43:29Z,-18.8547,24.3051,c
2026-08-01T02:00:47Z,31.6380,-129.1061,s
2026-08-01T07:20:39Z,-42.7713,-173.0992,s
2026-08-01T16:38:20Z,28.9046,127.1501,r
2026-08-01T07:16:22Z,15.5571,-68.8594,j
2026-08-01T08:56:55Z,-1.1548,-85.1946,n
2026-08-01T08:04:00Z,57.4155,-165.6355,5
2026-08-01T17:06:48Z,-52.1191,-152.6754,2
2026-08-01T15:14:50Z,8.3897,-178.9329,p
2026-08-01T14:49:30Z,50.2788,86.4055,f
2026-08-01T23:33:31Z,14.5642,-161.4152,3
2026-08-01T12:12:37Z,-14.9260,-119.5053,1
2026-08-01T02:31:43Z,21.4282,-4.9068,}
2026-08-01T08:40:05Z,49.0762,-130.7440,6
2026-08-01T09:32:48Z,45.5794,-169.2375,d
2026-08-01T21:27:50Z,16.3063,-141.6526,r
2026-08-01T01:27:08Z,-10.9219,146.6349,x
2026-08-01T23:01:51Z,-16.8391,96.1457,7
2026-08-01T23:26:54Z,-39.6512,-5.3022,c
2026-08-01T08:20:03Z,-54.3615,65.6655,0
2026-08-01T21:05:32Z,51.0363,-26.2792,y
2026-08-01T18:40:14Z,45.4568,81.5341,w
2026-08-01T05:40:01Z,43.8947,-4.3264,g
2026-08-01T20:43:53Z,4.6152,152.3178,l
2026-08-01T05:17:09Z,22.9895,11.2992,j
2026-08-01T02:10:56Z,47.7055,-89.1681,9
2026-08-01T02:03:14Z,36.1709,-124.0844,f
2026-08-01T19:57:14Z,-23.2964,138.3095,m
2026-08-01T18:57:53Z,-38.5968,-93.9214,r
2026-08-01T01:34:40Z,30.8921,125.2927,3
2026-08-01T02:39:08Z,29.1864,173.4354,}
2026-08-01T21:46:53Z,35.5625,-2.4881,r
2026-08-01T00:33:08Z,51.6667,-75.8450,s
2026-08-01T23:31:25Z,-52.6355,142.6154,{
2026-08-01T08:38:20Z,51.2238,-130.9217,1
2026-08-01T19:46:42Z,2.6118,-30.5878,e
2026-08-01T09:45:59Z,-57.0957,-118.9435,s
2026-08-01T21:33:03Z,-8.8929,-127.2768,p
2026-08-01T15:00:20Z,-12.1290,97.1128,2
2026-08-01T06:39:51Z,-48.3637,-147.2482,l
2026-08-01T06:16:19Z,-46.0109,81.5966,v
2026-08-01T03:07:22Z,41.3052,172.5912,m
2026-08-01T07:14:02Z,21.9273,-72.7161,l
2026-08-01T16:28:15Z,53.2984,119.6045,x
2026-08-01T02:07:57Z,44.3951,-110.3607,q
2026-08-01T17:56:47Z,38.2479,-61.0243,u
2026-08-01T01:40:41Z,-28.9108,-175.5992,x
2026-08-01T07:51:10Z,-48.8100,55.5323,5
2026-08-01T09:37:57Z,-18.0560,68.5036,n
2026-08-01T10:37:02Z,-21.6584,-94.2632,o
2026-08-01T10:36:23Z,34.8942,63.5755,i
2026-08-01T13:46:44Z,-18.8078,-140.8922,l
2026-08-01T06:34:51Z,-3.7897,126.8355,0
2026-08-01T23:10:26Z,53.7822,-171.8658,1
2026-08-01T08:55:15Z,8.6001,-80.0281,h
2026-08-01T14:31:26Z,9.2102,11.5217,p
2026-08-01T20:52:03Z,19.9985,-69.9233,q
2026-08-01T22:20:13Z,9.9133,-59.7705,y
2026-08-01T03:33:57Z,39.0194,144.0713,3
2026-08-01T22:31:37Z,32.1687,-85.4836,f
2026-08-01T13:33:51Z,-26.8316,59.5917,8
2026-08-01T16:11:46Z,20.2430,13.4128,v
2026-08-01T18:06:29Z,22.8572,99.7319,6
2026-08-01T16:16:58Z,49.0920,25.0560,i
2026-08-01T17:31:15Z,-16.6996,-46.2234,p
2026-08-01T10:52:21Z,50.9941,31.1447,0
2026-08-01T07:09:32Z,33.8204,-84.2425,2
2026-08-01T02:41:36Z,-18.7579,27.1264,8
2026-08-01T08:22:48Z,38.1647,145.1238,l
2026-08-01T14:05:54Z,-56.2441,-62.2543,4
2026-08-01T10:57:40Z,45.8133,-1.4476,l
2026-08-01T17:00:41Z,-48.7016,121.7827,j
2026-08-01T16:05:46Z,14.6002,-6.8820,i
2026-08-01T00:08:26Z,-25.3146,-146.8386,b
2026-08-01T14:51:35Z,58.4132,99.6258,v
2026-08-01T02:34:22Z,7.9508,1.6825,c
2026-08-01T01:10:24Z,-52.5894,18.2183,5
2026-08-01T19:00:51Z,-58.6886,-34.9882,b
2026-08-01T21:12:08Z,7.5147,-95.8411,f
2026-08-01T11:54:29Z,30.8877,178.6302,w
2026-08-01T16:35:41Z,44.6375,119.9116,y
2026-08-01T21:45:42Z,-34.1198,114.0149,b
2026-08-01T22:34:37Z,-8.7203,30.7372,i
2026-08-01T18:18:03Z,16.7657,120.7237,k
2026-08-01T16:23:59Z,57.6777,66.4540,4
2026-08-01T01:11:29Z,-27.9166,61.5943,1
2026-08-01T22:44:21Z,1.1073,-67.9140,}
2026-08-01T03:00:25Z,-20.9566,73.4666,6
2026-08-01T17:38:32Z,3.7303,-36.7392,r
2026-08-01T23:05:40Z,-45.9048,115.3802,e
2026-08-01T09:35:44Z,33.6966,-46.0668,j
2026-08-01T06:10:52Z,-30.4240,3.4593,d
2026-08-01T21:50:21Z,-45.8200,128.8496,7
2026-08-01T12:44:22Z,23.5060,-165.7723,4
2026-08-01T01:17:40Z,-39.2544,73.9585,d
2026-08-01T23:23:20Z,-38.0796,94.6805,c
2026-08-01T01:40:01Z,50.0605,69.0539,z
2026-08-01T21:32:17Z,12.0497,81.2124,}
2026-08-01T15:05:53Z,23.7298,154.0319,1
2026-08-01T21:59:11Z,-51.5351,176.5914,p
2026-08-01T19:13:34Z,8.7713,-50.6919,t
2026-08-01T14:55:15Z,48.4375,115.3858,9
2026-08-01T04:47:08Z,-36.9411,120.9751,p
2026-08-01T09:41:12Z,-32.6664,163.4449,0
2026-08-01T06:17:14Z,-7.3345,-135.8165,5
2026-08-01T10:43:58Z,-6.9150,-132.7659,e
2026-08-01T15:50:11Z,-27.4932,-41.7676,{
2026-08-01T09:21:04Z,-45.0384,4.4988,x
2026-08-01T08:40:51Z,41.7022,-128.0061,p
2026-08-01T03:58:01Z,43.6193,-36.9953,{
2026-08-01T22:13:11Z,5.9039,83.5327,o
2026-08-01T10:46:28Z,-40.3116,-62.6337,h
2026-08-01T00:06:31Z,-30.8563,-155.9813,a
2026-08-01T01:00:39Z,4.6581,33.1078,q
2026-08-01T23:22:39Z,-47.4191,70.0099,l
2026-08-01T22:07:14Z,-47.6993,-145.7715,t
2026-08-01T14:06:15Z,-44.7611,137.0231,i
2026-08-01T12:01:12Z,16.1979,-148.4144,6
2026-08-01T15:17:45Z,59.0081,-54.0775,i
2026-08-01T02:30:57Z,27.2432,-6.1228,n
2026-08-01T14:52:02Z,58.0167,-152.1580,{
2026-08-01T11:14:34Z,-28.6935,-116.6579,i
2026-08-01T13:15:09Z,-26.4556,29.2923,v
2026-08-01T08:30:02Z,-20.1719,164.7422,p
2026-08-01T04:11:43Z,22.9835,-140.4803,c
2026-08-01T11:18:48Z,-6.5649,-103.1388,8
2026-08-01T15:52:55Z,-28.1379,89.8006,h
2026-08-01T14:45:28Z,14.2914,23.1983,_
2026-08-01T13:10:42Z,49.3896,87.0595,u
2026-08-01T19:57:51Z,-23.8011,82.2384,{
2026-08-01T20:23:26Z,-6.1802,73.3593,i
2026-08-01T21:29:42Z,-20.6141,-24.3206,f
2026-08-01T08:51:12Z,-19.3844,123.3525,t
2026-08-01T00:23:29Z,26.2966,-109.8017,5
2026-08-01T08:46:33Z,27.4955,-111.6010,8
2026-08-01T17:26:07Z,-26.7197,-60.7344,w
2026-08-01T14:48:02Z,-26.3335,-59.5766,w
2026-08-01T19:52:29Z,16.8988,-165.7823,k
2026-08-01T13:31:47Z,54.1836,-49.7347,2
2026-08-01T00:15:03Z,1.7348,-138.2263,0
2026-08-01T11:35:55Z,48.1321,107.4140,6
2026-08-01T22:24:19Z,-39.8633,-24.4420,5
2026-08-01T11:31:31Z,-51.3809,-168.8137,}
2026-08-01T23:05:59Z,54.9877,13.4904,v
2026-08-01T16:07:04Z,13.6605,3.5689,c
2026-08-01T23:14:40Z,-20.8594,65.3934,v
2026-08-01T06:07:16Z,-46.8141,29.8882,9
2026-08-01T02:46:52Z,-17.6506,108.9568,t
2026-08-01T18:05:32Z,45.9850,80.8760,9
2026-08-01T14:38:22Z,31.5125,40.6649,a
2026-08-01T15:03:35Z,35.0815,161.4655,p
2026-08-01T05:41:48Z,39.7800,71.8420,3
2026-08-01T23:00:08Z,24.0927,43.4835,_
2026-08-01T19:42:54Z,-47.6690,-145.3793,w
2026-08-01T14:44:59Z,-1.6596,99.6020,c
2026-08-01T00:40:54Z,-59.4949,19.5987,1
2026-08-01T07:22:46Z,-36.3664,146.6212,l
2026-08-01T10:57:30Z,-52.0879,-10.6814,1
2026-08-01T15:27:24Z,-36.5613,-152.8154,q
2026-08-01T10:29:31Z,8.7667,127.5176,r
2026-08-01T02:17:17Z,51.8943,-48.2369,l
2026-08-01T17:46:43Z,30.0725,-9.0665,7
2026-08-01T22:30:45Z,-36.5297,-118.0392,q
2026-08-01T02:42:33Z,58.5350,122.7023,n
2026-08-01T14:59:50Z,41.2143,140.9203,0
2026-08-01T09:14:29Z,59.1127,-92.8047,l
2026-08-01T19:04:02Z,-27.2544,-75.3215,r
2026-08-01T21:15:29Z,-49.3678,-58.1306,s
2026-08-01T03:44:52Z,-41.1476,79.9745,o
2026-08-01T15:59:26Z,-13.2852,-13.7036,m
2026-08-01T02:06:25Z,45.3603,-110.5021,f
2026-08-01T08:56:24Z,0.9061,-89.0937,0
2026-08-01T19:58:02Z,4.8682,105.1342,3
2026-08-01T18:20:36Z,2.7774,124.1029,w
2026-08-01T17:14:22Z,-51.6624,-116.6839,3
2026-08-01T13:15:58Z,-25.0600,0.6742,v
2026-08-01T20:54:22Z,24.5073,-66.6147,z
2026-08-01T10:39:11Z,49.3148,88.0126,m
2026-08-01T14:44:52Z,48.2348,69.0920,o
2026-08-01T00:19:00Z,14.0603,-84.0665,f
2026-08-01T18:26:25Z,-32.3290,85.6970,5
2026-08-01T19:16:56Z,21.6728,-54.5788,u
2026-08-01T15:10:16Z,0.9290,-96.7317,n
2026-08-01T19:10:29Z,-8.9020,-65.9137,8
2026-08-01T14:06:35Z,-40.5512,-169.0923,}
2026-08-01T22:08:01Z,-37.3655,-134.0198,{
2026-08-01T01:38:07Z,-39.3120,-178.1345,p
2026-08-01T16:52:35Z,42.1772,124.0356,h
2026-08-01T07:28:58Z,-22.3323,-39.3133,7
2026-08-01T14:46:53Z,51.2613,74.4159,i
2026-08-01T05:18:43Z,-2.3580,-17.9220,f
2026-08-01T06:01:42Z,-35.4047,5.5195,f
2026-08-01T20:01:28Z,-6.4653,119.5287,r
2026-08-01T14:44:59Z,-35.1807,-132.0033,l
2026-08-01T07:02:46Z,0.7378,48.3708,n
2026-08-01T20:17:03Z,32.5605,-120.6666,x
2026-08-01T23:55:47Z,-6.2665,-129.9120,3
2026-08-01T11:29:47Z,33.9636,89.2010,a
2026-08-01T08:26:34Z,43.0167,166.1785,y
2026-08-01T11:31:38Z,44.7330,94.5467,t
2026-08-01T00:31:55Z,-3.8809,154.2984,s
2026-08-01T07:33:00Z,-36.9132,-38.6326,w
2026-08-01T01:09:51Z,-27.4212,46.3515,_
2026-08-01T18:51:06Z,-55.8703,-139.8767,o
2026-08-01T07:17:06Z,0.4253,-38.0512,v
2026-08-01T04:55:46Z,-17.8175,148.3135,y
2026-08-01T10:35:06Z,-11.5075,-102.2267,x
2026-08-01T22:38:05Z,-54.8985,141.2612,2
2026-08-01T19:45:16Z,39.5266,71.4824,s
2026-08-01T04:15:37Z,-18.2556,-2.3092,g
2026-08-01T19:14:02Z,26.4928,65.2995,m
2026-08-01T19:34:56Z,55.1706,22.0579,5
2026-08-01T17:52:13Z,-17.7739,72.9318,w
2026-08-01T10:35:23Z,3.6631,-171.9349,}
2026-08-01T13:14:31Z,51.3177,-137.7243,4
2026-08-01T02:07:24Z,44.8169,-99.3147,}
2026-08-01T20:35:38Z,-36.1647,-110.9713,i
2026-08-01T21:01:34Z,-20.6726,-142.9683,a
2026-08-01T06:37:07Z,8.4225,142.8231,5
2026-08-01T15:03:25Z,-5.8847,62.7300,g
2026-08-01T10:10:00Z,51.4748,-178.5675,5
2026-08-01T18:32:43Z,4.7239,84.4698,2
2026-08-01T21:39:40Z,-21.6436,95.8931,x
2026-08-01T08:08:37Z,-8.1240,-99.3997,g
2026-08-01T17:06:13Z,-10.1746,27.9190,p
2026-08-01T05:47:35Z,-1.4672,69.7928,y
2026-08-01T04:36:58Z,-47.2531,84.6160,}
2026-08-01T23:12:15Z,28.8729,98.0365,y
2026-08-01T10:19:33Z,-40.0406,35.6933,d
2026-08-01T11:45:11Z,-46.9873,92.8111,l
2026-08-01T05:10:43Z,7.7960,101.2180,u
2026-08-01T08:46:42Z,49.1656,150.8026,o
2026-08-01T07:26:07Z,-48.2997,-70.7132,i
2026-08-01T20:27:10Z,-15.5551,-38.9001,2
2026-08-01T16:39:24Z,-0.4506,123.6540,o
2026-08-01T23:17:33Z,-0.5218,-155.9236,k
2026-08-01T23:28:43Z,-12.1954,-120.1562,0
2026-08-01T05:30:48Z,48.0661,-79.3722,8
2026-08-01T18:03:04Z,4.8403,40.2759,1
2026-08-01T22:53:48Z,36.2217,25.8507,b
2026-08-01T15:09:49Z,16.1793,-106.9590,m
2026-08-01T01:48:32Z,-8.1801,-160.5796,q
2026-08-01T02:22:56Z,48.4894,-29.7984,1
2026-08-01T09:00:23Z,-53.1980,159.2983,u
2026-08-01T13:05:51Z,36.2620,65.9690,t
2026-08-01T14:34:57Z,30.2709,29.8046,3
2026-08-01T19:40:25Z,8.5575,41.7506,h
2026-08-01T20:12:19Z,-35.9044,135.3538,7
2026-08-01T05:43:58Z,-20.4207,-87.0914,d
2026-08-01T07:37:08Z,13.8205,-134.6240,w
2026-08-01T01:30:35Z,18.6765,21.6440,{
2026-08-01T09:11:54Z,-36.3368,-10.6664,4
2026-08-01T22:49:20Z,25.3539,-39.5280,f
2026-08-01T08:25:42Z,12.5311,-175.5455,n
2026-08-01T05:27:43Z,-18.1208,-11.4985,e
2026-08-01T12:31:29Z,-48.8640,-30.8894,n
2026-08-01T13:16:48Z,53.6352,122.8885,3
2026-08-01T23:06:33Z,12.5170,51.1389,c
2026-08-01T21:46:50Z,24.0191,-146.7729,9
2026-08-01T00:16:51Z,-21.9209,65.1845,s
2026-08-01T15:27:21Z,-11.4710,49.2646,f
2026-08-01T18:13:50Z,24.6935,99.1196,e
2026-08-01T00:57:47Z,15.0022,27.9707,r
2026-08-01T22:21:13Z,8.6955,-106.4001,9
2026-08-01T07:18:49Z,32.5933,126.2562,q
2026-08-01T08:13:43Z,27.9968,6.4194,s
2026-08-01T21:31:53Z,10.7567,11.4597,n
2026-08-01T22:48:11Z,50.2924,-3.8892,k
2026-08-01T01:40:43Z,-26.3310,-174.2574,s
2026-08-01T18:56:24Z,-42.9192,-97.6618,3
2026-08-01T19:45:30Z,41.7695,74.2400,e
2026-08-01T00:02:27Z,-39.5741,-162.6953,d
2026-08-01T15:36:36Z,45.6783,61.7763,m
2026-08-01T19:16:30Z,16.2427,-49.1760,_
2026-08-01T10:57:15Z,-51.5114,-0.1781,0
2026-08-01T09:03:23Z,-21.7242,-97.6824,i
2026-08-01T04:02:52Z,47.0156,58.2616,c
2026-08-01T10:57:32Z,-4.1673,-128.4762,r
2026-08-01T03:31:40Z,12.0269,-163.0860,8
2026-08-01T08:49:07Z,25.9875,-100.2529,r
2026-08-01T08:11:27Z,14.1885,100.5716,k
2026-08-01T21:12:30Z,-9.7350,36.9373,w
2026-08-01T00:25:02Z,27.5371,-111.0539,m
2026-08-01T17:20:56Z,-46.1206,-77.3276,u
2026-08-01T23:08:44Z,7.7781,-31.0380,s
2026-08-01T03:19:26Z,-41.5579,170.0198,z
2026-08-01T21:54:28Z,40.9968,140.9327,u
2026-08-01T08:33:17Z,50.9536,-160.1005,0
2026-08-01T17:13:45Z,-51.8654,-119.5524,y
2026-08-01T14:11:08Z,-44.8632,-34.4849,j
2026-08-01T04:36:20Z,-42.1824,73.7835,3
2026-08-01T14:06:25Z,-23.2736,-53.7601,w
2026-08-01T19:11:52Z,5.1964,-58.1783,7
2026-08-01T02:44:02Z,-24.3024,26.9221,y
2026-08-01T00:05:43Z,19.8735,58.7356,m
2026-08-01T10:36:52Z,-16.0569,-96.0645,_
2026-08-01T13:59:13Z,-48.0311,-95.6175,f
2026-08-01T07:31:29Z,-37.2247,-40.5155,o
2026-08-01T23:19:26Z,-47.6260,58.9490,5
2026-08-01T03:26:00Z,6.3159,-177.4837,5
2026-08-01T14:45:37Z,45.5162,62.8852,z
2026-08-01T19:04:45Z,-20.7736,-77.4006,7
2026-08-01T06:41:56Z,27.9054,152.5373,8
2026-08-01T12:49:19Z,59.3808,31.4791,3
2026-08-01T19:22:59Z,36.8502,-35.5456,o
2026-08-01T20:36:43Z,28.0621,11.8729,b
2026-08-01T17:49:44Z,43.0142,-8.7282,u
2026-08-01T10:06:36Z,54.7163,161.8278,6
2026-08-01T10:43:26Z,53.7210,21.1346,g
2026-08-01T19:28:26Z,42.7509,-18.4057,n
2026-08-01T12:52:17Z,-2.0806,33.0123,2
2026-08-01T17:12:28Z,-3.1378,-51.5794,b
2026-08-01T17:19:06Z,-46.7413,-85.4718,3
2026-08-01T21:06:13Z,57.7629,-17.4732,a
2026-08-01T05:13:29Z,41.5956,-168.6650,3
2026-08-01T21:15:05Z,4.1420,-146.0829,9
2026-08-01T21:11:17Z,59.2036,163.9355,v
2026-08-01T21:25:24Z,27.7865,71.0898,}
2026-08-01T23:37:16Z,-51.3084,178.0117,6
2026-08-01T13:41:15Z,5.4944,-153.4966,d
2026-08-01T08:39:07Z,48.1883,-122.9760,q
2026-08-01T14:07:40Z,43.8911,-20.5429,z
2026-08-01T13:48:15Z,19.1751,63.5055,o
2026-08-01T14:14:04Z,2.6686,9.6941,b
2026-08-01T20:00:20Z,7.7664,-69.4429,x
2026-08-01T06:25:51Z,-28.1856,-30.7270,l
2026-08-01T14:33:14Z,34.0706,138.4368,s
2026-08-01T11:10:27Z,-23.2657,44.3038,p
2026-08-01T01:14:06Z,54.2980,-97.9746,e
2026-08-01T09:25:00Z,-51.0641,27.8554,9
2026-08-01T03:16:03Z,-29.7074,156.8748,3
2026-08-01T00:16:29Z,-0.9681,-130.4463,8
2026-08-01T01:32:53Z,-23.5849,-165.1633,z
2026-08-01T11:45:06Z,-8.1981,-13.8187,l
2026-08-01T15:32:12Z,-41.7003,-128.9849,s
2026-08-01T21:30:21Z,16.3191,73.2314,y
2026-08-01T22:13:47Z,-6.7892,177.2513,}
2026-08-01T04:00:29Z,31.0497,-37.4316,l
2026-08-01T01:13:17Z,-27.7355,58.2790,z
2026-08-01T16:29:42Z,-16.4151,-53.8790,8
2026-08-01T16:50:40Z,21.2169,27.4111,e
2026-08-01T14:28:10Z,33.0413,20.5300,p
2026-08-01T19:33:03Z,4.0000,-116.7708,i
2026-08-01T01:59:48Z,29.3398,-136.4814,e
2026-08-01T17:16:26Z,-52.9308,-100.7124,7
2026-08-01T08:49:53Z,-25.6730,-10.1816,g
2026-08-01T14:35:23Z,22.3137,31.9572,g
2026-08-01T18:16:33Z,54.0579,-65.0634,3
2026-08-01T02:09:54Z,-7.4203,-47.0140,g
2026-08-01T09:30:00Z,-27.8413,174.0367,l
2026-08-01T07:43:41Z,-53.9826,15.5967,k
2026-08-01T02:05:50Z,39.9613,-109.2086,5
2026-08-01T09:00:16Z,-18.1254,-73.2036,3
2026-08-01T07:22:01Z,-3.2150,-61.0749,f
2026-08-01T06:43:41Z,28.3191,148.0075,h
2026-08-01T23:22:49Z,-29.1315,62.6111,3
2026-08-01T05:58:21Z,-31.5641,113.9105,q
2026-08-01T16:45:00Z,-22.5520,-70.4626,r
2026-08-01T13:09:31Z,48.9442,174.7236,f
2026-08-01T03:21:58Z,-14.9005,176.4053,x
2026-08-01T07:28:46Z,-49.0476,-48.2729,n
2026-08-01T01:25:19Z,-54.2463,113.6878,_
2026-08-01T18:32:18Z,-40.6881,-177.8723,f
2026-08-01T14:03:29Z,3.8716,13.6134,4
2026-08-01T08:49:51Z,12.1569,-99.3961,p
2026-08-01T21:51:42Z,-45.1735,132.2364,m
2026-08-01T11:31:18Z,39.4321,92.8486,e
2026-08-01T04:48:21Z,-53.6995,-99.2291,4
2026-08-01T03:49:47Z,51.7923,-88.6161,o
2026-08-01T13:14:03Z,14.4670,103.0584,v
2026-08-01T10:50:51Z,-13.2316,-172.1504,_
2026-08-01T17:06:13Z,57.9970,-109.2505,7
2026-08-01T22:52:34Z,44.1450,17.6663,}
2026-08-01T14:13:03Z,-42.5563,-34.2136,s
2026-08-01T10:31:12Z,9.1419,156.7882,2
2026-08-01T17:14:59Z,-50.5122,112.0616,y
2026-08-01T08:22:39Z,-0.5005,-16.0290,7
2026-08-01T23:41:36Z,-34.3241,60.8123,t
2026-08-01T00:36:16Z,22.9752,-75.6479,q
2026-08-01T19:58:23Z,-45.2769,-134.4464,6
2026-08-01T02:59:02Z,-33.4140,49.2980,h
2026-08-01T16:39:24Z,33.1118,127.1148,y
2026-08-01T14:21:55Z,-21.7051,-4.8964,f
2026-08-01T14:00:26Z,21.9597,-84.4432,e
2026-08-01T05:21:48Z,1.2205,-109.2013,e
2026-08-01T04:46:49Z,-48.6095,-149.8522,y
2026-08-01T16:02:52Z,-42.4913,122.3301,d
2026-08-01T12:23:38Z,-54.5302,-75.2517,k
2026-08-01T15:57:18Z,-14.1474,-18.8527,j
2026-08-01T04:17:14Z,-43.1117,17.4809,6
2026-08-01T09:59:53Z,-18.3991,77.1279,q
2026-08-01T14:04:30Z,-51.2002,-66.3223,j
2026-08-01T22:17:33Z,-27.6740,-88.5445,b
2026-08-01T12:57:22Z,20.8441,43.9869,q
2026-08-01T06:44:52Z,-5.6967,83.2734,s
2026-08-01T01:29:25Z,-51.2773,141.5247,_
2026-08-01T08:02:10Z,-25.8245,93.4040,2
2026-08-01T23:43:29Z,-36.6706,-45.2214,y
2026-08-01T01:59:26Z,10.1844,-175.9466,}
2026-08-01T11:12:46Z,-8.6474,-169.2525,m
2026-08-01T00:03:05Z,-42.0515,-49.2804,g
2026-08-01T12:42:09Z,-28.2159,18.6789,a
2026-08-01T16:25:46Z,34.4353,-5.5765,9
2026-08-01T03:51:29Z,56.1344,-80.5918,{
2026-08-01T12:31:19Z,-29.8752,-70.0409,5
2026-08-01T14:20:13Z,-23.7272,-4.3732,4
2026-08-01T09:02:31Z,38.9775,169.2473,l
2026-08-01T04:47:02Z,-38.4720,132.0736,l
2026-08-01T21:00:23Z,40.6827,-48.8638,x
2026-08-01T18:28:25Z,-18.5446,135.1277,2
2026-08-01T14:05:16Z,-54.3439,-61.8608,t
2026-08-01T14:46:40Z,-2.8291,-81.7554,d
2026-08-01T23:04:55Z,-16.8665,100.9481,{
2026-08-01T14:23:36Z,-7.9543,8.3031,i
2026-08-01T02:49:39Z,-47.8967,109.2721,n
2026-08-01T01:44:00Z,-4.1208,12.9922,7
2026-08-01T10:03:28Z,5.6594,-9.3095,p
2026-08-01T05:37:25Z,31.7535,-54.1433,6
2026-08-01T20:27:13Z,56.1149,-19.5962,o
2026-08-01T02:22:59Z,37.4559,-31.0788,2
2026-08-01T21:39:37Z,-20.3300,100.6848,j
2026-08-01T13:53:06Z,-7.9145,72.2266,}
2026-08-01T12:16:35Z,-32.8587,-104.0870,k
2026-08-01T10:51:48Z,-49.3538,-43.2415,9
2026-08-01T21:46:38Z,38.2624,19.3827,m
2026-08-01T15:31:53Z,-51.7447,-135.1869,5
2026-08-01T21:23:35Z,57.3294,64.6391,s
2026-08-01T23:02:53Z,-8.0913,45.3704,c
2026-08-01T10:04:31Z,51.0964,152.8647,_
2026-08-01T18:50:49Z,-54.9051,-128.8367,f
2026-08-01T00:38:37Z,55.2105,-44.9442,1
2026-08-01T19:32:51Z,48.6729,6.9609,o
2026-08-01T04:31:30Z,-39.5647,-88.2231,v
2026-08-01T12:39:15Z,7.7243,156.7181,o
2026-08-01T09:02:22Z,8.6400,160.9055,l
2026-08-01T12:39:43Z,-56.4090,-1.2300,{
2026-08-01T04:20:20Z,-43.7660,148.0448,6
2026-08-01T23:04:34Z,14.3979,56.6292,0
2026-08-01T09:48:10Z,44.2036,-72.3940,_
2026-08-01T18:45:38Z,13.7818,107.4911,5
2026-08-01T08:40:27Z,39.8096,-128.3269,h
2026-08-01T00:01:11Z,-43.1643,-167.2718,p
2026-08-01T21:49:18Z,-42.6993,-124.7037,i
2026-08-01T11:03:12Z,24.1626,-3.8359,s
2026-08-01T07:53:43Z,-49.2185,161.3101,m
2026-08-01T08:10:11Z,58.1060,-146.7348,4
2026-08-01T20:42:42Z,-11.1025,-98.3206,p
2026-08-01T02:09:18Z,-3.4919,18.1784,x
2026-08-01T14:29:24Z,9.1152,21.2186,6
2026-08-01T19:49:59Z,30.7738,92.5988,k
2026-08-01T14:24:23Z,-23.5977,24.7842,5
2026-08-01T19:39:04Z,54.7963,51.8942,3
2026-08-01T11:54:28Z,37.0366,-160.4973,{
2026-08-01T02:41:22Z,-3.2760,120.2919,s
2026-08-01T22:05:22Z,-46.5848,-144.6108,7
2026-08-01T15:36:41Z,-47.3733,-114.0653,m
2026-08-01T03:39:19Z,-13.2384,177.6468,_
2026-08-01T15:46:06Z,-33.5548,19.8793,3
2026-08-01T18:52:07Z,-45.1613,-114.4087,1
2026-08-01T20:34:49Z,1.5126,64.5435,5
2026-08-01T04:18:42Z,-28.2625,4.0407,}
2026-08-01T01:28:39Z,41.5650,-74.4316,4
2026-08-01T21:16:26Z,39.5020,36.4615,b
2026-08-01T06:04:17Z,44.4821,0.6516,s
2026-08-01T20:49:05Z,14.3461,-73.4773,y
2026-08-01T05:22:21Z,46.1772,-128.3587,r
2026-08-01T23:36:23Z,21.5159,-3.5108,f
2026-08-01T06:33:18Z,-4.8406,127.1135,w
2026-08-01T10:52:51Z,-53.4818,-30.0462,3
2026-08-01T09:19:31Z,34.1956,-172.5954,9
2026-08-01T12:47:00Z,29.3238,-71.6913,1
2026-08-01T14:20:06Z,-1.0698,82.5610,n
2026-08-01T08:26:43Z,50.9708,156.2833,k
2026-08-01T19:21:46Z,22.7713,-38.2737,}
2026-08-01T16:46:06Z,12.5082,148.5327,4
2026-08-01T10:24:49Z,20.7836,-117.8808,o
2026-08-01T10:03:10Z,-23.8891,156.8829,s
2026-08-01T15:04:31Z,33.9773,159.7268,f
2026-08-01T17:50:03Z,38.5068,-10.2031,u
2026-08-01T18:25:28Z,-55.7306,8.4260,y
2026-08-01T05:05:49Z,-49.7236,98.0793,d
2026-08-01T08:45:27Z,32.2427,-100.0542,p
2026-08-01T00:34:21Z,47.5282,-122.5212,l
2026-08-01T18:53:20Z,-9.7770,93.8999,p
2026-08-01T21:29:01Z,22.9444,74.9675,c
2026-08-01T03:31:09Z,18.1436,-168.0429,z
2026-08-01T19:07:11Z,-15.5823,-77.6650,6
2026-08-01T04:00:25Z,51.0037,144.3720,0
2026-08-01T20:32:16Z,55.6552,171.4641,8
2026-08-01T09:36:40Z,6.8731,-51.9687,x
2026-08-01T11:33:01Z,-50.9504,-88.5648,m
2026-08-01T13:22:41Z,47.5295,152.6239,9
2026-08-01T02:15:55Z,48.0197,-161.6161,h
2026-08-01T11:30:09Z,32.7378,87.4880,t
2026-08-01T16:03:32Z,-5.2463,-107.3595,f
2026-08-01T03:20:00Z,-16.8631,174.9722,3
2026-08-01T15:57:30Z,-19.0879,-21.7057,d
2026-08-01T12:24:21Z,-42.4350,-72.2671,_
2026-08-01T04:44:10Z,-51.0185,-6.4758,8
2026-08-01T06:19:07Z,-44.9489,89.9129,5
2026-08-01T00:34:09Z,43.4896,-46.1924,8
2026-08-01T08:52:36Z,-30.8529,-58.0606,_
2026-08-01T14:25:28Z,-12.1630,7.5419,c
2026-08-01T00:33:00Z,47.1007,-80.8185,i
2026-08-01T08:35:49Z,-12.1409,93.3942,l
2026-08-01T03:02:04Z,11.5076,178.3046,v
2026-08-01T06:56:15Z,46.8712,-159.5638,{
2026-08-01T17:33:00Z,-44.5780,-45.6022,y
2026-08-01T21:49:35Z,-49.8486,126.6744,h
2026-08-01T11:15:14Z,-18.0767,172.9270,l
2026-08-01T20:13:44Z,53.8416,-66.1704,f
2026-08-01T05:55:41Z,-18.6121,-17.3516,y
2026-08-01T19:21:02Z,41.3144,70.6137,z
2026-08-01T06:06:44Z,-48.8164,23.6638,o
2026-08-01T15:25:15Z,-26.2334,-162.4957,7
2026-08-01T02:44:23Z,-16.9132,21.6105,j
2026-08-01T03:42:00Z,52.5224,-133.4973,o
2026-08-01T06:46:52Z,55.1560,49.7858,g
2026-08-01T14:26:50Z,-51.3838,107.5783,{
2026-08-01T00:21:17Z,-49.7526,9.3687,8
2026-08-01T02:22:47Z,42.1604,19.0709,8
2026-08-01T21:15:15Z,-58.1665,159.4211,c
2026-08-01T14:48:01Z,54.3201,69.4469,t
2026-08-01T15:38:02Z,-53.1781,-93.8651,r
2026-08-01T11:59:01Z,18.7786,-144.9656,j
2026-08-01T15:30:57Z,-46.2678,-133.0882,h
2026-08-01T21:16:51Z,-31.9668,-43.6352,g
2026-08-01T14:19:36Z,-23.4866,-4.6977,d
2026-08-01T11:23:40Z,17.0982,69.0473,w
2026-08-01T11:34:39Z,42.5006,101.7638,3
2026-08-01T21:45:25Z,-27.8987,117.9416,v
2026-08-01T16:20:35Z,41.9024,38.3844,b
2026-08-01T15:38:42Z,-58.3569,-95.2951,f
2026-08-01T10:49:48Z,28.3299,-127.5019,u
2026-08-01T16:05:39Z,12.0950,-6.3978,2
2026-08-01T07:54:05Z,38.9423,-53.7005,p
2026-08-01T11:33:01Z,37.2645,94.2168,3
2026-08-01T11:35:08Z,-4.8566,91.9456,5
2026-08-01T14:20:42Z,-22.2133,-5.5328,h
2026-08-01T05:06:18Z,31.3646,-44.2322,c
2026-08-01T22:37:19Z,40.5716,-64.4323,v
2026-08-01T18:20:33Z,-55.5993,-143.9447,{
2026-08-01T07:32:28Z,-33.0206,-34.4868,a
2026-08-01T11:04:10Z,21.0919,-14.2418,g
2026-08-01T17:54:42Z,-38.9203,92.5881,j
2026-08-01T17:34:42Z,-11.1897,-46.2144,n
2026-08-01T19:37:20Z,-37.5423,-98.5742,9
2026-08-01T13:42:19Z,-26.0818,-36.8158,h
2026-08-01T15:23:06Z,-26.6596,-157.0613,8
2026-08-01T17:45:51Z,-7.1958,-123.7151,m
2026-08-01T17:39:14Z,4.8680,-32.9290,y
2026-08-01T19:20:49Z,24.7128,-41.8078,k
2026-08-01T06:28:03Z,14.7026,-135.8342,q
2026-08-01T23:23:28Z,34.8882,-170.1561,7
2026-08-01T19:42:02Z,47.4280,61.0677,s
2026-08-01T14:19:59Z,2.8776,-37.6445,n
2026-08-01T13:15:51Z,-23.3478,123.2932,u
2026-08-01T01:11:21Z,-26.3916,53.3428,j
2026-08-01T16:04:10Z,28.6884,47.8285,1
2026-08-01T18:04:29Z,47.2263,69.3896,1
2026-08-01T00:32:22Z,45.6151,-79.3795,j
2026-08-01T06:24:45Z,-21.9811,108.5251,y
2026-08-01T00:42:47Z,46.8963,-25.8098,3
2026-08-01T11:13:14Z,41.1671,149.8951,n
2026-08-01T05:18:59Z,56.8589,-145.6087,s
2026-08-01T22:13:46Z,-27.7148,-120.4580,l
2026-08-01T05:42:41Z,13.8504,-45.5787,e
2026-08-01T07:10:23Z,31.2727,-87.0852,g
2026-08-01T12:22:37Z,-6.5419,7.0240,8
2026-08-01T14:31:12Z,1.7671,-36.3480,v
2026-08-01T03:50:51Z,-11.2971,68.0560,x
2026-08-01T03:44:01Z,45.5125,-124.5520,0
2026-08-01T11:23:27Z,8.2399,70.8113,n
2026-08-01T00:35:52Z,53.3132,-64.1424,k
2026-08-01T08:38:01Z,54.4627,-135.0846,_
2026-08-01T19:44:10Z,-24.9206,-48.5222,t
2026-08-01T08:29:32Z,42.7522,-145.2645,k
2026-08-01T23:46:31Z,-22.8261,-148.4671,o
2026-08-01T21:06:23Z,44.7307,-69.3353,5
2026-08-01T02:43:35Z,-19.3750,25.0629,j
2026-08-01T06:59:30Z,32.4869,-142.3639,p
2026-08-01T23:25:12Z,-59.8064,-49.7944,j
2026-08-01T16:38:49Z,9.6471,8.5435,j
2026-08-01T16:01:52Z,-19.2415,71.2868,9
2026-08-01T01:39:24Z,-36.6232,33.6508,t
2026-08-01T23:34:08Z,24.5508,22.6861,e
2026-08-01T07:07:49Z,32.4416,-94.0542,s
2026-08-01T02:46:06Z,-19.6100,36.3687,h
2026-08-01T04:33:52Z,33.2288,-56.4320,y
2026-08-01T06:49:27Z,48.1491,170.7196,h
2026-08-01T11:58:57Z,-18.2274,92.0863,p
2026-08-01T15:18:57Z,14.0190,64.3286,m
2026-08-01T20:22:02Z,-32.8496,-152.0041,8
2026-08-01T14:03:44Z,-57.9902,-68.3482,1
2026-08-01T11:31:49Z,-49.0028,166.6922,}
2026-08-01T11:35:10Z,42.0648,101.2878,s
2026-08-01T20:34:26Z,-21.6250,73.8665,2
2026-08-01T17:15:47Z,-55.2014,-97.5448,c
2026-08-01T19:23:38Z,-57.4147,46.3471,4
2026-08-01T04:13:49Z,47.0308,-132.9915,j
2026-08-01T21:54:57Z,-54.7869,151.5180,w
2026-08-01T05:17:06Z,26.0990,-82.4422,6
2026-08-01T06:02:18Z,-2.1101,-42.7075,k
2026-08-01T09:38:43Z,-18.0574,77.0565,6
2026-08-01T10:17:17Z,37.2517,-138.9457,t
2026-08-01T09:42:37Z,-5.8679,78.7347,l
2026-08-01T06:22:41Z,-25.5900,105.0462,z
2026-08-01T22:33:13Z,36.2836,-76.1605,3
2026-08-01T23:41:00Z,-43.8683,-175.6738,b
2026-08-01T16:02:03Z,53.7434,-32.8396,j
2026-08-01T22:42:27Z,47.7848,-37.6297,5
2026-08-01T06:57:01Z,-5.6674,58.2282,r
2026-08-01T18:17:46Z,21.6976,123.0890,4
2026-08-01T17:26:19Z,31.0487,-54.5564,x
2026-08-01T08:22:37Z,32.2699,148.4513,h
2026-08-01T12:22:09Z,53.1017,4.8750,i
2026-08-01T16:55:21Z,59.1469,-71.1121,e
2026-08-01T05:57:54Z,-33.2890,-10.3931,6
2026-08-01T22:33:11Z,-38.5351,5.9187,1
2026-08-01T05:11:21Z,37.4621,-176.5722,v
2026-08-01T20:07:28Z,-22.5920,119.6797,j
2026-08-01T02:12:03Z,58.3689,-79.5349,n
2026-08-01T06:42:57Z,-13.9383,64.2951,d
2026-08-01T06:04:30Z,-24.1434,-80.0109,w
2026-08-01T00:17:16Z,8.5772,-131.6953,4
2026-08-01T17:56:36Z,-29.2670,-36.7472,j
2026-08-01T11:54:56Z,-28.5733,-157.6627,3
2026-08-01T03:14:29Z,-35.4269,160.5317,p
2026-08-01T10:05:56Z,41.4789,-39.5287,w
2026-08-01T16:26:47Z,-11.8090,-165.4919,n
2026-08-01T16:10:35Z,-13.1750,-140.0114,r
2026-08-01T14:09:42Z,-50.5029,-40.6501,u
2026-08-01T05:27:15Z,38.6607,15.1165,v
2026-08-01T17:45:07Z,-4.2931,-171.2527,q
2026-08-01T14:42:39Z,38.1746,46.6593,f
2026-08-01T04:40:09Z,27.0149,87.4698,r
2026-08-01T00:09:31Z,-30.4875,-58.0052,e
2026-08-01T02:11:05Z,57.5891,-82.1253,9
2026-08-01T15:55:51Z,37.9206,66.9923,a
2026-08-01T11:32:10Z,-34.2490,127.6686,b
2026-08-01T10:58:42Z,-56.4161,-0.3041,u
2026-08-01T10:53:58Z,-55.2027,-26.4193,o
2026-08-01T22:32:53Z,55.5110,123.6330,s
2026-08-01T01:05:14Z,39.7227,164.4615,l
2026-08-01T10:34:13Z,-8.3313,-22.8150,_
2026-08-01T01:18:36Z,19.8008,-80.3719,x
2026-08-01T09:57:21Z,31.2292,120.3266,t
2026-08-01T23:26:15Z,-46.3568,110.7715,1
2026-08-01T12:00:01Z,22.4084,2.6058,5
2026-08-01T06:43:17Z,-51.2450,141.3417,e
2026-08-01T07:07:40Z,41.2921,-101.0233,9
2026-08-01T20:07:50Z,53.5085,91.7645,7
2026-08-01T19:31:33Z,-42.2322,-47.2554,7
2026-08-01T17:13:22Z,-54.8594,-128.0621,k
2026-08-01T21:09:41Z,-9.9151,60.8287,6
2026-08-01T22:42:20Z,53.5315,-44.5024,f
2026-08-01T02:12:42Z,54.7820,-86.9807,u
2026-08-01T02:27:29Z,27.2733,-6.0350,8
2026-08-01T18:49:15Z,-55.0476,-135.0007,8
2026-08-01T09:09:23Z,-36.7583,-50.2628,n
2026-08-01T17:05:27Z,-37.6580,-161.6567,n
2026-08-01T23:43:42Z,58.1497,-94.3447,t
2026-08-01T01:00:31Z,15.4358,-37.0347,h
2026-08-01T05:33:46Z,35.7918,-74.1497,9
2026-08-01T19:20:52Z,28.3003,-33.7586,x
2026-08-01T13:44:10Z,-10.5989,-108.2218,s
2026-08-01T09:30:37Z,-38.6427,45.3874,o
2026-08-01T09:46:28Z,10.1415,88.1175,7
2026-08-01T17:05:27Z,-46.3212,-163.2623,5
2026-08-01T07:41:08Z,-50.5627,3.1214,5
2026-08-01T13:42:08Z,-49.8539,-60.0598,e
2026-08-01T21:25:34Z,42.0345,60.8519,c
2026-08-01T01:42:21Z,-48.4054,-145.1601,i
2026-08-01T11:49:45Z,49.9005,-176.5087,3
2026-08-01T08:21:50Z,55.3953,-167.2610,5
2026-08-01T06:07:44Z,8.8560,31.8636,2
2026-08-01T23:39:18Z,-20.4490,-100.5267,8
2026-08-01T03:02:57Z,7.2679,49.5174,g
2026-08-01T00:29:59Z,39.4579,-88.8739,e
2026-08-01T19:45:42Z,39.7575,69.7938,c
2026-08-01T03:56:57Z,-7.6583,-93.1597,9
2026-08-01T15:40:22Z,-27.3906,153.5723,1
2026-08-01T18:06:44Z,42.9500,76.0063,5
2026-08-01T16:13:22Z,4.6259,101.8606,m
2026-08-01T06:56:09Z,-30.2062,-174.7966,o
2026-08-01T04:54:59Z,-9.2709,154.2527,y
2026-08-01T21:51:15Z,-9.2768,71.6509,z
2026-08-01T01:16:52Z,-41.2572,64.1908,j
2026-08-01T16:39:21Z,-29.6367,54.4409,c
2026-08-01T06:11:55Z,-53.0650,64.6301,w
2026-08-01T09:58:38Z,40.4577,122.4758,l
2026-08-01T00:46:57Z,51.6327,157.4968,c
2026-08-01T05:00:45Z,4.8473,154.0071,a
2026-08-01T19:26:53Z,41.2035,-22.6352,p
2026-08-01T15:11:47Z,9.3612,177.8968,i
2026-08-01T11:37:10Z,48.5599,117.5635,z
2026-08-01T01:15:06Z,-27.9725,61.5135,i
2026-08-01T09:29:00Z,-44.2023,41.9558,s
2026-08-01T12:04:45Z,3.3558,-124.4294,q
2026-08-01T16:06:41Z,-21.4730,-137.6820,s
2026-08-01T03:16:11Z,-33.0915,166.2267,n
2026-08-01T21:14:53Z,51.6863,32.5457,n
2026-08-01T10:27:02Z,10.7253,-116.3239,v
2026-08-01T01:52:07Z,6.5529,-152.1346,{
2026-08-01T22:32:20Z,32.1733,-80.9363,j
2026-08-01T09:14:49Z,-42.4844,-32.0898,8
2026-08-01T09:27:25Z,-46.4767,35.8587,8
2026-08-01T07:28:21Z,-21.6650,-44.2032,3
2026-08-01T12:37:04Z,-37.2716,-5.9088,u
2026-08-01T14:55:43Z,56.4031,122.6167,f
2026-08-01T14:07:23Z,-49.8094,-45.7407,7
2026-08-01T09:29:55Z,-36.8939,57.6431,1
2026-08-01T13:50:17Z,-27.9480,-138.0370,p
2026-08-01T14:10:40Z,-45.4988,-30.6556,k
2026-08-01T12:42:32Z,-32.0388,12.8782,k
2026-08-01T08:31:52Z,-26.9743,20.3601,f
2026-08-01T18:53:41Z,-0.4346,-174.7207,p
2026-08-01T23:06:21Z,-0.5422,-69.8919,b
2026-08-01T01:33:59Z,-46.1275,167.1219,8
2026-08-01T14:06:05Z,-16.2513,166.2149,b
2026-08-01T23:33:05Z,37.8446,-20.0931,3
2026-08-01T16:30:25Z,22.1565,157.8911,o
2026-08-01T16:43:46Z,9.4710,118.8231,x
2026-08-01T03:36:22Z,1.2987,109.5979,0
2026-08-01T03:31:03Z,7.1314,-8.6307,y
2026-08-01T23:12:50Z,-8.2658,2.4917,6
2026-08-01T06:22:47Z,-35.7408,99.0051,r
2026-08-01T21:27:23Z,21.4491,68.8678,o
2026-08-01T09:13:00Z,-36.8023,-27.5244,f
2026-08-01T09:28:38Z,-35.3824,40.9068,{
2026-08-01T11:58:50Z,24.1327,-145.1458,y
2026-08-01T10:18:55Z,30.2285,-138.0810,k
2026-08-01T08:59:08Z,-6.6057,-79.9980,9
2026-08-01T23:53:30Z,-42.1779,124.7890,2
2026-08-01T06:27:47Z,-19.2583,120.6729,j
2026-08-01T12:36:07Z,54.1970,-92.1082,i
2026-08-01T06:43:14Z,31.4990,-83.2710,1
2026-08-01T00:16:24Z,-36.8961,55.2601,d
2026-08-01T18:44:47Z,-58.0981,-110.8479,g
2026-08-01T13:23:57Z,30.8201,-37.8815,e
2026-08-01T23:34:46Z,-43.0070,48.1733,m
2026-08-01T10:24:51Z,20.3160,-119.6286,i
2026-08-01T03:16:15Z,-31.1294,163.9347,{
2026-08-01T12:44:19Z,-59.6439,-154.6556,q
2026-08-01T21:50:12Z,-31.3613,26.8895,9
2026-08-01T01:33:42Z,41.6119,-163.7271,f
2026-08-01T02:08:17Z,56.2596,-43.2751,v
2026-08-01T18:17:24Z,16.0693,115.0974,e
2026-08-01T12:19:07Z,8.4162,145.6652,d
2026-08-01T04:36:28Z,51.0949,75.2610,t
2026-08-01T06:53:39Z,56.6874,-167.5329,b
2026-08-01T10:37:31Z,-20.2118,-90.0461,w
2026-08-01T08:38:19Z,46.2210,-135.8893,6
2026-08-01T11:31:14Z,13.3637,83.0398,a
2026-08-01T05:22:03Z,55.2925,70.4743,j
2026-08-01T00:47:37Z,-16.0378,-101.7165,z
2026-08-01T20:42:43Z,-17.9106,-90.7424,y
2026-08-01T17:56:21Z,45.7240,24.1262,2
2026-08-01T10:31:40Z,-0.6765,-109.3183,b
2026-08-01T00:11:56Z,54.3461,-111.5754,q
2026-08-01T22:05:48Z,-45.5188,-146.9762,n
2026-08-01T19:53:20Z,21.3570,88.2535,c
2026-08-01T07:55:13Z,-47.2085,76.3525,w
2026-08-01T14:20:08Z,-26.2415,-5.9768,v
2026-08-01T16:42:02Z,22.4702,135.2049,p
2026-08-01T12:27:56Z,41.4803,98.7442,a
2026-08-01T04:30:10Z,-40.8423,39.7328,x
2026-08-01T10:46:45Z,53.6156,-67.6182,o
2026-08-01T14:02:05Z,-8.7203,176.4015,1
2026-08-01T01:03:31Z,-6.3056,159.5475,g
2026-08-01T01:58:00Z,27.8803,-137.8461,c
2026-08-01T02:28:43Z,27.3903,-11.3185,r
2026-08-01T09:13:08Z,50.3450,-150.0930,b
2026-08-01T11:18:29Z,-1.6926,57.9356,w
2026-08-01T11:14:42Z,-12.4811,58.4981,4
2026-08-01T07:57:39Z,1.0914,174.6780,w
2026-08-01T06:48:15Z,36.7598,166.1538,{
2026-08-01T10:22:19Z,22.1016,-129.0376,m
2026-08-01T13:04:20Z,-37.6279,57.4538,h
2026-08-01T22:25:04Z,22.0023,-133.8121,f
2026-08-01T23:42:39Z,19.9067,-132.9363,g
2026-08-01T09:01:56Z,11.4034,-170.7400,c
2026-08-01T11:28:41Z,-42.4836,-158.5399,o
2026-08-01T15:27:41Z,48.9833,-127.9083,y
2026-08-01T21:56:12Z,-48.8833,155.6353,9
2026-08-01T15:02:00Z,38.1328,147.4027,i
2026-08-01T00:51:34Z,0.9740,-150.5533,f
2026-08-01T21:31:50Z,2.6519,75.4234,}
2026-08-01T14:03:16Z,-4.3692,82.5343,q
2026-08-01T07:40:15Z,54.6923,122.0736,q
2026-08-01T20:10:08Z,-37.3329,139.2435,f
2026-08-01T03:45:22Z,43.1363,-111.2000,7
2026-08-01T09:36:09Z,-28.3272,71.3977,d
2026-08-01T02:50:22Z,4.7679,-113.9196,l
2026-08-01T09:16:10Z,-47.0574,-18.2937,n
2026-08-01T14:09:51Z,45.6478,-92.5607,l
2026-08-01T09:19:19Z,57.5787,114.7362,z
2026-08-01T06:37:13Z,-6.9531,67.9053,w
2026-08-01T21:42:58Z,-28.0670,104.0395,q
2026-08-01T00:16:29Z,-35.7986,121.3165,z
2026-08-01T07:11:53Z,32.6825,-74.2700,c
2026-08-01T10:38:28Z,-57.7118,-29.3433,f
2026-08-01T10:23:20Z,22.0756,-124.2278,3
2026-08-01T18:50:56Z,47.6979,-44.5909,x
2026-08-01T20:46:54Z,29.1630,-19.3356,t
2026-08-01T00:19:55Z,-58.9289,142.7469,h
2026-08-01T07:16:44Z,17.3116,-72.5298,v
2026-08-01T16:19:07Z,41.3686,-158.2592,m
2026-08-01T22:40:01Z,-28.8313,-36.1736,6
2026-08-01T22:01:11Z,-43.5288,-166.3754,a
2026-08-01T13:05:29Z,44.8626,73.4654,4
2026-08-01T23:01:12Z,21.0488,45.5086,r
2026-08-01T04:50:05Z,-28.8051,142.4219,u
2026-08-01T23:10:08Z,-9.6045,138.7394,0
2026-08-01T04:02:39Z,31.6889,-29.2567,q
2026-08-01T09:38:10Z,-15.6126,72.3607,j
2026-08-01T10:42:41Z,-32.1387,-85.3789,8
2026-08-01T12:44:37Z,48.5591,176.2079,k
2026-08-01T16:44:01Z,19.1453,146.4289,3
2026-08-01T10:54:42Z,-7.8410,-98.7807,g
2026-08-01T20:54:31Z,25.2390,-72.6568,n
2026-08-01T02:38:39Z,33.6179,109.8450,3
2026-08-01T19:55:18Z,15.8399,99.6955,v
2026-08-01T08:14:06Z,-18.1164,-54.1548,m
2026-08-01T12:40:09Z,-34.4031,2.8524,w
2026-08-01T12:24:00Z,-50.0617,-80.0087,a
2026-08-01T12:33:21Z,-46.8575,-21.9701,h
2026-08-01T08:43:09Z,31.8324,-118.8139,u
2026-08-01T04:00:43Z,-20.7996,27.0954,}
2026-08-01T16:59:53Z,11.4740,176.0951,z
2026-08-01T17:01:07Z,-35.5193,-175.3824,9
2026-08-01T08:58:44Z,-15.3562,-29.5893,r
2026-08-01T10:54:36Z,-53.9623,-26.2613,7
2026-08-01T10:07:59Z,53.1070,170.5958,g
2026-08-01T16:06:55Z,-10.9937,125.3594,4
2026-08-01T06:38:07Z,26.0882,-76.8966,6
2026-08-01T11:05:25Z,6.6759,151.3038,z
2026-08-01T07:36:20Z,-45.9205,-14.4790,w
2026-08-01T15:11:13Z,14.3412,177.2310,4
2026-08-01T00:42:07Z,51.6451,-33.2213,r
2026-08-01T00:01:57Z,-41.4311,-167.8396,y
2026-08-01T07:39:22Z,-20.7902,-32.7165,6
2026-08-01T13:25:02Z,43.8378,165.0570,a
2026-08-01T10:53:20Z,-57.0875,-39.0615,w
2026-08-01T00:44:44Z,43.0025,-11.7842,v
2026-08-01T09:34:01Z,1.3739,68.0258,b
2026-08-01T13:58:45Z,-49.9588,-101.4678,6
2026-08-01T09:51:53Z,23.0802,97.4645,a
2026-08-01T19:50:40Z,29.4786,93.0945,r
2026-08-01T18:13:57Z,-34.4453,39.9686,w
2026-08-01T17:08:35Z,-47.0554,-138.7836,f
2026-08-01T22:55:16Z,39.2855,26.7660,0
2026-08-01T05:00:08Z,-0.5166,155.7916,f
2026-08-01T09:05:31Z,-27.9359,-68.1251,k
2026-08-01T14:58:32Z,43.4917,137.1299,1
2026-08-01T10:16:42Z,42.8766,-144.2762,5
2026-08-01T00:04:05Z,-34.6123,-151.3189,l
2026-08-01T16:06:57Z,18.4995,4.6936,h
2026-08-01T17:25:30Z,26.8440,30.0052,q
2026-08-01T01:31:32Z,-47.5370,156.0160,0
2026-08-01T21:22:04Z,38.2805,60.4093,z
2026-08-01T04:27:45Z,-35.6630,33.7484,z
2026-08-01T00:46:35Z,-5.8854,-77.1189,p
2026-08-01T09:29:11Z,13.2268,-101.9985,2
2026-08-01T07:25:16Z,9.1860,-148.7145,0
2026-08-01T20:59:00Z,2.3398,-124.1381,u
2026-08-01T19:07:08Z,-51.3340,-150.3200,3
2026-08-01T08:40:03Z,7.2508,112.5837,v
2026-08-01T02:58:41Z,-51.6836,79.3147,o
2026-08-01T01:09:56Z,40.4222,-95.8438,c
2026-08-01T13:43:12Z,-9.6704,-151.8447,m
2026-08-01T20:18:05Z,-17.4334,-10.6224,3
2026-08-01T05:31:10Z,41.0512,-82.4332,m
2026-08-01T07:59:30Z,-28.8679,88.0507,6
2026-08-01T10:43:32Z,-7.8341,94.7379,1
2026-08-01T20:33:48Z,35.3668,79.5871,v
2026-08-01T06:31:51Z,-12.4800,134.5615,f
2026-08-01T13:33:58Z,23.5047,-161.4939,z
2026-08-01T03:15:15Z,-30.7354,157.2244,t
2026-08-01T01:37:47Z,-37.3095,175.6641,j
2026-08-01T12:04:16Z,28.8499,-121.2947,v
2026-08-01T08:21:13Z,-1.8437,64.8691,6
2026-08-01T12:57:52Z,46.6226,-34.9899,u
2026-08-01T07:07:26Z,-46.7344,-55.8833,f
2026-08-01T17:15:33Z,-57.9196,-102.5034,o
2026-08-01T12:08:38Z,0.4764,63.4257,3
2026-08-01T11:16:08Z,-3.1551,54.1191,g
2026-08-01T03:53:31Z,46.8803,162.9951,4
2026-08-01T10:05:20Z,54.5461,161.6267,g
2026-08-01T06:45:11Z,24.8735,159.6232,g
2026-08-01T04:33:58Z,-46.6094,54.3572,e
2026-08-01T14:34:09Z,16.4951,26.1910,}
2026-08-01T14:48:58Z,-18.4375,-158.7143,5
2026-08-01T01:44:46Z,46.5191,170.0701,z
2026-08-01T07:19:16Z,6.3025,-69.6239,d
2026-08-01T11:37:19Z,45.7619,123.6296,x
2026-08-01T20:05:47Z,-21.0999,124.9774,y
2026-08-01T08:48:26Z,20.7019,-99.1781,u
2026-08-01T00:12:25Z,-3.6812,-136.0207,r
2026-08-01T17:00:34Z,-37.5379,176.5045,n
2026-08-01T07:28:22Z,-15.6941,-42.2097,g
2026-08-01T19:13:46Z,-0.0309,-54.1356,w
2026-08-01T13:06:52Z,-15.2565,-76.3514,m
2026-08-01T15:08:50Z,17.7034,166.4818,e
2026-08-01T00:38:54Z,-51.6328,170.0088,2
2026-08-01T23:13:56Z,-29.2448,165.9845,x
2026-08-01T15:36:04Z,-43.7250,-85.4710,4
2026-08-01T17:17:13Z,-36.5057,-21.9663,0
2026-08-01T09:45:12Z,9.4075,93.1870,9
2026-08-01T22:02:19Z,-54.5840,-163.3033,r
2026-08-01T11:25:37Z,19.4341,72.8846,t
2026-08-01T19:10:00Z,-26.0539,-46.2039,4
2026-08-01T22:20:30Z,-12.1900,2.2115,n
2026-08-01T15:54:57Z,24.4274,-53.2777,0
2026-08-01T11:04:39Z,-46.1097,28.5418,q
2026-08-01T16:13:51Z,29.4594,8.6356,p
2026-08-01T15:14:03Z,-40.3242,-4.2961,q
2026-08-01T08:42:55Z,39.6176,-116.0523,d
2026-08-01T21:09:58Z,-18.4916,170.8117,7
2026-08-01T17:42:15Z,16.8501,-24.4383,i
2026-08-01T21:02:08Z,44.9480,-41.5187,t
2026-08-01T14:48:52Z,-15.4198,-100.5408,p
2026-08-01T08:19:24Z,38.1021,128.5700,x
2026-08-01T18:23:45Z,-22.2497,158.8577,8
2026-08-01T12:47:50Z,-21.0914,31.7293,6
2026-08-01T14:48:32Z,23.6776,57.1852,6
2026-08-01T02:33:18Z,16.6946,1.8111,h
2026-08-01T03:45:35Z,57.9265,-115.9040,8
2026-08-01T23:04:27Z,-16.7686,-144.8455,9
2026-08-01T06:39:11Z,-8.4067,121.3760,f
2026-08-01T07:17:33Z,11.1534,-68.3556,l
2026-08-01T00:52:13Z,34.7476,8.9478,m
2026-08-01T13:22:46Z,41.3458,155.6475,i
2026-08-01T08:46:13Z,24.8061,-135.6912,e
2026-08-01T22:40:38Z,53.1614,-46.6032,_
2026-08-01T16:55:32Z,26.4599,161.6807,5
2026-08-01T20:28:05Z,-46.5576,-135.8143,7
2026-08-01T19:25:13Z,29.7467,162.5240,v
2026-08-01T03:01:15Z,-54.2630,176.4943,v
2026-08-01T03:31:04Z,15.6278,-114.4740,l
2026-08-01T20:32:44Z,-36.7182,-91.6581,s
2026-08-01T17:47:27Z,27.4920,-12.0468,f
2026-08-01T02:24:39Z,35.6293,-13.2879,w
2026-08-01T11:26:10Z,20.5313,74.1378,q
2026-08-01T23:33:15Z,43.0940,85.9679,2
2026-08-01T11:45:07Z,53.4567,162.3248,b
2026-08-01T16:48:10Z,-17.8966,-100.9883,8
2026-08-01T18:49:58Z,-47.8130,-135.0696,x
2026-08-01T11:14:56Z,-5.3886,52.6235,m
2026-08-01T11:13:37Z,-14.8760,54.9352,4
2026-08-01T15:15:31Z,2.8515,-178.4185,r
2026-08-01T19:00:37Z,47.8058,-104.2888,b
2026-08-01T00:17:33Z,-2.1465,-21.7826,t
2026-08-01T03:27:55Z,-40.9091,-73.0829,n
2026-08-01T03:46:50Z,51.9426,-109.8429,k
2026-08-01T22:23:47Z,5.6504,-103.7123,{
2026-08-01T09:16:33Z,-30.2873,-68.3947,b
2026-08-01T03:02:04Z,-56.9052,98.3301,8
2026-08-01T13:12:35Z,-3.8824,165.8727,h
2026-08-01T21:53:58Z,57.3395,-169.3319,k
2026-08-01T01:04:12Z,-3.6954,43.3321,m
2026-08-01T10:36:27Z,-17.3861,-87.8314,m
2026-08-01T02:49:48Z,33.7024,-64.4953,r
2026-08-01T17:27:50Z,-56.7324,-22.1712,r
2026-08-01T01:29:29Z,-45.7019,142.2869,v
2026-08-01T06:19:07Z,-41.9961,93.5698,s
2026-08-01T13:21:06Z,-26.5813,-70.2513,7
2026-08-01T21:27:11Z,-42.4089,22.8467,x
2026-08-01T13:47:34Z,34.8184,17.7597,p
2026-08-01T13:30:20Z,28.6084,-169.3506,t
2026-08-01T00:25:40Z,30.7609,-107.7082,l
2026-08-01T18:27:40Z,-11.6907,-71.3146,p
2026-08-01T10:52:08Z,-53.2710,-40.0002,2
2026-08-01T15:51:34Z,3.0059,53.6836,w
2026-08-01T22:47:20Z,52.0911,-8.5652,l
2026-08-01T17:29:23Z,-27.7650,-58.5803,d
2026-08-01T11:32:41Z,52.8669,165.7564,x
2026-08-01T04:39:05Z,-25.5425,61.1870,n
2026-08-01T12:57:51Z,15.7807,48.0126,d
2026-08-01T14:44:58Z,11.7931,38.1764,d
2026-08-01T22:20:48Z,-26.0750,-170.9179,z
2026-08-01T09:21:16Z,-57.1692,13.7674,8
2026-08-01T12:07:57Z,-15.4943,-49.6465,2
2026-08-01T09:09:44Z,-38.1115,-56.4073,a
2026-08-01T02:05:10Z,-32.6559,138.0021,f
2026-08-01T15:37:24Z,-30.0507,-133.1195,}
2026-08-01T06:18:06Z,-22.8074,17.2709,v
2026-08-01T08:08:52Z,-12.0835,117.7526,n
2026-08-01T06:02:02Z,6.3473,66.6129,4
2026-08-01T09:13:23Z,37.9149,2.7011,x
2026-08-01T08:44:49Z,34.8186,-108.3857,m
2026-08-01T14:15:46Z,21.4867,73.6396,c
2026-08-01T17:48:25Z,36.5244,-122.8460,u
2026-08-01T08:10:03Z,-0.6565,106.1731,i
2026-08-01T18:28:52Z,-17.3866,139.6607,5
2026-08-01T22:22:25Z,42.2882,-156.7030,0
2026-08-01T00:49:15Z,38.6540,7.2186,e
2026-08-01T00:46:33Z,18.3471,58.6156,g
2026-08-01T23:27:57Z,-50.7816,121.1410,1
2026-08-01T12:48:53Z,-16.3756,29.9965,t
2026-08-01T15:46:48Z,-43.8605,-55.4379,6
2026-08-01T11:37:01Z,51.7930,71.7289,0
2026-08-01T15:34:55Z,-43.4221,-114.9828,0
2026-08-01T06:26:12Z,-32.4192,113.6975,f
2026-08-01T11:28:39Z,34.3427,89.8251,r
2026-08-01T21:30:56Z,4.7035,75.1893,e
2026-08-01T15:46:54Z,-47.4523,-47.3903,f
2026-08-01T12:22:43Z,-57.1310,134.1090,x
2026-08-01T01:32:37Z,-43.1648,153.8077,3
2026-08-01T15:58:06Z,-13.0342,-28.7027,f
2026-08-01T13:48:56Z,39.2654,67.2825,7
2026-08-01T08:46:18Z,33.2790,-104.5396,j
2026-08-01T04:59:31Z,-0.2189,158.7563,8
2026-08-01T08:30:10Z,-35.1072,-24.5462,6
2026-08-01T07:34:04Z,17.3989,-67.1347,3
2026-08-01T16:52:41Z,-46.5510,-70.2360,l
2026-08-01T09:47:51Z,23.2762,167.3512,y
2026-08-01T16:18:50Z,23.8887,67.3003,l
2026-08-01T00:30:23Z,46.1870,-94.8503,u
2026-08-01T19:25:19Z,32.4209,-19.9442,r
2026-08-01T02:45:15Z,-44.0978,25.6079,m
2026-08-01T06:53:13Z,-39.3385,-156.4410,6
2026-08-01T06:12:57Z,-51.6084,63.8210,t
2026-08-01T06:22:43Z,-22.7991,-11.6790,p
2026-08-01T10:07:09Z,44.7314,168.5423,o
2026-08-01T18:51:30Z,-27.9138,-139.4818,6
2026-08-01T19:47:44Z,41.7151,79.1819,8
2026-08-01T11:38:40Z,-10.9356,131.7254,v
2026-08-01T13:40:52Z,33.2254,156.7427,z
2026-08-01T08:12:54Z,-47.5479,43.5777,l
2026-08-01T01:43:57Z,-19.2651,-166.9252,q
2026-08-01T12:51:36Z,28.8350,124.3875,{
2026-08-01T11:41:30Z,7.1945,153.3549,d
2026-08-01T03:12:19Z,-42.7771,153.8943,4
2026-08-01T00:40:43Z,-7.2443,-150.8168,0
2026-08-01T15:38:26Z,-52.1513,-104.7635,s
2026-08-01T12:38:34Z,22.8673,169.4048,5
2026-08-01T22:21:09Z,-5.0654,-114.1075,m
2026-08-01T10:47:19Z,-45.6069,-66.1451,y
2026-08-01T07:55:03Z,-34.4061,75.9967,q
2026-08-01T15:34:57Z,-15.7052,82.3125,r
2026-08-01T08:36:16Z,-34.4537,-47.5450,a
2026-08-01T03:24:23Z,-4.8683,-174.7430,4
2026-08-01T20:45:14Z,-1.7988,-83.6387,1
2026-08-01T17:20:18Z,38.2858,-97.3211,_
2026-08-01T14:34:23Z,20.8515,30.3196,w
2026-08-01T18:16:34Z,21.5583,111.9600,}
2026-08-01T20:22:47Z,17.7916,164.4327,9
2026-08-01T20:38:43Z,-19.3922,-98.5104,f
2026-08-01T06:18:11Z,27.5612,5.2248,i
2026-08-01T15:54:53Z,-27.0794,-32.8175,6
2026-08-01T07:04:06Z,55.2825,-119.4756,k
2026-08-01T07:54:12Z,46.8504,-141.1446,j
2026-08-01T12:07:27Z,-8.0542,-120.0770,q
2026-08-01T07:24:27Z,-38.7632,-9.1593,z
2026-08-01T23:34:22Z,-20.5400,96.3358,l
2026-08-01T01:04:31Z,-5.9845,39.9254,7
2026-08-01T20:52:11Z,-38.6161,-154.2745,6
2026-08-01T15:22:26Z,-21.3518,-161.3643,j
2026-08-01T08:35:33Z,51.7035,-146.1013,7
2026-08-01T02:54:09Z,-44.8292,60.9043,p
2026-08-01T12:37:46Z,-35.1611,-7.5988,k
2026-08-01T11:21:35Z,10.3198,-112.9255,v
2026-08-01T07:44:32Z,20.1067,49.7813,8
2026-08-01T10:46:37Z,-34.9540,97.3769,g
2026-08-01T16:45:15Z,12.4581,155.3669,}
2026-08-01T02:09:50Z,43.2207,-95.9021,q
2026-08-01T01:49:46Z,-5.8851,-151.7058,c
2026-08-01T10:26:29Z,31.2041,22.1041,c
2026-08-01T20:14:43Z,-41.2945,149.4115,s
2026-08-01T03:46:41Z,49.1872,-105.1702,6
2026-08-01T15:22:51Z,-17.8750,-161.4966,n
2026-08-01T16:09:00Z,10.0782,105.1529,4
2026-08-01T00:50:28Z,41.9237,5.3732,r
2026-08-01T01:11:08Z,-9.4155,-135.5379,w
2026-08-01T17:53:16Z,52.2730,-42.8562,9
2026-08-01T00:32:07Z,35.0055,-55.8000,n
2026-08-01T11:06:45Z,-35.9619,30.8592,e
2026-08-01T17:07:16Z,12.6601,-2.5325,p
2026-08-01T22:48:14Z,51.3363,0.0964,8
2026-08-01T03:00:19Z,-58.6010,91.2615,6
2026-08-01T15:43:23Z,-53.5162,-65.3676,2
2026-08-01T07:40:45Z,14.8483,-135.8918,f
2026-08-01T03:39:54Z,26.7311,39.5058,5
2026-08-01T21:04:29Z,48.5518,-37.9199,1
2026-08-01T10:37:26Z,-20.8512,-100.7529,x
2026-08-01T10:23:02Z,22.7453,-124.2177,t
2026-08-01T03:56:10Z,29.2779,-25.9231,9
2026-08-01T00:21:02Z,45.1900,8.6379,g
2026-08-01T13:28:33Z,35.9553,175.6227,u
2026-08-01T18:46:35Z,58.3077,-169.9331,r
2026-08-01T08:36:06Z,49.3795,-147.8624,j
2026-08-01T07:48:33Z,-57.6059,38.7514,e
2026-08-01T04:42:30Z,-41.4353,104.5271,c
2026-08-01T23:26:04Z,-52.3759,109.9734,a
2026-08-01T05:09:25Z,26.7214,176.9115,}
2026-08-01T11:54:15Z,31.9351,-155.6911,b
2026-08-01T20:36:59Z,47.1664,117.8804,b
2026-08-01T09:38:36Z,-43.4388,-152.0128,b
2026-08-01T06:31:00Z,12.2436,2.4220,d
2026-08-01T15:44:37Z,-43.0535,-62.0245,r
2026-08-01T20:33:56Z,-40.9742,-115.3732,b
2026-08-01T15:30:46Z,-30.6680,-86.1239,y
2026-08-01T19:16:51Z,3.7691,-154.7911,l
2026-08-01T22:34:37Z,37.7654,-75.6120,j
2026-08-01T19:42:06Z,-8.5207,-70.0088,z
2026-08-01T13:30:26Z,29.9271,179.4068,g
2026-08-01T17:03:40Z,-43.9323,-167.5315,u
2026-08-01T01:56:06Z,9.4614,-96.4828,v
2026-08-01T10:32:26Z,59.7177,5.3778,a
2026-08-01T19:58:56Z,-3.3370,106.8713,8
2026-08-01T19:30:57Z,0.5797,-26.3479,i
2026-08-01T21:13:40Z,-40.2202,-92.3558,_
2026-08-01T13:26:55Z,-56.5878,-114.1547,j
2026-08-01T16:47:01Z,2.2194,150.1851,d
2026-08-01T14:06:48Z,-50.5080,-63.1156,v
2026-08-01T11:30:06Z,41.1875,93.2894,l
2026-08-01T12:21:30Z,-49.1612,171.7740,r
2026-08-01T00:02:40Z,-45.2286,-162.6583,o
2026-08-01T11:31:58Z,-21.3458,73.6632,j
2026-08-01T09:25:09Z,-50.3447,28.7647,7
2026-08-01T07:15:18Z,22.2492,-176.4241,1
2026-08-01T03:02:25Z,17.7809,-129.9658,4
2026-08-01T08:08:50Z,5.3263,109.4352,7
2026-08-01T21:11:31Z,46.3154,8.5168,y
2026-08-01T02:19:56Z,45.3922,-43.3881,u
2026-08-01T10:39:48Z,59.9110,83.1242,1
2026-08-01T20:21:21Z,-57.3090,-169.9216,k
2026-08-01T18:30:13Z,-17.1599,146.4669,r
2026-08-01T02:53:36Z,50.1050,-61.6071,7
2026-08-01T01:13:12Z,-24.9949,62.5666,e
2026-08-01T08:48:29Z,16.3237,-105.6412,e
2026-08-01T13:04:41Z,-14.5420,-8.2551,a
2026-08-01T06:58:04Z,53.2730,-146.4667,{
2026-08-01T18:48:09Z,45.5795,-57.0356,v
2026-08-01T22:38:40Z,0.1222,-134.3641,k
2026-08-01T06:55:50Z,55.1088,-157.5216,9
2026-08-01T18:14:40Z,21.2582,106.9175,e
2026-08-01T20:59:12Z,40.9182,-52.0934,6
2026-08-01T07:39:13Z,8.0484,153.0110,2
2026-08-01T19:50:47Z,26.0158,99.0891,y
2026-08-01T06:05:18Z,-45.1552,12.3918,0
2026-08-01T01:35:53Z,-39.1993,161.0099,k
2026-08-01T14:00:11Z,37.9017,-95.9324,t
2026-08-01T05:43:19Z,8.0697,-51.2343,w
2026-08-01T02:25:01Z,27.4086,58.5409,d
2026-08-01T12:35:07Z,54.8200,-72.7958,k
2026-08-01T03:31:25Z,-34.1455,56.4941,h
2026-08-01T14:30:25Z,-58.7810,128.2972,6
2026-08-01T04:06:01Z,18.4803,-23.6016,8
2026-08-01T09:48:00Z,-20.1587,-57.5889,b
2026-08-01T21:50:07Z,-47.7396,132.0116,p
2026-08-01T17:41:29Z,13.1341,-20.5549,8
2026-08-01T00:27:31Z,17.9797,-50.8324,w
2026-08-01T19:37:43Z,2.9104,-23.2316,r
2026-08-01T10:31:13Z,34.9482,-37.0083,g
2026-08-01T18:32:25Z,-26.6524,147.7803,b
2026-08-01T11:59:45Z,12.4762,-143.6632,n
2026-08-01T04:18:32Z,-15.8477,5.5439,v
2026-08-01T16:53:14Z,-58.2231,-175.2089,x
2026-08-01T09:59:39Z,22.7381,-155.4625,s
2026-08-01T23:35:35Z,-49.9105,165.0181,7
2026-08-01T06:27:26Z,-10.3643,-146.4130,f
2026-08-01T12:14:05Z,-8.4046,-4.3775,n
2026-08-01T04:23:02Z,-35.8810,12.0302,}
2026-08-01T18:04:23Z,48.0176,67.5203,j
2026-08-01T00:06:00Z,-40.7906,122.9954,b
2026-08-01T17:18:26Z,-49.8151,-90.5937,h
2026-08-01T23:24:09Z,-54.6679,-174.1858,w
2026-08-01T11:38:54Z,50.3859,120.4335,4
2026-08-01T00:04:40Z,-34.2625,-155.4627,p
2026-08-01T18:06:04Z,44.6064,73.5655,o
2026-08-01T19:01:31Z,-16.7666,14.3925,1
2026-08-01T08:22:28Z,48.7542,-33.9882,0
2026-08-01T10:44:19Z,25.4057,140.6561,r
2026-08-01T21:28:45Z,9.5249,76.6656,2
2026-08-01T02:55:48Z,-56.4661,138.0488,w
2026-08-01T09:58:44Z,44.4486,124.3343,h
2026-08-01T21:57:06Z,-53.6511,168.0310,a
2026-08-01T05:08:13Z,18.4000,178.1508,6
2026-08-01T07:23:38Z,-48.7907,-22.6504,s
2026-08-01T22:20:35Z,1.2232,-109.0967,a
2026-08-01T19:49:33Z,31.2988,82.0075,3
2026-08-01T03:25:31Z,-21.0450,-162.5903,s
2026-08-01T08:44:48Z,38.0411,62.5664,a
2026-08-01T16:06:53Z,35.2632,-125.8255,x
2026-08-01T17:56:42Z,53.0354,24.0141,v
2026-08-01T16:52:27Z,26.9998,158.5620,m
2026-08-01T12:32:24Z,-43.4203,-40.0032,g
2026-08-01T11:24:48Z,11.2857,76.6851,p
2026-08-01T15:25:21Z,8.3993,-157.7540,f
2026-08-01T14:46:37Z,20.6197,89.1376,t
2026-08-01T05:55:42Z,-28.6064,-16.5227,0
2026-08-01T04:00:08Z,-1.7982,-81.2555,f
2026-08-01T12:55:54Z,7.6994,41.2742,b
2026-08-01T18:21:41Z,21.1767,0.1402,1
2026-08-01T10:11:30Z,-35.4730,-157.1249,h
2026-08-01T22:40:30Z,51.3007,-52.9883,{
2026-08-01T15:43:20Z,4.0171,28.4325,y
2026-08-01T08:47:07Z,-5.8580,-60.2257,i
2026-08-01T20:35:35Z,-28.0413,-113.8948,s
2026-08-01T08:34:34Z,4.6121,29.3884,}
2026-08-01T16:21:20Z,44.0306,47.4328,y
2026-08-01T16:35:50Z,35.5542,127.8370,2
2026-08-01T21:24:45Z,34.8711,-49.6968,h
2026-08-01T01:45:47Z,-25.3970,-43.2736,l
2026-08-01T02:28:12Z,33.1862,-4.8307,h
2026-08-01T18:20:37Z,-41.7971,163.3329,c
2026-08-01T12:53:17Z,-32.5555,-57.2827,j
2026-08-01T08:54:22Z,7.5092,-89.7004,6
2026-08-01T18:10:53Z,40.5498,43.3977,v
2026-08-01T18:24:28Z,-4.4228,133.6011,z
2026-08-01T18:21:56Z,-26.9272,74.8923,a
2026-08-01T22:08:22Z,-42.5866,-139.8779,_
2026-08-01T18:34:02Z,-29.0652,145.5161,f
2026-08-01T05:25:40Z,50.8252,-105.1530,m
2026-08-01T17:02:56Z,-4.9460,-82.8462,z
2026-08-01T14:41:14Z,39.5336,45.6691,v
2026-08-01T08:30:53Z,46.9234,177.5495,v
2026-08-01T09:06:17Z,-34.2096,-66.4432,j
2026-08-01T08:55:38Z,-38.2011,-131.2510,g
2026-08-01T06:49:27Z,39.3668,165.8796,k
2026-08-01T16:36:05Z,-23.5519,48.6693,w
2026-08-01T01:31:00Z,-51.9208,148.8800,z
2026-08-01T21:00:27Z,-28.0074,162.9966,z
2026-08-01T20:56:07Z,-50.4256,-69.6598,4
2026-08-01T11:05:49Z,-22.3739,-131.4363,8
2026-08-01T15:47:04Z,17.6804,7.3220,b
2026-08-01T04:16:36Z,-19.7715,-2.2096,}
2026-08-01T02:22:19Z,-2.4867,-0.0570,1
2026-08-01T07:06:33Z,14.3712,-25.0440,e
2026-08-01T08:17:59Z,29.4675,130.7274,5
2026-08-01T22:10:04Z,-11.8016,-113.8666,{
2026-08-01T09:56:01Z,-0.4623,91.8966,s
2026-08-01T14:31:50Z,-55.2470,-87.1551,l
2026-08-01T21:53:32Z,-39.9926,-35.7589,{
2026-08-01T05:00:44Z,-29.8187,-74.4296,p
2026-08-01T03:16:02Z,-29.0746,157.8296,f
2026-08-01T22:16:23Z,-19.2138,-117.2847,x
2026-08-01T16:46:42Z,-7.4794,99.7359,v
2026-08-01T22:54:46Z,37.1738,24.5135,l
2026-08-01T02:20:34Z,53.7275,-96.9278,a
2026-08-01T05:32:49Z,38.3997,-68.8911,u
2026-08-01T14:23:58Z,-17.8338,6.1709,u
2026-08-01T01:14:46Z,15.2788,-155.5494,b
2026-08-01T17:15:31Z,8.3459,131.1931,x
2026-08-01T12:23:57Z,-52.4834,-84.5946,g
2026-08-01T14:03:14Z,-27.6536,55.0443,x
2026-08-01T18:47:44Z,29.2592,-142.9655,q
2026-08-01T12:07:52Z,-6.1016,-131.3071,s
2026-08-01T09:14:09Z,20.1918,97.5499,4
2026-08-01T06:59:11Z,54.9227,-136.3879,f
2026-08-01T22:33:35Z,30.6833,-81.5800,s
2026-08-01T23:40:12Z,-37.6819,-174.8648,j
2026-08-01T19:51:19Z,20.1793,-92.0988,6
2026-08-01T07:31:48Z,-33.7375,-35.7727,u
2026-08-01T14:11:41Z,25.2725,-42.0116,b
2026-08-01T21:21:50Z,28.2047,62.0456,7
2026-08-01T16:23:15Z,-36.8805,168.5039,n
2026-08-01T12:25:36Z,21.1644,148.0553,}
2026-08-01T11:31:29Z,22.8505,178.0038,{
2026-08-01T05:13:01Z,40.8230,-173.1188,8
2026-08-01T12:59:29Z,22.4159,49.3223,p
2026-08-01T17:11:53Z,-53.3581,-126.5015,d
2026-08-01T01:36:47Z,-41.6055,176.5373,f
2026-08-01T03:14:35Z,-30.5869,165.6529,t
2026-08-01T09:27:46Z,-58.8320,-13.9571,7
2026-08-01T04:45:06Z,-31.6207,131.1181,v
2026-08-01T12:36:15Z,19.4550,-19.2340,e
2026-08-01T00:20:36Z,-47.4946,161.7431,5
2026-08-01T23:09:34Z,14.3157,142.6404,o
2026-08-01T12:17:13Z,-21.2474,177.2428,4
2026-08-01T16:06:37Z,13.0057,-1.2837,p
2026-08-01T06:36:47Z,9.4643,-114.5417,3
2026-08-01T15:09:29Z,18.8070,166.7693,b
2026-08-01T15:05:01Z,28.3195,-153.9357,l
2026-08-01T10:04:52Z,54.1005,153.6501,z
2026-08-01T21:56:44Z,-52.9316,162.2772,w
2026-08-01T17:16:55Z,-53.4861,-97.7663,8
2026-08-01T23:46:28Z,28.5164,-121.9360,7
2026-08-01T13:32:33Z,23.8224,-167.6606,5
2026-08-01T19:55:07Z,-27.1856,64.5569,_
2026-08-01T00:11:54Z,45.8092,-59.8752,y
2026-08-01T21:08:58Z,54.3247,-11.4875,1
2026-08-01T13:44:54Z,12.7011,114.4092,}
2026-08-01T06:34:28Z,6.7083,132.0644,9
2026-08-01T16:18:49Z,-52.9721,-60.1352,_
2026-08-01T23:16:52Z,-23.8036,71.0091,6
2026-08-01T14:43:35Z,33.7207,118.8847,j
2026-08-01T07:55:22Z,-40.4727,80.2186,v
2026-08-01T19:00:45Z,42.6119,20.5110,w
2026-08-01T20:04:48Z,-13.5999,127.9443,3
2026-08-01T06:28:04Z,-17.2092,120.8866,k
2026-08-01T12:34:31Z,58.5324,71.9959,j
2026-08-01T21:17:37Z,44.1436,37.8864,u
2026-08-01T04:14:31Z,49.9111,-126.3902,q
2026-08-01T18:47:02Z,-46.8637,-65.1064,8
2026-08-01T00:03:57Z,-34.6630,-162.5299,_
2026-08-01T04:03:47Z,-4.6113,-87.1246,e
2026-08-01T10:24:32Z,-2.0873,80.6960,l
2026-08-01T21:37:14Z,-20.9828,103.0850,u
2026-08-01T05:56:33Z,-11.1847,-45.6835,_
2026-08-01T17:21:07Z,-40.3521,-83.1013,u
2026-08-01T10:36:26Z,22.5925,-124.8509,c
2026-08-01T17:27:55Z,-34.0211,-52.5446,3
2026-08-01T00:14:44Z,-7.2365,-130.3035,y
2026-08-01T12:39:53Z,-5.2186,91.3425,h
2026-08-01T03:37:43Z,36.4456,-149.3542,o
2026-08-01T15:18:20Z,-47.2351,127.1558,6
2026-08-01T20:55:52Z,-48.5865,-167.8226,1
2026-08-01T12:22:03Z,-22.8533,107.3441,4
2026-08-01T22:43:37Z,28.5457,136.1864,u
2026-08-01T13:08:24Z,40.4256,77.8499,t
2026-08-01T15:55:20Z,33.9947,-129.9766,q
2026-08-01T12:00:33Z,-33.4847,-41.4619,z
2026-08-01T02:40:51Z,-6.8671,26.1227,m
2026-08-01T21:06:12Z,43.2881,-22.1784,i
2026-08-01T17:03:15Z,-35.9726,-176.0797,n
2026-08-01T18:52:13Z,-50.2696,-115.7751,6
2026-08-01T18:22:35Z,29.9609,-100.6404,y
2026-08-01T12:40:08Z,2.9509,-134.9874,f
2026-08-01T13:24:50Z,41.2913,161.6570,l
2026-08-01T06:24:22Z,-32.3534,111.0057,m
2026-08-01T17:17:06Z,-51.2211,-102.1857,c
2026-08-01T11:50:41Z,41.4722,-171.3171,j
2026-08-01T02:11:50Z,27.8730,75.6401,v
2026-08-01T05:04:23Z,18.2617,169.1352,q
2026-08-01T00:39:46Z,-14.6844,49.5850,0
2026-08-01T04:45:41Z,-38.0835,-120.6975,i
2026-08-01T23:27:00Z,-59.6843,-35.2484,o
2026-08-01T22:14:51Z,35.2798,-124.7010,{
2026-08-01T11:28:10Z,45.4295,56.8334,0
2026-08-01T08:49:59Z,-37.1296,27.6021,_
2026-08-01T16:36:25Z,37.9372,124.8805,9
2026-08-01T11:51:21Z,-59.5389,-114.3119,_
2026-08-01T12:16:34Z,-5.6250,-177.8357,5
2026-08-01T19:58:44Z,25.8601,115.3300,5
2026-08-01T01:26:17Z,-28.5357,128.4688,7
2026-08-01T18:54:47Z,53.0192,-69.6565,3
2026-08-01T01:14:40Z,-29.5637,64.8768,z
2026-08-01T20:03:47Z,-54.2607,-61.3244,q
2026-08-01T15:05:15Z,30.6315,151.3538,_
2026-08-01T09:54:41Z,34.3544,114.7079,p
2026-08-01T15:55:17Z,-51.4077,158.2165,e
2026-08-01T23:54:29Z,-11.9767,143.3980,y
2026-08-01T01:09:14Z,-16.6686,56.6526,0
2026-08-01T08:21:10Z,-20.7626,-3.0241,t
2026-08-01T00:57:48Z,16.1499,31.4578,g
2026-08-01T02:31:50Z,21.9717,-6.3252,h
2026-08-01T05:15:57Z,48.0061,-163.9480,k
2026-08-01T10:42:27Z,-33.1769,-84.4563,u
2026-08-01T23:24:37Z,59.4263,134.6056,q
2026-08-01T22:31:22Z,-49.1885,146.2579,g
2026-08-01T16:35:48Z,-22.7402,67.7420,o
2026-08-01T07:55:28Z,-39.0900,73.6848,3
2026-08-01T07:43:35Z,4.3211,-164.5627,u
2026-08-01T21:20:09Z,-28.5033,-148.1578,9
2026-08-01T18:09:34Z,43.4119,102.0222,p
2026-08-01T11:10:44Z,-34.2237,101.6788,2
2026-08-01T02:25:01Z,-12.3227,-63.2861,8
2026-08-01T13:57:46Z,-42.5538,-106.2423,p
2026-08-01T05:23:48Z,50.4951,-113.4951,l
2026-08-01T02:10:37Z,-37.2431,68.6485,j
2026-08-01T05:31:17Z,43.1089,-79.2632,1
2026-08-01T03:56:22Z,39.7346,-54.2900,v
2026-08-01T00:08:17Z,48.2387,-166.1651,w
2026-08-01T02:23:56Z,-8.9308,-84.8706,1
2026-08-01T04:30:50Z,-5.8548,-178.7595,1
2026-08-01T15:16:06Z,33.2268,-173.6119,j
2026-08-01T11:39:11Z,55.5646,123.8919,j
2026-08-01T09:48:56Z,19.4364,95.7663,2
2026-08-01T17:21:21Z,-36.4522,-82.6688,i
2026-08-01T01:23:55Z,-47.3601,112.0719,_
2026-08-01T21:52:34Z,-48.5349,136.4025,9
2026-08-01T22:14:29Z,-23.4548,-120.4495,q
2026-08-01T11:32:43Z,-26.2298,-109.4439,d
2026-08-01T10:49:58Z,-19.5342,-87.8587,}
2026-08-01T12:10:56Z,41.1028,66.9129,j
2026-08-01T13:37:24Z,11.4350,-154.5732,5
2026-08-01T19:06:48Z,-16.0532,-67.5133,j
2026-08-01T02:25:16Z,37.3056,-15.8670,u
2026-08-01T01:12:09Z,-10.5391,-13.2695,u
2026-08-01T07:31:09Z,42.9135,-176.8249,a
2026-08-01T11:02:33Z,-44.9445,14.9747,f
2026-08-01T23:20:34Z,-25.5376,79.6363,u
2026-08-01T20:11:47Z,-43.8035,143.3552,c
2026-08-01T08:06:00Z,-39.8671,70.3152,0
2026-08-01T22:21:07Z,9.3978,95.5637,x
2026-08-01T10:06:26Z,20.6190,-110.1500,y
2026-08-01T02:17:26Z,-25.1535,32.1451,p
2026-08-01T01:57:44Z,-55.4269,-129.5728,0
2026-08-01T02:48:45Z,56.5800,-156.4745,7
2026-08-01T13:04:16Z,-6.9776,-144.6846,8
2026-08-01T17:15:20Z,-55.1166,-113.5688,f
2026-08-01T01:44:37Z,-13.7796,-166.1174,9
2026-08-01T08:42:05Z,32.8037,-118.1738,k
2026-08-01T12:05:27Z,52.6908,-1.0522,2
2026-08-01T00:04:17Z,-30.7778,-152.4286,8
2026-08-01T06:29:32Z,-57.4064,12.7002,9
2026-08-01T00:50:03Z,42.8917,2.3843,e
2026-08-01T12:11:42Z,-20.3820,-118.2238,i
2026-08-01T17:24:02Z,31.2132,-140.5368,j
2026-08-01T12:11:07Z,-16.7833,-118.0685,d
2026-08-01T15:11:32Z,11.9485,172.9827,9
2026-08-01T14:30:25Z,-52.5479,176.0630,d
2026-08-01T03:02:32Z,-6.6108,88.4695,k
2026-08-01T18:25:02Z,-3.4971,141.2741,g
2026-08-01T09:00:16Z,-7.5266,-79.0461,h
2026-08-01T22:05:16Z,14.3804,-135.0657,k
2026-08-01T14:28:21Z,-2.5972,13.4994,q
2026-08-01T08:29:42Z,51.5813,176.1758,{
2026-08-01T18:00:34Z,52.3663,53.4541,r
2026-08-01T19:48:31Z,3.1004,132.2741,0
2026-08-01T16:04:40Z,9.0667,-5.2079,0
2026-08-01T01:20:38Z,6.1291,-172.8717,w
2026-08-01T07:36:24Z,-40.0942,-18.1160,p
2026-08-01T18:46:55Z,-54.0882,-143.0971,i
2026-08-01T20:03:41Z,32.0225,-16.0623,q
2026-08-01T01:44:04Z,-11.6656,-173.6712,l
2026-08-01T17:37:51Z,-0.2972,-34.2819,w
2026-08-01T04:41:24Z,-47.4910,102.7868,3
2026-08-01T15:26:25Z,-33.1466,-153.9236,f
2026-08-01T03:07:37Z,18.9930,91.1467,c
2026-08-01T05:14:55Z,36.0795,-168.0649,1
2026-08-01T22:45:03Z,-28.3727,168.5723,5
2026-08-01T13:39:29Z,3.6572,-130.8424,k
2026-08-01T06:11:13Z,-33.5978,42.4877,o
2026-08-01T23:08:34Z,-49.9282,34.6124,2
2026-08-01T01:16:03Z,-40.1189,69.6108,r
2026-08-01T17:59:59Z,56.5767,39.5201,6
2026-08-01T09:25:33Z,3.5270,19.0474,w
2026-08-01T23:05:32Z,-38.6561,104.5085,j
2026-08-01T08:52:56Z,-29.1061,-60.3769,i
2026-08-01T17:09:51Z,-33.7266,-28.7898,u
2026-08-01T21:31:18Z,6.4883,80.1272,s
2026-08-01T16:40:04Z,24.6958,131.2176,1
2026-08-01T23:52:23Z,-56.6539,118.9369,x
2026-08-01T05:05:05Z,-8.9679,142.6193,a
2026-08-01T16:57:26Z,23.9791,22.3724,m
2026-08-01T00:08:14Z,5.4922,69.6529,o
2026-08-01T06:31:56Z,-0.6203,-56.5743,w
2026-08-01T10:04:15Z,42.6044,-119.8133,9
2026-08-01T22:36:06Z,36.9641,-73.4198,d
2026-08-01T11:12:11Z,6.0684,-3.3690,l
2026-08-01T06:30:38Z,-17.1633,130.2355,1
2026-08-01T04:37:13Z,-53.2444,78.6599,n
2026-08-01T02:36:30Z,-14.2596,104.7520,b
2026-08-01T14:14:55Z,-38.3245,-23.0062,b
2026-08-01T11:24:05Z,19.4852,76.0817,9
2026-08-01T02:36:09Z,-58.6487,47.8202,x
2026-08-01T23:07:23Z,6.6098,170.1460,n
2026-08-01T02:58:48Z,-11.0649,-64.8165,b
2026-08-01T15:03:13Z,-57.0988,-174.9646,g
2026-08-01T15:27:39Z,-32.1022,-155.3167,6
2026-08-01T00:34:56Z,55.5754,-71.3357,3
2026-08-01T00:25:52Z,30.7077,-113.4559,v
2026-08-01T05:00:35Z,5.0463,154.4611,1
2026-08-01T05:39:27Z,22.8602,-55.8040,2
2026-08-01T17:44:33Z,15.3396,-22.5845,8
2026-08-01T07:44:10Z,-53.2139,12.0202,i
2026-08-01T20:32:06Z,-13.8694,-85.8104,9
2026-08-01T12:35:29Z,37.9757,173.2852,9
2026-08-01T19:19:41Z,10.7552,-129.7912,w
2026-08-01T07:20:11Z,-1.2469,-67.2813,4
2026-08-01T06:33:29Z,1.2939,124.6251,9
2026-08-01T00:59:05Z,-45.6356,50.6699,1
2026-08-01T17:09:20Z,-1.6224,162.4202,1
2026-08-01T13:35:46Z,16.5910,-171.5805,l
2026-08-01T09:32:39Z,38.4965,-37.2091,p
2026-08-01T04:01:02Z,-34.5449,-134.5024,p
2026-08-01T06:28:00Z,-22.2788,100.8481,v
2026-08-01T17:13:55Z,-50.7522,-61.6284,c
2026-08-01T01:23:31Z,-51.2299,104.0697,q
2026-08-01T23:38:46Z,-55.3237,-92.9076,_
2026-08-01T10:20:00Z,38.3734,-134.2907,}
2026-08-01T20:36:39Z,25.0847,-120.3175,d
2026-08-01T00:36:09Z,49.1432,-66.2872,6
2026-08-01T12:35:05Z,-47.6201,-8.2797,h
2026-08-01T14:00:18Z,-48.7865,-98.7705,j
2026-08-01T03:20:44Z,-14.1385,172.2954,w
2026-08-01T20:33:12Z,-51.1936,-163.0138,3
2026-08-01T09:42:28Z,-0.0640,84.2585,4
2026-08-01T15:49:49Z,-37.3868,-44.2635,0
2026-08-01T20:30:29Z,-50.3839,-120.9648,w
2026-08-01T12:14:31Z,-28.2192,-111.3932,l
2026-08-01T02:42:59Z,-18.0749,24.1670,o
2026-08-01T07:34:33Z,-42.8075,-30.9576,{
2026-08-01T23:03:23Z,17.9561,46.7754,7
2026-08-01T23:05:29Z,-54.3770,14.4929,v
2026-08-01T11:48:44Z,46.5930,-87.5503,2
2026-08-01T06:06:19Z,-43.4938,-155.9633,n
2026-08-01T08:54:48Z,-3.1404,-85.1682,n
2026-08-01T01:52:19Z,13.8150,-151.1817,b
2026-08-01T02:02:46Z,8.2447,-90.3196,2
2026-08-01T01:15:34Z,34.4262,-94.9504,a
2026-08-01T20:41:55Z,35.5306,-175.2179,6
2026-08-01T09:57:24Z,33.7863,-177.8997,k
2026-08-01T21:18:14Z,-31.6483,146.1062,4
2026-08-01T05:38:06Z,40.0213,-131.7923,_
2026-08-01T01:31:36Z,-55.9118,149.3367,k
2026-08-01T04:52:58Z,-14.3899,147.1029,t
2026-08-01T08:34:05Z,-21.1778,112.8427,3
2026-08-01T20:45:40Z,0.7411,-81.2761,j
2026-08-01T04:48:55Z,-35.1206,136.2226,e
2026-08-01T05:30:44Z,41.0867,-17.7983,w
2026-08-01T16:28:10Z,52.0749,88.3934,q
2026-08-01T00:05:45Z,42.3710,62.8038,8
2026-08-01T18:51:26Z,58.4967,-111.2022,v
2026-08-01T11:35:51Z,55.7852,178.8176,t
2026-08-01T12:35:55Z,21.3630,-174.3520,_
2026-08-01T03:09:14Z,34.1430,-146.3964,8
2026-08-01T23:47:43Z,-18.9059,-152.1349,v
2026-08-01T03:46:24Z,40.0571,114.7702,z
2026-08-01T05:21:20Z,54.5749,-129.8943,_
2026-08-01T21:50:27Z,-49.8314,127.4133,2
2026-08-01T07:12:55Z,-29.8838,146.2348,}
2026-08-01T23:10:38Z,-5.5830,65.1412,r
2026-08-01T03:43:05Z,50.3689,-118.4211,o
2026-08-01T15:00:55Z,-32.8967,120.9510,u
2026-08-01T15:47:50Z,-42.7463,-51.2448,d
2026-08-01T10:04:59Z,-44.6586,-158.0655,c
2026-08-01T19:04:28Z,38.3766,-63.8605,3
2026-08-01T23:50:22Z,-22.1768,-138.0043,t
2026-08-01T14:32:57Z,49.8378,-23.0384,l
2026-08-01T11:59:22Z,-52.3009,-118.8395,2
2026-08-01T11:25:50Z,12.9953,-65.0899,4
2026-08-01T20:29:52Z,-48.9215,-23.9167,h
2026-08-01T08:42:19Z,45.9151,-123.2383,3
2026-08-01T00:02:58Z,-41.9782,-160.7115,z
2026-08-01T06:07:02Z,-1.6184,112.7004,5
2026-08-01T04:21:26Z,-27.9283,14.7415,x
2026-08-01T00:25:35Z,58.1076,-100.5585,q
2026-08-01T01:10:02Z,-29.8043,-21.5624,v
2026-08-01T08:34:06Z,50.5515,-158.4450,_
2026-08-01T17:56:00Z,-11.3085,23.5290,g
2026-08-01T11:08:35Z,-35.8012,36.0180,5
2026-08-01T19:43:14Z,40.1419,65.7320,w
2026-08-01T19:19:14Z,30.2588,-45.2708,u
2026-08-01T05:19:49Z,57.9514,-136.5892,y
2026-08-01T08:28:29Z,-45.3446,-179.2193,_
2026-08-01T07:58:35Z,-29.2546,91.7876,0
2026-08-01T13:36:23Z,37.0520,157.4482,}
2026-08-01T12:32:08Z,41.9655,128.6647,5
2026-08-01T17:25:55Z,-25.3371,-33.9927,s
2026-08-01T12:38:14Z,-45.7192,-5.8273,b
2026-08-01T15:08:21Z,40.8024,107.8730,_
2026-08-01T23:15:09Z,-20.6733,152.8449,q
2026-08-01T19:30:18Z,-35.1473,81.8894,l
2026-08-01T16:59:58Z,-26.8663,176.4438,o
2026-08-01T15:30:24Z,-45.0995,-140.5600,k
2026-08-01T13:51:01Z,-34.7799,-137.4815,v
2026-08-01T13:54:07Z,49.6100,-77.9692,r
2026-08-01T15:38:47Z,-50.5416,-96.7406,3
2026-08-01T01:52:11Z,3.1165,-149.3713,v
2026-08-01T13:50:45Z,-16.8363,-117.5482,r
2026-08-01T09:48:42Z,14.2953,94.1815,e
2026-08-01T01:21:24Z,-50.3279,91.5920,s
2026-08-01T14:24:22Z,2.7022,46.2962,7
2026-08-01T11:19:04Z,-0.6505,65.7079,1
2026-08-01T22:00:59Z,-52.9525,-171.4287,9
2026-08-01T13:41:59Z,13.7825,122.8513,3
2026-08-01T09:04:20Z,-26.6059,-62.3738,a
2026-08-01T05:20:38Z,-51.0193,91.3995,g
2026-08-01T06:42:53Z,19.7644,157.6623,j
2026-08-01T18:11:51Z,35.7062,98.9476,9
2026-08-01T02:32:08Z,-23.0481,119.5659,}
2026-08-01T11:29:59Z,34.4002,86.1979,e
2026-08-01T00:53:24Z,52.9181,143.6609,p
2026-08-01T18:25:03Z,-2.6277,132.4692,v
2026-08-01T11:50:07Z,11.8098,4.3627,y
2026-08-01T13:15:28Z,52.0255,109.4239,q
2026-08-01T11:11:50Z,37.6843,-115.9164,w
2026-08-01T21:20:35Z,8.7797,93.4232,7
2026-08-01T23:06:14Z,-26.0840,4.5105,}
2026-08-01T23:08:43Z,38.8327,84.7574,}
2026-08-01T03:32:46Z,25.0717,-164.7839,b
2026-08-01T16:52:35Z,-4.9886,157.4291,l
2026-08-01T01:34:37Z,-48.3850,-128.2938,f
2026-08-01T02:33:58Z,10.8939,1.5880,0
2026-08-01T21:03:27Z,47.7021,-32.3093,3
2026-08-01T23:08:01Z,-17.6273,118.4355,r
2026-08-01T06:18:50Z,-51.2543,87.6591,l
2026-08-01T23:35:40Z,-51.7642,161.9282,j
2026-08-01T02:38:01Z,-9.2039,14.2598,l
2026-08-01T18:49:38Z,-54.5722,-130.7933,a
2026-08-01T23:57:40Z,4.4865,-125.7055,h
2026-08-01T20:25:43Z,-47.5545,-154.0417,7
2026-08-01T04:43:46Z,-49.0180,109.7141,c
2026-08-01T05:09:18Z,40.0915,92.7934,7
2026-08-01T15:58:45Z,-58.1324,61.2012,9
2026-08-01T17:57:28Z,57.7733,30.2464,0
2026-08-01T09:54:14Z,57.9347,91.2754,8
2026-08-01T03:29:01Z,-55.4795,30.6118,2
2026-08-01T05:19:05Z,46.4948,-140.5615,s
2026-08-01T10:51:45Z,-46.4330,-45.2789,7
2026-08-01T19:33:44Z,59.1024,8.4771,m
2026-08-01T07:44:46Z,-60.7407,23.0583,z
2026-08-01T09:15:52Z,-21.6698,99.0978,y
2026-08-01T19:46:25Z,-51.9791,5.9815,1
2026-08-01T14:39:37Z,42.6647,41.1979,t
2026-08-01T15:25:42Z,-31.3307,-147.7940,m
2026-08-01T08:35:54Z,42.9239,-148.4894,a
2026-08-01T17:30:00Z,41.2209,-178.0681,{
2026-08-01T12:18:08Z,-24.8235,-111.4968,k
2026-08-01T21:57:11Z,-56.2346,168.8118,g
2026-08-01T20:42:21Z,-32.3992,121.3262,s
2026-08-01T21:38:48Z,-14.2238,90.5048,1
2026-08-01T19:55:10Z,6.0207,105.1817,x
2026-08-01T04:07:49Z,46.6378,56.6848,f
2026-08-01T06:17:49Z,-44.9170,82.3079,r
2026-08-01T20:50:13Z,59.3979,12.3768,t
2026-08-01T12:05:39Z,-11.9204,85.0288,1
2026-08-01T05:49:25Z,29.2470,-71.3322,a
2026-08-01T12:30:42Z,57.3392,-24.6562,d
2026-08-01T18:16:14Z,23.3605,115.0336,s
2026-08-01T04:35:11Z,53.1783,-66.8145,0
2026-08-01T17:14:26Z,18.3545,164.3612,o
2026-08-01T16:07:43Z,15.2466,0.8431,l
2026-08-01T22:07:38Z,-37.5165,-140.0704,_
2026-08-01T05:01:40Z,3.4015,-177.3342,3
2026-08-01T05:00:16Z,-29.0056,-131.7205,6
2026-08-01T02:50:00Z,-25.3459,114.5564,m
2026-08-01T09:22:04Z,-24.4424,-154.7338,e
2026-08-01T00:45:02Z,-25.8369,134.9788,m
2026-08-01T16:49:14Z,21.4547,152.8736,{
2026-08-01T10:59:29Z,-53.7376,10.8679,z
2026-08-01T09:38:55Z,-9.8967,69.0974,q
2026-08-01T06:38:47Z,8.5341,-95.2417,f
2026-08-01T18:59:50Z,43.5445,-144.1001,o
2026-08-01T07:56:04Z,18.6707,-108.5362,6
2026-08-01T07:47:25Z,58.6393,86.3176,8
2026-08-01T23:38:18Z,-2.9586,-163.3956,2
2026-08-01T13:14:29Z,51.4062,-107.0832,c
2026-08-01T13:17:40Z,19.4056,153.7348,3
2026-08-01T03:45:56Z,52.0285,-108.5623,8
2026-08-01T02:14:48Z,-23.7053,-118.1062,1
2026-08-01T03:13:00Z,28.9551,-116.5323,2
2026-08-01T00:09:30Z,26.4098,96.2676,v
2026-08-01T20:29:18Z,51.9618,59.8371,3
2026-08-01T09:43:51Z,0.7784,84.0387,9
2026-08-01T12:16:05Z,25.7917,90.4325,1
2026-08-01T09:38:03Z,-10.6094,74.5438,t
2026-08-01T22:33:52Z,-41.3026,-145.3141,7
2026-08-01T08:54:06Z,7.8211,-87.4750,h
2026-08-01T04:42:43Z,-45.8712,115.7395,x
2026-08-01T15:11:43Z,4.4464,175.0302,a
2026-08-01T14:57:25Z,-50.5540,-139.8779,y
2026-08-01T15:47:31Z,-43.9747,-45.6847,s
2026-08-01T10:36:22Z,-14.1706,-94.5818,q
2026-08-01T20:26:35Z,-50.9004,-138.9141,d
2026-08-01T10:08:58Z,-46.9962,130.6873,p
2026-08-01T18:43:48Z,-52.7547,-166.3653,t
2026-08-01T21:45:28Z,-26.2967,109.6624,p
2026-08-01T08:07:59Z,7.0035,-129.2945,d
2026-08-01T23:04:07Z,20.5033,48.0153,3
2026-08-01T14:01:42Z,2.7885,-95.7879,_
2026-08-01T16:06:23Z,-1.5192,42.0180,3
2026-08-01T02:51:31Z,-17.5114,-147.7249,w
2026-08-01T21:09:58Z,-55.4742,95.5048,s
2026-08-01T10:45:53Z,-34.9846,-70.3891,f
2026-08-01T05:32:04Z,45.8671,147.4790,g
2026-08-01T09:43:24Z,-1.4675,82.0511,7
2026-08-01T09:25:29Z,-55.8292,35.2002,g
2026-08-01T16:12:17Z,26.5023,16.1940,3
2026-08-01T10:02:02Z,50.4203,133.2746,e
2026-08-01T16:17:07Z,37.3269,18.7591,i
2026-08-01T05:46:39Z,2.9871,-35.3728,7
2026-08-01T04:58:27Z,-6.6556,152.9868,u
2026-08-01T10:43:27Z,-41.3125,112.6992,u
2026-08-01T18:49:08Z,47.1557,-35.6309,7
2026-08-01T17:42:32Z,19.3291,-22.3918,i
2026-08-01T07:02:31Z,47.0248,-113.9887,3
2026-08-01T16:26:08Z,53.5515,67.1834,j
2026-08-01T22:25:13Z,-46.0366,-75.4975,m
2026-08-01T23:27:41Z,51.4552,171.3042,7
2026-08-01T01:01:08Z,50.5550,116.6986,g
2026-08-01T08:43:21Z,-38.0184,-151.6734,d
2026-08-01T09:34:56Z,12.2489,-79.9355,d
2026-08-01T12:04:50Z,5.7891,-129.9480,f
2026-08-01T23:13:03Z,32.1778,114.1383,i
2026-08-01T17:01:37Z,50.1173,-113.2648,4
2026-08-01T00:02:58Z,27.0810,-49.9402,b
2026-08-01T14:36:45Z,-39.0432,-165.4149,e
2026-08-01T20:33:25Z,-37.3623,-124.6821,i
2026-08-01T21:55:26Z,-50.2065,154.4217,_
2026-08-01T04:45:17Z,-35.5675,116.7482,r
2026-08-01T05:24:44Z,52.2166,-104.2321,a
2026-08-01T15:57:23Z,-1.9120,-61.5198,1
2026-08-01T23:44:46Z,-11.9893,-101.9948,a
2026-08-01T12:16:39Z,-21.6811,-56.5972,_
2026-08-01T03:35:07Z,-16.3836,50.5115,w
2026-08-01T12:21:41Z,30.3878,32.2726,y
2026-08-01T04:45:54Z,-43.0224,117.9195,7
2026-08-01T05:15:17Z,46.6177,-160.5329,u
2026-08-01T20:39:09Z,-26.1568,-104.8307,a
2026-08-01T08:08:23Z,-43.6231,176.5367,v
2026-08-01T07:24:14Z,-6.2468,-47.5538,i
2026-08-01T13:14:07Z,55.6682,98.0401,2
2026-08-01T05:15:40Z,45.3450,-152.8181,7
2026-08-01T23:15:44Z,-17.6481,-123.4053,l
2026-08-01T03:39:14Z,39.7017,-139.8196,9
2026-08-01T12:24:32Z,-49.8868,-77.8521,}
2026-08-01T20:16:44Z,-46.6804,163.1094,8
2026-08-01T04:33:14Z,-48.4037,51.7721,_
2026-08-01T20:54:54Z,57.1912,34.3882,6
2026-08-01T05:29:28Z,47.9983,-84.0249,s
2026-08-01T05:29:01Z,50.5588,-92.1466,f
2026-08-01T13:10:10Z,25.5132,162.8633,z
2026-08-01T06:23:31Z,-37.4001,103.2208,6
2026-08-01T09:12:30Z,-47.0333,-38.2436,}
2026-08-01T13:39:13Z,3.2478,-159.3192,2
2026-08-01T10:12:58Z,46.6908,-160.2962,u
2026-08-01T02:39:22Z,56.8079,46.9930,u
2026-08-01T01:52:17Z,3.4942,-145.1485,2
2026-08-01T01:52:43Z,9.3081,-145.2287,z
2026-08-01T23:02:18Z,11.5949,42.8080,i
2026-08-01T09:15:18Z,27.1220,45.7820,7
2026-08-01T08:30:15Z,-36.2125,93.4947,0
2026-08-01T11:21:41Z,13.0756,63.6386,9
2026-08-01T20:57:29Z,1.4292,-173.7159,{
2026-08-01T21:32:47Z,53.9755,37.1942,_
2026-08-01T17:46:16Z,-33.6649,153.9191,d
2026-08-01T11:19:36Z,56.1675,105.7908,o
2026-08-01T00:37:59Z,49.8610,-62.8746,k
2026-08-01T00:52:45Z,11.9482,12.5952,y
2026-08-01T19:35:18Z,-10.3584,-3.2385,{
2026-08-01T23:56:43Z,-4.9540,-130.3801,h
2026-08-01T03:40:59Z,40.9657,-137.6304,h
2026-08-01T22:15:15Z,-56.0698,-27.1234,n
2026-08-01T19:27:01Z,9.8130,-157.7124,u
2026-08-01T07:02:16Z,43.5541,-138.8341,g
2026-08-01T12:04:15Z,4.9168,-131.5896,e
2026-08-01T13:32:09Z,31.0282,-172.5493,k
2026-08-01T19:23:47Z,32.0636,-29.0530,0
2026-08-01T22:09:10Z,29.9813,138.5241,q
2026-08-01T23:49:04Z,-16.7430,-140.0604,n
2026-08-01T14:19:46Z,42.7106,-86.5402,n
2026-08-01T18:47:19Z,-59.2530,-149.5016,{
2026-08-01T05:59:36Z,-8.6094,16.9797,b
2026-08-01T10:30:55Z,-25.5494,-51.9853,7
2026-08-01T18:24:35Z,1.1246,130.2321,a
2026-08-01T01:57:24Z,24.8672,-135.0648,x
2026-08-01T13:26:05Z,6.2442,154.9475,3
2026-08-01T01:31:35Z,3.1712,143.6893,b
2026-08-01T21:20:50Z,-31.2375,-104.2892,{
2026-08-01T23:15:16Z,-41.4906,161.2984,3
2026-08-01T11:35:39Z,-34.2100,-161.8598,e
2026-08-01T15:41:19Z,56.4223,-76.3721,i
2026-08-01T17:25:32Z,33.3842,-129.9486,c
2026-08-01T05:49:42Z,-15.2548,-29.7586,9
2026-08-01T13:41:25Z,-1.7589,-146.8249,0
2026-08-01T05:33:15Z,35.7210,-62.1358,{
2026-08-01T02:22:40Z,-12.1292,-128.8071,}
2026-08-01T18:44:05Z,-51.4733,-175.5097,a
2026-08-01T08:02:46Z,-11.7119,-52.5182,o
2026-08-01T18:54:29Z,-32.6855,178.7716,n
2026-08-01T21:49:14Z,-43.8005,128.1318,p
2026-08-01T06:21:16Z,-46.5567,108.9892,f
2026-08-01T00:57:41Z,50.5957,2.8926,q
2026-08-01T04:52:00Z,-25.7473,146.7845,x
2026-08-01T02:26:11Z,29.0933,-16.7849,4
2026-08-01T13:27:37Z,-40.2403,-80.0759,0
2026-08-01T09:18:19Z,-59.0836,-15.9525,9
2026-08-01T16:14:06Z,-8.7737,127.0099,z
2026-08-01T08:22:16Z,39.4543,134.3163,4
2026-08-01T20:44:11Z,0.9307,-85.1835,y
2026-08-01T01:26:38Z,-53.7411,122.1225,l
2026-08-01T06:46:04Z,3.2284,99.9539,h
2026-08-01T08:14:16Z,-51.2772,-41.2934,8
2026-08-01T05:43:07Z,9.9878,-43.8529,m
2026-08-01T19:58:51Z,37.5467,55.0518,8
2026-08-01T22:46:53Z,39.5377,-141.7512,v
2026-08-01T06:24:04Z,58.6289,-32.8689,b
2026-08-01T09:38:58Z,-15.7960,77.8259,5
2026-08-01T18:23:30Z,-5.0213,133.1347,e
2026-08-01T15:34:30Z,28.2113,-44.9150,a
2026-08-01T22:38:40Z,49.3806,-54.5250,5
2026-08-01T19:49:48Z,30.4555,87.0619,0
2026-08-01T20:30:51Z,-36.3047,-123.7427,3
2026-08-01T11:57:51Z,19.2994,-151.7954,b
2026-08-01T13:41:14Z,-2.8506,-146.5603,c
2026-08-01T07:20:41Z,1.1632,-58.1928,s
2026-08-01T21:09:04Z,54.1708,-1.2251,1
2026-08-01T11:43:26Z,47.5334,147.2399,e
2026-08-01T11:30:01Z,32.8056,91.1507,g
2026-08-01T08:30:59Z,55.7790,-179.0114,g
2026-08-01T20:34:16Z,-5.3174,108.3425,h
2026-08-01T21:39:53Z,-18.3063,99.1325,u
2026-08-01T15:52:50Z,-29.3996,-33.9612,r
2026-08-01T23:34:20Z,-45.2515,155.7070,n
2026-08-01T19:26:38Z,34.7556,-22.6882,}
2026-08-01T18:35:28Z,-27.6993,156.2874,j
2026-08-01T09:05:57Z,48.7945,9.9617,9
2026-08-01T11:01:10Z,-47.1676,9.3450,l
2026-08-01T01:50:08Z,0.2215,-157.3691,h
2026-08-01T07:56:00Z,-35.3233,127.5859,e
2026-08-01T17:39:30Z,9.0039,-34.3978,j
2026-08-01T20:43:21Z,-7.0643,-87.5083,m
2026-08-01T11:18:48Z,-3.9880,64.9038,y
2026-08-01T22:00:23Z,11.2461,83.6788,2
2026-08-01T02:04:34Z,44.8611,-118.5570,{
2026-08-01T15:15:27Z,2.4258,-172.8361,{
2026-08-01T14:25:40Z,-52.4115,-74.5044,d
2026-08-01T00:47:15Z,3.2492,76.3407,0
2026-08-01T20:07:10Z,-29.6909,-7.5539,t
2026-08-01T22:00:37Z,47.6243,-124.8745,a
2026-08-01T00:11:59Z,-13.1194,-137.0417,7
2026-08-01T17:50:46Z,39.9784,-3.1550,7
2026-08-01T10:13:48Z,49.4033,-153.7504,j
2026-08-01T02:44:59Z,-23.6711,35.3706,c
2026-08-01T19:11:44Z,-3.0962,-72.4233,o
2026-08-01T04:37:33Z,56.2036,76.3875,a
2026-08-01T14:22:25Z,-13.8010,-1.5616,{
2026-08-01T20:13:34Z,-41.0465,141.7797,k
2026-08-01T04:19:09Z,-14.6378,6.8819,g
2026-08-01T10:31:11Z,-41.7378,-76.2690,c
2026-08-01T21:07:24Z,59.6664,168.6193,3
2026-08-01T00:46:52Z,-52.6163,127.6891,d
2026-08-01T03:11:19Z,-38.6130,141.8680,h
2026-08-01T15:31:14Z,-43.2791,-128.0018,k
2026-08-01T00:15:12Z,-1.4281,-126.0737,y
2026-08-01T12:15:14Z,5.0296,31.7592,h
2026-08-01T01:35:23Z,-57.7747,-54.8992,g
2026-08-01T11:25:00Z,22.3950,74.8992,b
2026-08-01T12:24:32Z,-45.5990,-76.9871,m
2026-08-01T01:13:27Z,-39.7117,-169.5750,7
2026-08-01T18:57:03Z,-27.6413,-132.1516,e
2026-08-01T06:42:17Z,23.9759,157.8708,p
2026-08-01T21:53:35Z,-49.4674,147.0962,u
2026-08-01T16:05:49Z,-41.5698,50.8148,4
2026-08-01T01:59:23Z,33.6810,-133.7525,e
2026-08-01T14:01:54Z,2.7230,42.8775,1
2026-08-01T20:45:47Z,-3.2015,-93.2414,_
2026-08-01T07:51:32Z,-52.5081,63.3084,u
2026-08-01T14:03:24Z,43.7074,40.4131,i
2026-08-01T05:15:13Z,46.6750,-156.2405,y
2026-08-01T15:17:04Z,-7.5111,-170.9949,e
2026-08-01T01:00:23Z,13.5016,33.3514,v
2026-08-01T06:15:41Z,-19.0197,-9.4802,i
2026-08-01T03:45:33Z,55.3848,-116.5281,1
2026-08-01T13:37:10Z,8.9083,151.6905,t
2026-08-01T03:55:13Z,46.2425,-56.6599,f
2026-08-01T18:17:47Z,22.5524,117.3233,d
2026-08-01T00:09:11Z,3.6111,178.5186,z
2026-08-01T22:38:00Z,40.5081,-56.2396,a
2026-08-01T05:46:17Z,-10.0814,-111.3590,z
2026-08-01T10:16:51Z,32.8922,-140.7930,o
2026-08-01T08:06:59Z,-12.2487,99.5593,{
2026-08-01T11:25:52Z,29.4477,159.1816,y
2026-08-01T15:58:41Z,30.4579,-61.6287,o
2026-08-01T06:19:34Z,-9.0670,-97.6392,7
2026-08-01T14:40:17Z,-20.9660,-166.8657,p
2026-08-01T08:08:07Z,-28.4000,89.5224,e
2026-08-01T05:07:18Z,-21.5387,-114.3256,t
2026-08-01T16:38:23Z,-41.1166,-145.5723,{
2026-08-01T18:47:01Z,-18.9747,-165.0869,s
2026-08-01T06:12:38Z,-59.6265,60.1351,r
2026-08-01T03:40:06Z,50.8036,-138.9540,c
2026-08-01T06:34:20Z,-0.2859,138.2367,x
2026-08-01T17:51:57Z,13.9042,-24.9534,z
2026-08-01T08:09:25Z,51.7283,140.6527,i
2026-08-01T05:18:02Z,42.3248,-145.9284,v
2026-08-01T18:20:46Z,54.0332,49.1469,3
2026-08-01T08:15:22Z,20.6042,119.8464,9
2026-08-01T09:00:00Z,-55.5860,-11.9080,8
2026-08-01T14:11:57Z,-55.0307,107.6420,f
2026-08-01T21:46:51Z,-45.5028,119.1525,a
2026-08-01T10:14:51Z,-44.6787,-95.4295,p
2026-08-01T11:21:07Z,13.6928,70.3701,c
2026-08-01T14:56:35Z,-6.3816,-159.5884,e
2026-08-01T12:33:42Z,4.0233,-127.8079,e
2026-08-01T02:42:04Z,-5.3027,19.8320,f
2026-08-01T04:33:32Z,-49.1731,64.6199,{
2026-08-01T16:25:48Z,-3.2573,7.7945,2
2026-08-01T09:54:56Z,37.2321,112.5654,m
2026-08-01T23:32:15Z,-52.9475,146.1699,d
2026-08-01T16:56:53Z,-18.1830,170.9822,s
2026-08-01T05:51:40Z,-7.9375,-30.3198,u
2026-08-01T03:52:57Z,51.8687,-68.8574,t
2026-08-01T02:04:54Z,46.5637,-117.3947,s
2026-08-01T06:23:19Z,-37.1698,-139.5490,x
2026-08-01T19:36:12Z,-19.8884,172.6459,0
2026-08-01T02:45:55Z,-25.7117,33.5094,p
2026-08-01T10:46:25Z,-42.2109,-64.5187,5
2026-08-01T06:38:25Z,12.6445,146.9573,7
2026-08-01T06:23:22Z,31.3354,-142.4077,k
2026-08-01T19:56:51Z,7.8069,104.5140,4
2026-08-01T00:57:07Z,12.3090,21.6044,}
2026-08-01T03:59:53Z,40.4800,-35.2426,2
2026-08-01T07:42:59Z,-55.2391,-39.1353,p
2026-08-01T18:58:00Z,-35.8063,-96.5691,y
2026-08-01T03:48:30Z,52.1287,-94.0415,e
2026-08-01T16:45:29Z,14.0887,-130.0355,q
2026-08-01T10:02:54Z,59.7914,177.2734,b
2026-08-01T04:00:01Z,37.0206,-49.0793,4
2026-08-01T13:11:59Z,-11.6182,15.5723,q
2026-08-01T15:43:38Z,47.4893,38.3483,r
2026-08-01T12:39:26Z,-34.0463,3.9657,g
2026-08-01T20:09:51Z,-39.5947,132.9155,u
2026-08-01T14:23:57Z,27.2227,-156.0903,1
2026-08-01T19:07:04Z,-22.4777,-66.6601,m
2026-08-01T15:44:19Z,-51.2570,-59.0953,h
2026-08-01T08:59:20Z,-8.8052,-75.6499,u
2026-08-01T02:31:58Z,18.7117,3.5092,s
2026-08-01T01:41:56Z,54.7361,-80.7389,z
2026-08-01T16:06:55Z,-19.6432,82.7159,i
2026-08-01T13:42:48Z,-9.8670,-155.2671,l
2026-08-01T19:44:10Z,8.5625,-171.5489,u
2026-08-01T15:43:31Z,-48.7392,-69.9365,_
2026-08-01T05:43:12Z,8.2725,99.6236,0
2026-08-01T00:11:40Z,2.3682,-51.8169,z
2026-08-01T07:27:13Z,59.3954,-158.7302,{
2026-08-01T16:08:33Z,33.6075,-64.3309,6
2026-08-01T04:29:07Z,-51.3868,32.6609,{
2026-08-01T17:50:37Z,35.7511,-0.5912,i
2026-08-01T02:51:41Z,-8.3497,2.1559,h
2026-08-01T11:50:03Z,44.3759,-172.4995,v
2026-08-01T19:19:19Z,22.2797,-50.3354,5
2026-08-01T20:06:34Z,10.7440,-101.0322,0
2026-08-01T10:15:37Z,37.5419,103.6284,g
2026-08-01T08:14:17Z,-52.8982,132.9614,u
2026-08-01T20:37:31Z,-26.2866,-102.3479,s
2026-08-01T19:25:57Z,-45.9204,-21.6214,7
2026-08-01T11:28:32Z,21.9104,81.5806,k
2026-08-01T23:52:28Z,-36.7543,88.6995,l
2026-08-01T11:49:18Z,47.5432,-176.1205,5
2026-08-01T04:29:03Z,-37.7268,-90.1328,v
2026-08-01T02:16:32Z,50.9935,-55.3926,v
2026-08-01T10:59:08Z,-34.3052,-163.0756,f
2026-08-01T15:29:22Z,-39.4242,-141.3991,u
2026-08-01T02:35:00Z,13.4083,9.8361,y
2026-08-01T19:30:39Z,9.5235,104.9438,_
2026-08-01T20:02:56Z,-7.6132,116.7167,x
2026-08-01T03:09:01Z,-39.3903,142.9755,{
2026-08-01T22:21:02Z,-0.5309,-113.9808,2
2026-08-01T23:55:08Z,-3.0756,-131.3335,w
2026-08-01T03:14:43Z,-24.5652,150.4485,i
2026-08-01T10:27:02Z,8.7934,-111.7221,1
2026-08-01T22:41:53Z,55.6949,-37.9313,h
2026-08-01T19:33:06Z,53.8581,11.3558,9
2026-08-01T19:33:36Z,-39.4441,20.3107,c
2026-08-01T22:58:14Z,35.5024,43.2132,7
2026-08-01T01:33:44Z,-45.3231,154.4249,h
2026-08-01T01:49:03Z,43.8230,-12.6430,q
2026-08-01T02:53:29Z,-50.3393,54.4374,j
2026-08-01T07:20:38Z,-36.6531,104.1194,5
2026-08-01T23:12:18Z,-13.8213,64.3339,a
2026-08-01T15:28:56Z,37.2978,5.6969,r
2026-08-01T14:05:49Z,-40.0557,-127.7759,l
2026-08-01T04:52:52Z,-1.1720,22.8604,5
2026-08-01T13:10:29Z,49.3310,84.7073,y
2026-08-01T04:30:13Z,-48.7580,38.2256,t
2026-08-01T15:28:01Z,54.8543,-133.7650,0
2026-08-01T20:14:40Z,-44.8489,148.6706,{
2026-08-01T07:48:23Z,-52.5739,48.8298,y
2026-08-01T18:39:51Z,-41.9328,166.4739,1
2026-08-01T20:45:11Z,-5.1029,-85.4313,k
2026-08-01T04:19:03Z,23.1535,52.5012,6
2026-08-01T10:31:45Z,-57.7354,-39.4069,z
2026-08-01T18:11:47Z,38.9683,100.3861,3
2026-08-01T08:36:08Z,52.3952,-147.6219,3
2026-08-01T00:59:18Z,8.7423,31.9510,4
2026-08-01T08:56:57Z,-2.3312,-83.8755,o
2026-08-01T08:25:31Z,43.7334,149.4730,0
2026-08-01T00:23:18Z,-39.1241,138.7937,6
2026-08-01T18:52:22Z,-18.5951,-63.7926,p
2026-08-01T00:45:13Z,48.9324,-20.5924,l
2026-08-01T14:47:12Z,46.2800,68.0217,9
2026-08-01T17:25:08Z,23.7286,-42.8464,j
2026-08-01T05:45:26Z,1.3345,-43.6290,c
2026-08-01T11:56:49Z,22.8921,-157.5035,l
2026-08-01T23:15:54Z,-18.6578,77.0393,y
2026-08-01T02:35:48Z,5.8147,7.4969,7
2026-08-01T04:41:58Z,-47.4621,113.7418,m
2026-08-01T13:05:12Z,33.6639,65.6104,w
2026-08-01T01:35:00Z,-47.0592,159.1992,n
2026-08-01T15:35:57Z,-55.2539,-112.6946,8
2026-08-01T13:17:34Z,51.6535,128.7501,w
2026-08-01T08:28:39Z,52.2764,170.2890,r
2026-08-01T10:15:11Z,57.5143,-88.0601,y
2026-08-01T13:44:54Z,-15.4948,-154.1746,g
2026-08-01T12:23:01Z,-49.8112,-85.8869,8
2026-08-01T14:00:18Z,40.7851,35.1440,0
2026-08-01T07:05:55Z,44.7818,-105.6374,o
2026-08-01T22:44:38Z,55.3589,-24.8436,0
2026-08-01T04:00:50Z,35.7785,-33.7732,f
2026-08-01T13:41:43Z,-23.9065,31.6765,c
2026-08-01T20:27:29Z,-51.1746,-143.3297,k
2026-08-01T02:41:19Z,48.0168,92.6743,r
2026-08-01T16:37:18Z,39.5988,125.1833,w
2026-08-01T20:18:19Z,-18.0758,-3.8002,l
2026-08-01T17:43:51Z,21.7437,-18.9915,w
2026-08-01T07:55:08Z,-41.9443,70.1898,y
2026-08-01T11:47:19Z,47.6156,176.4840,d
2026-08-01T23:05:39Z,-17.1023,175.7904,g
2026-08-01T16:28:29Z,54.7473,87.3275,h
2026-08-01T01:45:59Z,44.7786,117.3650,{
2026-08-01T23:49:12Z,46.0170,-155.0094,d
2026-08-01T17:29:55Z,56.3803,6.6129,8
2026-08-01T04:22:33Z,-33.2027,-117.2559,r
2026-08-01T16:15:44Z,56.7958,-107.7018,p
2026-08-01T01:32:30Z,-49.1624,86.7502,k
2026-08-01T17:02:07Z,56.4271,152.6957,z
2026-08-01T21:39:20Z,-7.1950,15.1704,q
2026-08-01T10:00:03Z,48.0898,129.3828,l
2026-08-01T04:31:21Z,-58.9347,157.8244,v
2026-08-01T10:36:40Z,-12.7428,-99.3901,8
2026-08-01T13:56:15Z,-48.1673,-112.4500,h
2026-08-01T19:12:25Z,4.2786,144.8562,1
2026-08-01T02:09:19Z,14.3032,50.3163,u
2026-08-01T18:09:46Z,-25.0183,138.2140,h
2026-08-01T02:15:31Z,52.0548,-63.2028,_
2026-08-01T09:36:45Z,-19.7954,70.5047,t
2026-08-01T23:08:54Z,32.6906,-124.5463,2
2026-08-01T21:22:51Z,-18.6954,-1.8804,l
2026-08-01T07:15:33Z,-29.6298,41.3425,}
2026-08-01T14:10:58Z,-38.9923,-35.5469,f
2026-08-01T08:42:06Z,32.7446,175.7717,3
2026-08-01T14:21:54Z,-16.3082,2.4030,d
2026-08-01T10:02:22Z,49.3230,142.0729,5
2026-08-01T13:35:26Z,16.9621,-165.2010,c
2026-08-01T22:45:34Z,51.3247,-25.1475,8
2026-08-01T21:04:54Z,-34.0250,-90.1470,q
2026-08-01T10:12:54Z,49.4120,-161.1876,2
2026-08-01T04:58:33Z,3.4803,-132.8572,0
2026-08-01T12:12:03Z,-5.0882,64.0185,p
2026-08-01T23:28:09Z,-51.1592,122.6669,w
2026-08-01T10:37:19Z,-11.4746,-94.2306,8
2026-08-01T11:31:33Z,36.4051,93.4179,_
2026-08-01T18:56:54Z,46.6658,106.1603,b
2026-08-01T06:48:57Z,44.4724,169.2770,i
2026-08-01T16:10:55Z,19.2270,8.2821,2
2026-08-01T17:44:43Z,21.2963,-24.3913,w
2026-08-01T16:41:20Z,4.7531,-60.3575,0
2026-08-01T15:36:21Z,-52.2321,-110.8486,{
2026-08-01T03:11:57Z,-34.8033,150.6105,i
2026-08-01T22:02:56Z,-2.8142,-121.1377,v
2026-08-01T11:35:41Z,-41.8626,-84.9306,w
2026-08-01T13:50:07Z,-36.4679,-151.3394,w
2026-08-01T10:31:57Z,52.9432,126.1615,{
2026-08-01T23:43:22Z,-36.3729,-155.2132,i
2026-08-01T12:03:11Z,9.8395,-136.7174,5
2026-08-01T16:07:16Z,12.3867,-1.0264,r
2026-08-01T19:16:16Z,6.9234,-49.1943,{
2026-08-01T08:40:37Z,48.1152,-121.6774,b
2026-08-01T08:54:22Z,-1.6276,-86.4686,2
2026-08-01T00:10:39Z,-14.9897,-133.2923,z
2026-08-01T00:31:08Z,48.3800,-88.5236,9
2026-08-01T00:46:06Z,-11.3583,79.4000,w
2026-08-01T05:50:25Z,-16.1823,-27.0568,1
2026-08-01T20:02:16Z,39.6147,127.9876,i
2026-08-01T01:41:22Z,-44.7161,150.6007,n
2026-08-01T09:17:01Z,-54.5615,-20.0937,j
2026-08-01T07:52:51Z,-47.0126,66.8784,k
2026-08-01T16:37:57Z,-20.9186,102.7793,z
2026-08-01T02:32:32Z,-57.6375,88.8890,7
2026-08-01T10:54:53Z,-5.7573,-71.7588,3
2026-08-01T22:49:42Z,50.7115,-2.8242,x
2026-08-01T23:25:30Z,-32.5345,-129.1902,h
2026-08-01T18:33:12Z,-23.7175,154.9532,5
2026-08-01T23:42:58Z,-42.2300,-168.0305,y
2026-08-01T23:54:36Z,-7.6234,-133.3109,{
2026-08-01T17:20:37Z,31.8150,167.3092,f
2026-08-01T17:27:39Z,-14.5162,-55.9335,o
2026-08-01T09:08:04Z,27.3213,-79.9669,x
2026-08-01T14:01:59Z,-52.8275,-81.3300,q
2026-08-01T06:57:25Z,54.7110,-142.7642,e
2026-08-01T00:51:43Z,33.3280,1.8955,x
2026-08-01T17:43:49Z,-6.2402,82.0407,8
2026-08-01T02:48:30Z,-35.5171,46.1862,d
2026-08-01T01:58:47Z,29.8848,-137.6461,3
2026-08-01T08:10:02Z,-5.8496,111.1279,5
2026-08-01T15:53:01Z,-26.4655,-34.7024,l
2026-08-01T22:55:47Z,35.8257,33.6816,z
2026-08-01T22:43:56Z,-53.7235,139.3362,0
2026-08-01T11:31:02Z,-5.6328,-101.7735,k
2026-08-01T00:12:53Z,-50.6623,-167.1193,i
2026-08-01T23:00:21Z,-7.2602,1.2618,n
2026-08-01T15:51:37Z,-38.4482,-35.4151,n
2026-08-01T05:07:00Z,14.7206,171.9263,b
2026-08-01T14:53:06Z,53.8986,107.6292,f
2026-08-01T23:09:20Z,47.1099,-168.6527,3
2026-08-01T07:55:40Z,-45.8865,72.6997,c
2026-08-01T08:47:10Z,31.1205,-100.2751,6
2026-08-01T08:40:26Z,45.6613,-118.5898,f
2026-08-01T08:30:40Z,53.4793,59.9578,m
2026-08-01T02:47:17Z,-17.1444,-125.5753,u
2026-08-01T07:20:57Z,2.0443,-54.8933,x
2026-08-01T01:13:37Z,-46.3493,-165.5505,1
2026-08-01T04:26:20Z,30.0411,83.4164,3
2026-08-01T19:07:15Z,-35.2289,-60.7879,v
2026-08-01T12:55:31Z,-42.8879,27.4502,o
2026-08-01T16:00:51Z,-10.3395,-12.7504,8
2026-08-01T15:07:35Z,-58.3396,-114.1003,m
2026-08-01T15:19:06Z,-14.3291,-169.1829,a
2026-08-01T19:37:32Z,11.3103,68.3745,z
2026-08-01T15:23:00Z,-23.4514,-158.4334,p
2026-08-01T10:43:18Z,34.7657,22.3601,c
2026-08-01T19:55:14Z,12.4368,-75.8838,9
2026-08-01T22:54:53Z,39.1694,34.7255,x
2026-08-01T06:59:52Z,-25.5785,34.1756,q
2026-08-01T13:57:43Z,-47.3191,-101.0642,y
2026-08-01T18:57:00Z,-53.0575,-179.9432,s
2026-08-01T09:36:06Z,-18.2095,65.0671,6
2026-08-01T11:36:53Z,-42.3645,167.8337,z
2026-08-01T07:26:37Z,-57.1055,149.0174,_
2026-08-01T15:18:45Z,-17.5705,-168.4872,w
2026-08-01T02:43:32Z,-19.7534,27.3477,e
2026-08-01T14:46:31Z,57.7983,66.9624,5
2026-08-01T04:09:23Z,14.8824,-23.1553,r
2026-08-01T21:54:47Z,-52.5523,155.7099,_
2026-08-01T09:44:51Z,-7.8188,5.3664,e
2026-08-01T04:15:58Z,7.0004,-150.1054,u
2026-08-01T19:03:15Z,31.0606,-107.8161,i
2026-08-01T01:10:25Z,45.0135,-67.3036,v
2026-08-01T16:10:14Z,22.9444,1.2742,_
2026-08-01T05:55:04Z,-20.4292,52.7758,q
2026-08-01T13:49:16Z,-23.0840,-135.9669,v
2026-08-01T03:53:52Z,-21.4479,168.7682,1
2026-08-01T21:11:17Z,51.2425,155.9026,w
2026-08-01T04:21:35Z,-26.7334,-151.2254,p
2026-08-01T02:22:23Z,50.2782,-73.5151,n
2026-08-01T21:28:25Z,20.9759,73.2161,0
2026-08-01T17:54:24Z,40.4722,13.6372,i
2026-08-01T05:49:30Z,46.2707,51.3198,{
2026-08-01T04:42:58Z,-37.2493,111.8106,5
2026-08-01T13:54:08Z,-39.7991,-119.3708,}
2026-08-01T22:32:18Z,33.2951,-82.6253,r
2026-08-01T18:22:54Z,-4.1051,130.5684,u
2026-08-01T13:50:36Z,6.7117,-31.6402,d
2026-08-01T08:59:02Z,-15.7161,134.0478,7
2026-08-01T18:16:44Z,18.4897,115.0198,d
2026-08-01T22:43:16Z,45.4431,-34.8885,c
2026-08-01T02:26:50Z,-4.0186,-178.4791,l
2026-08-01T22:26:41Z,22.3865,-92.5798,b
2026-08-01T08:07:35Z,-25.7281,-14.8767,o
2026-08-01T05:59:42Z,-13.9208,171.6199,8
2026-08-01T05:00:26Z,57.6257,-84.4666,1
2026-08-01T19:22:19Z,25.5034,165.6191,m
2026-08-01T00:09:29Z,-42.2014,54.0520,i
2026-08-01T10:39:20Z,-28.3560,-85.2616,{
2026-08-01T12:51:31Z,-36.2127,-3.0250,a
2026-08-01T00:51:35Z,-28.3547,85.1396,e
2026-08-01T09:35:45Z,-21.6525,69.1946,{
2026-08-01T22:44:00Z,-15.2739,-14.6588,a
2026-08-01T20:01:31Z,30.7330,107.4517,e
2026-08-01T11:04:52Z,-42.3717,22.5626,s
2026-08-01T16:04:17Z,37.4321,-71.1735,u
2026-08-01T02:06:47Z,41.3868,-113.8201,{
2026-08-01T10:42:28Z,-29.7647,-84.3134,z
2026-08-01T23:32:30Z,19.7632,-52.2575,_
2026-08-01T06:52:46Z,4.3250,166.8696,l
2026-08-01T09:12:39Z,32.8254,3.4483,z
2026-08-01T21:08:16Z,-57.9500,151.4084,z
2026-08-01T23:35:26Z,58.8612,-88.3656,p
2026-08-01T10:42:41Z,-42.2971,-80.8041,r
2026-08-01T21:13:38Z,-11.0249,127.9255,w
2026-08-01T23:23:37Z,-44.8304,92.5378,h
2026-08-01T13:28:39Z,34.2372,179.1793,n
2026-08-01T06:34:17Z,2.4286,129.3204,a
2026-08-01T03:17:10Z,-16.1483,-62.1713,j
2026-08-01T00:49:45Z,37.8334,4.5684,g
2026-08-01T16:54:46Z,-25.1326,136.7566,p
2026-08-01T18:32:04Z,-20.9331,142.0537,w
2026-08-01T14:19:03Z,-27.2169,-4.8516,x
2026-08-01T23:15:49Z,42.5455,54.6136,g
2026-08-01T14:02:09Z,-24.5377,-46.9924,z
2026-08-01T21:47:26Z,-42.6046,111.7382,j
2026-08-01T17:12:39Z,-17.1159,-168.7108,r
2026-08-01T14:30:53Z,0.9169,18.2328,1
2026-08-01T21:57:21Z,45.0970,101.1307,l
2026-08-01T05:47:07Z,-4.9162,157.4650,l
2026-08-01T21:56:01Z,51.0695,-122.1181,w
2026-08-01T14:55:39Z,2.5778,-26.3009,r
2026-08-01T05:39:19Z,24.7389,-57.2129,m
2026-08-01T18:36:00Z,-32.6234,159.4139,c
2026-08-01T14:31:41Z,33.8154,28.2326,h
2026-08-01T15:20:39Z,-51.0468,144.3685,z
2026-08-01T12:18:36Z,-29.9144,-149.6938,0
2026-08-01T16:18:32Z,19.9167,-8.8709,k
2026-08-01T01:51:37Z,-33.7375,-165.8052,1
2026-08-01T08:26:59Z,39.5094,163.1300,k
2026-08-01T11:43:16Z,49.1935,151.7725,5
2026-08-01T02:02:24Z,20.7821,56.4150,m
2026-08-01T07:38:51Z,-48.6218,-8.9959,q
2026-08-01T04:48:28Z,-37.7525,129.9381,y
2026-08-01T19:44:36Z,34.9422,72.8678,l
2026-08-01T19:40:13Z,58.3932,174.4806,k
2026-08-01T07:26:04Z,48.5174,115.8411,2
2026-08-01T08:46:56Z,33.5118,-104.0583,q
2026-08-01T18:45:23Z,-58.7551,30.9831,q
2026-08-01T10:35:10Z,-11.7199,-99.7830,b
2026-08-01T03:16:23Z,-28.0079,159.5370,u
2026-08-01T22:34:18Z,-18.9296,120.4680,u
2026-08-01T07:07:51Z,24.3521,-99.0862,c
2026-08-01T18:17:18Z,15.4628,110.8538,q
2026-08-01T22:35:16Z,37.0156,-69.9351,q
2026-08-01T20:53:15Z,14.4029,-62.9829,3
2026-08-01T21:18:50Z,54.9294,138.5609,n
2026-08-01T21:37:35Z,-13.5415,86.8408,x
2026-08-01T04:13:46Z,56.4468,62.9661,7
2026-08-01T02:08:46Z,-5.4376,-85.9063,j
2026-08-01T03:33:23Z,0.8278,28.9472,6
2026-08-01T10:11:31Z,50.9215,-165.5721,i
2026-08-01T23:17:38Z,-27.8937,70.8072,o
2026-08-01T13:46:36Z,32.1737,103.5528,j
2026-08-01T21:49:36Z,-29.7009,124.8253,n
2026-08-01T06:17:11Z,-12.7832,116.4982,z
2026-08-01T23:57:49Z,-48.1118,124.7838,w
2026-08-01T02:22:30Z,52.7907,-10.2160,4
2026-08-01T18:06:31Z,52.1818,77.5253,z
2026-08-01T22:58:49Z,-42.0657,-95.2371,3
2026-08-01T14:05:03Z,-45.7130,-69.1635,o
2026-08-01T09:50:37Z,22.5844,117.6542,p
2026-08-01T22:15:33Z,-20.9072,-113.7474,_
2026-08-01T20:55:06Z,44.2901,-130.9309,a
2026-08-01T14:31:25Z,13.0797,15.6833,b
2026-08-01T07:00:19Z,59.1768,-133.0298,h
2026-08-01T16:25:08Z,12.9837,-15.7480,x
2026-08-01T07:28:57Z,-32.9351,-69.2633,d
2026-08-01T09:57:11Z,40.3951,-116.6197,m
2026-08-01T23:59:27Z,14.0898,-117.6216,j
2026-08-01T17:03:34Z,-27.6535,-134.9291,q
2026-08-01T19:23:00Z,33.3091,-40.5394,b
2026-08-01T19:32:48Z,1.4049,-145.3809,u
2026-08-01T02:59:06Z,-53.2731,84.2219,5
2026-08-01T09:52:34Z,-12.9639,67.8390,g
2026-08-01T15:39:50Z,58.4184,8.6845,3
2026-08-01T02:37:00Z,3.1828,3.7770,1
2026-08-01T16:39:13Z,2.3482,157.2112,y
2026-08-01T01:57:35Z,-55.7319,134.3418,c
2026-08-01T09:36:29Z,-27.6261,71.8478,m
2026-08-01T12:32:44Z,57.8141,19.3058,z
2026-08-01T14:17:38Z,-32.5647,130.7171,2
2026-08-01T18:03:56Z,13.4835,79.5000,a
2026-08-01T21:06:16Z,52.9770,-21.5022,k
2026-08-01T10:49:39Z,-50.8270,-52.8904,2
2026-08-01T05:17:45Z,42.9814,-154.6031,k
2026-08-01T14:04:09Z,-48.1015,-64.3242,f
2026-08-01T20:47:10Z,6.7426,-80.6406,k
2026-08-01T11:11:39Z,-21.8574,46.9057,7
2026-08-01T01:11:35Z,37.7548,123.9991,w
2026-08-01T05:43:38Z,-50.4771,-10.7816,h
2026-08-01T20:18:21Z,-10.6633,160.9003,n
2026-08-01T19:44:27Z,40.6890,74.0043,s
2026-08-01T11:32:44Z,42.8651,98.2899,f
2026-08-01T22:22:38Z,3.4281,-98.0328,l
2026-08-01T09:32:04Z,-32.5253,57.0088,v
2026-08-01T03:40:06Z,-4.8490,-178.8414,{
2026-08-01T15:32:53Z,24.3403,106.3076,3
2026-08-01T10:38:28Z,-21.2680,-83.4732,u
2026-08-01T11:25:33Z,53.7612,-140.5603,x
2026-08-01T17:25:15Z,-34.3424,-58.1599,i
2026-08-01T17:09:37Z,-57.2303,-141.6613,j
2026-08-01T07:02:35Z,-47.1825,123.2704,m
2026-08-01T16:25:18Z,18.8465,-1.3563,s
2026-08-01T18:19:00Z,18.2838,120.8271,j
2026-08-01T06:28:04Z,53.3719,8.7234,0
2026-08-01T19:59:02Z,-2.1434,102.1644,4
2026-08-01T02:17:19Z,-10.6630,83.5519,g
2026-08-01T11:35:51Z,51.5761,-32.3556,q
2026-08-01T10:29:41Z,3.2845,-107.8369,c
2026-08-01T09:59:53Z,40.1387,129.7653,l
2026-08-01T20:15:27Z,25.4004,72.4022,3
2026-08-01T01:16:07Z,-41.0593,77.2214,g
2026-08-01T18:45:19Z,-59.5632,-162.8786,3
2026-08-01T18:14:09Z,6.3445,-170.2786,0
2026-08-01T11:06:45Z,23.0766,35.6642,s
2026-08-01T14:09:53Z,-46.1619,-46.9812,u
2026-08-01T04:25:28Z,-41.4287,17.8470,s
2026-08-01T21:39:00Z,-41.0295,80.6443,g
2026-08-01T07:56:56Z,-21.8069,57.1979,i
2026-08-01T05:36:46Z,32.6577,-66.7457,f
2026-08-01T01:57:23Z,-24.6692,176.5480,t
2026-08-01T14:58:44Z,49.7355,140.9683,b
2026-08-01T03:53:19Z,42.4508,-68.3326,r
2026-08-01T22:16:37Z,-10.2196,-112.9968,1
2026-08-01T23:02:02Z,22.2419,52.2199,r
2026-08-01T13:33:57Z,52.7528,-85.6506,y
2026-08-01T22:45:05Z,10.8344,-103.0732,h
2026-08-01T11:21:41Z,-8.1583,-38.8074,4
2026-08-01T11:31:40Z,35.0795,-44.4561,r
2026-08-01T17:36:17Z,-0.0501,-45.7496,7
2026-08-01T09:59:12Z,-27.4510,-90.1386,s
2026-08-01T11:15:57Z,-49.1178,70.5655,d
2026-08-01T08:12:53Z,30.3501,56.4788,9
2026-08-01T09:43:59Z,53.9645,177.5632,1
2026-08-01T07:32:39Z,-28.6541,-33.1474,g
2026-08-01T04:34:43Z,-4.0445,13.6766,u
2026-08-01T13:52:15Z,-36.1901,-126.8952,j
2026-08-01T17:12:52Z,-25.2596,-43.8756,}
2026-08-01T09:59:11Z,41.6005,126.7312,1
2026-08-01T07:54:50Z,-57.1763,-23.0663,2
2026-08-01T17:40:57Z,14.8472,-24.3592,r
2026-08-01T06:25:05Z,-37.3307,110.1093,c
2026-08-01T04:06:28Z,10.6751,101.4892,p
2026-08-01T07:47:31Z,-56.4169,41.4305,m
2026-08-01T18:14:02Z,-49.6616,75.8297,o
2026-08-01T03:57:02Z,3.7938,17.5801,5
2026-08-01T09:16:34Z,-48.1220,-20.7249,k
2026-08-01T12:21:48Z,-41.5434,-91.7395,v
2026-08-01T21:16:54Z,-48.6824,-125.3284,w
2026-08-01T07:11:39Z,-17.2062,-177.5335,q
2026-08-01T00:38:49Z,11.4390,-129.7817,c
2026-08-01T09:34:01Z,-16.1741,30.7686,z
2026-08-01T14:33:47Z,19.8283,22.2448,a
2026-08-01T08:02:42Z,-15.4840,92.3141,r
2026-08-01T19:56:39Z,-55.0078,4.6833,f
2026-08-01T07:52:40Z,-0.9357,-177.8139,x
2026-08-01T04:12:24Z,-47.6044,24.5817,2
2026-08-01T23:57:19Z,5.6051,-133.6333,n
2026-08-01T20:57:52Z,17.4819,11.1861,s
2026-08-01T08:39:07Z,-3.7701,130.2663,p
2026-08-01T08:43:16Z,-35.9235,105.8381,t
2026-08-01T09:11:12Z,-46.7103,-47.6955,d
2026-08-01T01:16:35Z,-43.9913,64.0651,a
2026-08-01T22:35:59Z,-9.7860,-144.8514,3
2026-08-01T15:11:35Z,59.6433,-60.5558,9
2026-08-01T05:33:42Z,40.2385,-67.2239,u
2026-08-01T11:03:39Z,-40.0642,18.6694,v
2026-08-01T00:55:25Z,1.6926,-85.7895,q
2026-08-01T05:05:10Z,-56.7828,-175.5369,3
2026-08-01T07:20:59Z,0.8146,-127.6535,l
2026-08-01T13:46:47Z,-22.7423,-142.6475,u
2026-08-01T12:30:27Z,-18.1498,155.1688,8
2026-08-01T22:14:41Z,-20.5108,-119.8748,b
2026-08-01T12:54:15Z,23.5961,54.3792,}
2026-08-01T21:53:22Z,-8.4112,141.6493,0
2026-08-01T04:50:48Z,33.4649,1.8576,4
2026-08-01T14:23:18Z,-7.4830,102.6216,k
2026-08-01T00:20:57Z,12.3535,-119.8793,i
2026-08-01T03:53:21Z,-2.7099,160.7621,p
2026-08-01T07:10:57Z,-59.0738,-151.9642,3
2026-08-01T10:39:24Z,-21.5360,-88.0181,m
2026-08-01T07:45:35Z,-19.6455,-112.4072,4
2026-08-01T17:36:20Z,-1.3315,-39.2324,j
2026-08-01T04:56:09Z,59.1143,-81.7586,i
2026-08-01T14:12:13Z,18.5714,-53.9273,i
2026-08-01T22:02:43Z,-46.4950,-179.9168,y
2026-08-01T22:10:25Z,-46.8310,-40.9367,o
2026-08-01T20:36:09Z,-32.4245,-101.5181,8
2026-08-01T00:30:46Z,20.5068,-92.9777,s
2026-08-01T12:56:27Z,-7.1530,-141.2560,m
2026-08-01T05:19:10Z,53.5097,-140.0140,5
2026-08-01T20:03:50Z,-13.3123,112.3847,g
2026-08-01T12:50:57Z,-5.8027,20.3406,i
2026-08-01T02:21:31Z,-22.7969,68.9227,0
2026-08-01T17:53:10Z,-16.5913,85.3096,q
2026-08-01T04:07:02Z,-31.3509,-5.3473,a
2026-08-01T11:10:15Z,16.0315,-19.7385,0
2026-08-01T06:40:30Z,8.3825,168.5815,f
2026-08-01T08:44:46Z,-8.6597,72.8411,i
2026-08-01T12:00:53Z,19.7981,-134.8185,7
2026-08-01T10:23:11Z,16.4022,99.2350,v
2026-08-01T23:50:03Z,18.8137,-172.4280,k
2026-08-01T06:44:21Z,-16.3642,176.5902,m
2026-08-01T03:50:30Z,51.7709,-86.9022,b
2026-08-01T01:30:54Z,57.2051,62.7334,4
2026-08-01T15:00:15Z,38.2954,145.0106,w
2026-08-01T03:41:37Z,45.5970,-141.7478,3
2026-08-01T02:57:55Z,-54.1057,79.1145,4
2026-08-01T08:56:08Z,-19.1939,-38.1465,r
2026-08-01T04:46:46Z,-39.1238,116.6481,_
2026-08-01T04:21:05Z,-12.0977,21.1773,n
2026-08-01T19:57:45Z,36.7955,54.3372,s
2026-08-01T12:45:02Z,-28.9177,26.4827,2
2026-08-01T10:56:35Z,-53.3816,-9.9970,j
2026-08-01T07:56:24Z,26.8071,48.4753,t
2026-08-01T09:01:30Z,15.4362,-29.5969,0
2026-08-01T04:24:43Z,-33.4838,15.2119,u
2026-08-01T18:36:24Z,-28.0723,159.0549,_
2026-08-01T17:28:37Z,54.0293,-132.7178,s
2026-08-01T02:13:45Z,53.7247,-71.4690,{
2026-08-01T23:33:18Z,-50.2697,153.1750,6
2026-08-01T03:16:14Z,-57.3644,37.0363,y
2026-08-01T11:30:12Z,-34.3963,165.5947,q
2026-08-01T17:01:17Z,-10.7852,140.1333,1
2026-08-01T15:42:09Z,-11.3942,-65.0591,g
2026-08-01T14:45:25Z,-44.4979,-38.8518,0
2026-08-01T02:45:04Z,39.8781,-22.4154,a
2026-08-01T23:25:39Z,14.0345,-150.1071,p
2026-08-01T14:53:14Z,54.2244,108.1484,d
2026-08-01T14:29:51Z,42.5738,-8.7697,n
2026-08-01T22:29:58Z,33.9960,-85.4919,o
2026-08-01T09:48:03Z,19.0611,90.1570,2
2026-08-01T08:01:25Z,-22.3290,83.1250,h
2026-08-01T22:50:57Z,50.0040,16.6801,y
2026-08-01T13:58:21Z,55.4374,116.0689,v
2026-08-01T10:30:26Z,-31.1964,-53.3481,p
2026-08-01T03:26:30Z,6.2241,-175.2339,_
2026-08-01T08:49:19Z,-53.0493,109.5324,j
2026-08-01T02:50:16Z,-34.8897,50.6258,o
2026-08-01T07:43:11Z,-55.0875,12.3839,l
2026-08-01T11:01:10Z,-43.4163,13.9322,k
2026-08-01T23:13:37Z,-13.6025,72.6686,m
2026-08-01T01:27:44Z,-25.3491,-40.8513,y
2026-08-01T21:31:14Z,35.9958,82.4321,i
2026-08-01T05:33:24Z,36.5855,-163.6339,j
2026-08-01T17:28:58Z,-27.5658,-57.5927,b
2026-08-01T09:12:45Z,25.4507,-126.0470,i
2026-08-01T02:49:55Z,16.2748,11.3338,s
2026-08-01T14:21:18Z,27.2999,-143.7440,g
2026-08-01T23:47:23Z,11.1010,-3.6511,7
2026-08-01T01:35:51Z,-41.2775,173.8233,z
2026-08-01T06:02:01Z,-41.6029,7.0281,i
2026-08-01T12:22:10Z,38.8657,-178.1817,u
2026-08-01T15:53:08Z,-1.0721,70.8426,m
2026-08-01T11:33:44Z,37.5654,102.2502,5
2026-08-01T07:32:53Z,-3.6591,96.4601,m
2026-08-01T07:56:01Z,-16.7107,-139.4114,f
2026-08-01T12:46:13Z,-21.3107,19.4102,d
2026-08-01T21:02:33Z,58.5162,144.0871,4
2026-08-01T06:56:25Z,49.1365,-156.9495,g
2026-08-01T03:21:04Z,42.7398,34.7286,i
2026-08-01T15:21:35Z,-30.8354,-23.0450,a
2026-08-01T06:03:03Z,-8.0671,-107.7544,k
2026-08-01T22:45:05Z,53.0526,-21.0319,z
2026-08-01T20:28:33Z,-53.4081,-133.5126,l
2026-08-01T05:17:49Z,50.7884,-151.5979,u
2026-08-01T08:08:15Z,-43.4357,-146.8263,x
2026-08-01T14:32:16Z,16.1175,18.3364,c
2026-08-01T20:40:49Z,-15.6786,-101.9537,4
2026-08-01T17:02:03Z,-37.2900,-176.8311,s
2026-08-01T07:39:20Z,-4.9008,86.6984,_
2026-08-01T21:33:40Z,0.4342,81.6086,x
2026-08-01T01:59:58Z,32.7232,-130.0889,j
2026-08-01T20:30:21Z,-21.9376,-33.9314,r
2026-08-01T03:25:17Z,3.0584,174.1113,7
2026-08-01T12:10:44Z,14.3249,121.4106,q
2026-08-01T21:07:56Z,5.7139,12.4838,h
2026-08-01T14:52:14Z,49.8401,99.7748,5
2026-08-01T19:14:29Z,24.5987,-61.7427,u
2026-08-01T06:46:19Z,-19.2556,94.3777,g
2026-08-01T15:20:28Z,-14.3868,-171.5157,3
2026-08-01T09:06:20Z,-31.9795,-52.2092,c
2026-08-01T16:43:53Z,35.9315,114.2432,8
2026-08-01T00:09:07Z,-49.1784,147.9224,x
2026-08-01T19:21:21Z,29.1268,-36.9089,q
2026-08-01T13:37:27Z,-31.6996,11.3774,a
2026-08-01T14:51:57Z,44.9075,100.0535,w
2026-08-01T03:33:41Z,52.8254,132.0304,_
2026-08-01T20:45:46Z,22.7936,167.8600,s
2026-08-01T16:19:22Z,41.6531,39.3568,g
2026-08-01T15:11:57Z,7.2736,-76.1591,1
2026-08-01T13:52:09Z,-48.5701,-70.6053,}
2026-08-01T00:41:58Z,45.1798,-28.7525,n
2026-08-01T15:40:23Z,-43.8672,-29.9842,9
2026-08-01T05:49:52Z,-11.2194,-23.7284,h
2026-08-01T14:34:33Z,20.1914,28.8282,7
2026-08-01T03:42:43Z,56.5900,-128.4251,q
2026-08-01T00:40:58Z,53.9788,-35.1718,e
2026-08-01T22:09:34Z,-31.4343,-136.6802,}
2026-08-01T03:29:11Z,6.2216,-167.9994,e
2026-08-01T05:29:34Z,33.3713,-127.9506,f
2026-08-01T10:18:20Z,59.0372,-47.5239,o
2026-08-01T17:13:52Z,-51.9089,-113.8203,v
2026-08-01T01:16:03Z,-36.7206,73.6751,p
2026-08-01T23:57:37Z,26.2661,-76.9843,i
2026-08-01T12:19:08Z,-36.8702,-96.3980,3
2026-08-01T08:53:31Z,7.5444,-90.2855,e
2026-08-01T07:19:45Z,-8.2920,-141.3816,v
2026-08-01T05:10:50Z,33.5585,-173.5532,2
2026-08-01T09:01:07Z,-16.3940,-77.4777,5
2026-08-01T22:50:31Z,44.8444,16.3214,a
2026-08-01T03:55:04Z,-51.3781,-13.6852,v
2026-08-01T01:49:09Z,-4.2344,-156.2416,{
2026-08-01T06:01:16Z,-1.0722,-98.0763,w
2026-08-01T20:59:31Z,6.8678,123.6034,6
2026-08-01T03:24:01Z,-1.3725,174.5779,q
2026-08-01T06:55:40Z,51.9648,-165.2373,a
2026-08-01T07:48:31Z,-57.7946,37.8423,}
2026-08-01T04:07:31Z,-20.2165,-0.5767,6
2026-08-01T18:11:00Z,33.9719,100.7042,d
2026-08-01T19:25:09Z,40.9874,-24.6687,t
2026-08-01T22:08:41Z,56.7029,9.9997,7
2026-08-01T12:33:57Z,-49.7184,-28.4324,_
2026-08-01T03:04:13Z,-51.4330,111.9400,s
2026-08-01T14:58:20Z,-50.2468,-37.8699,d
2026-08-01T14:22:48Z,-15.3344,10.0005,m
2026-08-01T17:33:18Z,-12.8836,-154.5649,a
2026-08-01T16:56:19Z,-12.0966,171.0287,}
2026-08-01T04:23:40Z,-34.8201,-26.3225,h
2026-08-01T22:58:56Z,8.3092,-172.4723,e
2026-08-01T07:15:15Z,-6.8647,20.3553,s
2026-08-01T22:44:04Z,56.0702,-28.1631,x
2026-08-01T17:34:02Z,8.7716,103.3914,4
2026-08-01T15:57:15Z,-21.5016,-12.0882,i
2026-08-01T15:37:49Z,-25.9340,-71.8185,p
2026-08-01T05:06:29Z,7.3643,0.4376,0
2026-08-01T06:51:21Z,-13.8896,-138.3553,2
2026-08-01T13:09:59Z,-46.6529,16.5655,l
2026-08-01T17:53:44Z,43.2216,11.2809,v
2026-08-01T21:28:14Z,15.8587,71.5950,5
2026-08-01T09:43:54Z,-34.1327,68.1848,7
2026-08-01T15:32:56Z,-49.4424,-127.7446,}
2026-08-01T19:00:26Z,-30.3130,-92.0364,}
2026-08-01T11:46:16Z,8.3420,56.7385,w
2026-08-01T13:55:38Z,-43.2210,-116.4701,r
2026-08-01T15:49:42Z,13.9433,74.7886,x
2026-08-01T23:37:06Z,-54.1917,178.7273,_
2026-08-01T05:06:48Z,-39.3062,-48.5440,9
2026-08-01T00:12:26Z,5.6095,-152.0504,_
2026-08-01T17:00:05Z,-29.2906,-178.9713,4
2026-08-01T06:01:18Z,-16.1980,135.2304,v
2026-08-01T15:28:35Z,-36.3501,-138.0318,y
2026-08-01T00:29:25Z,39.0468,-91.3365,e
2026-08-01T15:52:18Z,7.6963,-134.1367,5
2026-08-01T21:26:08Z,22.0886,65.6305,x
2026-08-01T17:44:00Z,18.6587,-28.6401,y
2026-08-01T01:26:39Z,47.0631,-64.8904,9
2026-08-01T18:10:54Z,43.2654,104.0228,0
2026-08-01T20:46:45Z,41.1832,-9.6812,6
2026-08-01T19:19:39Z,22.9955,-35.7949,6
2026-08-01T21:31:32Z,6.4690,81.0240,q
2026-08-01T20:48:48Z,-0.2774,-83.2731,v
2026-08-01T23:15:57Z,-20.2261,77.1727,t
2026-08-01T08:42:02Z,43.2202,35.7875,m
2026-08-01T01:46:43Z,-9.1941,-161.5880,w
2026-08-01T01:16:51Z,-38.7032,69.8631,7
2026-08-01T13:44:02Z,-19.2280,-177.4788,7
2026-08-01T05:52:35Z,-15.6031,-27.2273,b
2026-08-01T14:06:00Z,-60.9939,-58.8155,0
2026-08-01T21:22:52Z,33.6909,61.7035,w
2026-08-01T11:12:39Z,-53.3320,-33.7108,x
2026-08-01T02:51:48Z,-42.8662,-111.7146,6
2026-08-01T00:49:25Z,16.3515,63.0482,6
2026-08-01T04:02:03Z,33.7987,-35.8982,h
2026-08-01T17:14:15Z,-1.4433,67.2950,n
2026-08-01T00:42:26Z,54.8121,-26.0635,1
2026-08-01T09:46:31Z,3.8992,87.9599,m
2026-08-01T08:48:04Z,24.6756,-98.6271,y
2026-08-01T23:53:17Z,32.2016,-47.0133,z
2026-08-01T11:30:44Z,34.3762,97.6469,t
2026-08-01T19:23:48Z,38.0466,-32.5250,z
2026-08-01T15:26:19Z,-33.7949,-154.7899,t
2026-08-01T02:38:18Z,-5.9933,8.8441,3
2026-08-01T07:28:57Z,36.3244,106.4730,0
2026-08-01T14:52:15Z,46.3486,100.0731,y
2026-08-01T07:15:20Z,-49.0222,42.6219,0
2026-08-01T21:28:51Z,-57.7700,105.0775,b
2026-08-01T11:05:06Z,-39.6650,29.9598,6
2026-08-01T09:40:44Z,-39.3866,99.4181,o
2026-08-01T00:32:13Z,-52.2401,120.4306,s
2026-08-01T19:13:44Z,5.1319,-61.1559,3
2026-08-01T05:05:59Z,10.3734,171.5149,s
2026-08-01T08:23:57Z,17.6934,-123.7812,7
2026-08-01T04:38:29Z,-49.5977,91.6078,9
2026-08-01T05:10:51Z,11.1798,-114.3163,4
2026-08-01T03:45:18Z,54.3489,-110.3453,z
2026-08-01T14:06:05Z,-28.4986,162.4009,h
2026-08-01T02:29:02Z,30.2524,-5.4891,8
2026-08-01T20:02:59Z,-12.5623,110.0710,q
2026-08-01T10:07:41Z,29.0529,177.8591,6
2026-08-01T03:39:06Z,-19.9623,61.6734,0
2026-08-01T23:07:39Z,1.5111,59.5275,p
2026-08-01T19:31:54Z,46.5723,-3.4890,f
2026-08-01T21:46:33Z,58.5555,-121.8888,1
2026-08-01T13:03:43Z,45.8149,128.1827,i
2026-08-01T20:58:49Z,36.8983,-58.9828,e
2026-08-01T20:08:10Z,-21.1918,126.2880,c
2026-08-01T01:52:31Z,23.6045,77.8170,d
2026-08-01T10:53:11Z,39.5050,-42.8362,9
2026-08-01T02:55:49Z,2.1790,-77.1720,u
2026-08-01T17:30:59Z,-42.9300,-100.7554,7
2026-08-01T10:48:10Z,-51.1218,-63.5325,4
2026-08-01T09:33:53Z,-26.3783,54.8745,u
2026-08-01T19:04:10Z,-4.7709,-152.6894,h
2026-08-01T05:02:00Z,47.5048,-122.9681,k
2026-08-01T13:37:03Z,-7.1569,113.4409,s
2026-08-01T17:31:55Z,-11.8113,-43.8940,}
2026-08-01T10:40:43Z,-22.0192,122.2533,l
2026-08-01T22:08:09Z,51.6593,82.0487,7
2026-08-01T07:09:31Z,26.8206,-86.5390,p
2026-08-01T01:00:18Z,-16.7379,-59.4774,h
2026-08-01T14:51:22Z,-51.7184,66.4059,t
2026-08-01T08:40:25Z,52.9519,-145.2205,r
2026-08-01T01:03:48Z,38.4365,135.5764,7
2026-08-01T15:46:56Z,-39.1202,-57.8930,3
2026-08-01T01:55:08Z,13.0281,-143.8150,8
2026-08-01T07:09:53Z,30.9295,-81.8835,v
2026-08-01T10:22:12Z,24.3204,-127.6239,_
2026-08-01T17:33:43Z,-5.0162,-39.9533,9
2026-08-01T17:17:23Z,46.1214,170.6787,5
2026-08-01T17:05:22Z,-39.0092,-154.9760,v
2026-08-01T12:12:59Z,-16.1242,-85.2273,}
2026-08-01T11:15:25Z,-3.1857,55.6211,n
2026-08-01T02:25:40Z,35.5269,-11.7072,w
2026-08-01T22:10:12Z,45.6520,140.6354,z
2026-08-01T19:47:53Z,-21.6180,-81.6632,u
2026-08-01T12:41:50Z,-31.1935,5.9596,b
2026-08-01T22:45:16Z,41.3072,-158.6701,g
2026-08-01T13:01:04Z,22.6961,54.6577,x
2026-08-01T16:26:18Z,21.5555,56.4755,w
2026-08-01T10:55:58Z,20.6922,179.6129,m
2026-08-01T07:46:02Z,-57.8409,29.7391,_
2026-08-01T11:53:45Z,46.5768,141.8299,3
2026-08-01T18:40:02Z,6.1779,19.8207,i
2026-08-01T08:06:16Z,-10.0579,107.9622,n
2026-08-01T07:18:18Z,-16.7927,25.5732,f
2026-08-01T15:16:35Z,-5.3486,-173.6779,w
2026-08-01T04:35:15Z,2.5649,-92.2219,e
2026-08-01T01:52:01Z,-28.1155,91.6236,9
2026-08-01T09:08:10Z,13.7025,113.7811,m
2026-08-01T15:14:57Z,-1.4287,-172.9432,6
2026-08-01T04:27:51Z,21.2876,133.5575,}
2026-08-01T09:56:58Z,-10.7990,159.1261,z
2026-08-01T16:08:26Z,15.6462,4.8815,e
2026-08-01T11:10:50Z,38.9290,-130.1483,c
2026-08-01T20:42:54Z,-53.0837,178.2432,a
2026-08-01T17:54:43Z,39.7909,54.6291,y
2026-08-01T05:32:45Z,47.4905,-72.9093,o
2026-08-01T11:50:45Z,43.3130,-169.4351,k
2026-08-01T17:37:01Z,5.7815,-33.5963,u
2026-08-01T10:00:34Z,43.3129,129.5955,o
2026-08-01T21:21:57Z,35.2530,-150.6385,o
2026-08-01T12:00:09Z,50.7742,78.7873,r
2026-08-01T17:47:54Z,-5.6923,-16.2259,0
2026-08-01T20:44:44Z,-7.0693,-87.0034,b
2026-08-01T20:21:03Z,-52.1196,-177.1986,b
2026-08-01T18:06:48Z,41.2710,-19.0151,1
2026-08-01T04:42:38Z,-7.4789,-117.8167,j
2026-08-01T14:58:41Z,47.4781,138.2020,t
2026-08-01T21:02:54Z,44.3184,-38.8086,a
2026-08-01T07:33:11Z,-34.2528,-30.7145,7
2026-08-01T03:00:28Z,-54.7547,93.1574,r
2026-08-01T07:12:23Z,56.5624,62.8880,x
2026-08-01T01:29:41Z,-9.0425,163.2070,e
2026-08-01T02:23:52Z,41.1957,-29.4363,s
2026-08-01T21:11:30Z,54.0776,0.7250,s
2026-08-01T20:21:31Z,42.0492,-76.7944,_
2026-08-01T16:58:20Z,-19.2357,174.5021,q
2026-08-01T12:04:57Z,8.2957,-137.4272,o
2026-08-01T18:23:34Z,-49.1968,-51.3093,5
2026-08-01T09:18:20Z,-54.8682,-11.2867,t
2026-08-01T09:08:45Z,-57.2801,68.0577,l
2026-08-01T16:52:45Z,-6.0211,168.0338,z
2026-08-01T10:08:47Z,-45.7294,11.3812,e
2026-08-01T12:12:52Z,-46.5427,-107.6639,_
2026-08-01T11:48:29Z,44.6974,178.3941,a
2026-08-01T10:44:03Z,-36.4016,-21.5237,_
2026-08-01T17:20:57Z,-47.9425,-83.1896,s
2026-08-01T07:46:25Z,9.8585,-123.8829,w
2026-08-01T05:22:47Z,54.6114,-118.4387,r
2026-08-01T14:26:28Z,-11.4874,6.2551,p
2026-08-01T06:46:56Z,35.7222,111.4445,}
2026-08-01T03:13:53Z,2.3895,-108.0745,k
2026-08-01T23:48:56Z,-56.1326,100.9412,e
2026-08-01T10:52:28Z,-50.8960,-39.0287,1
2026-08-01T15:09:14Z,16.4755,166.4850,z
2026-08-01T03:48:24Z,-52.1702,-26.5867,3
2026-08-01T21:28:49Z,-0.1272,84.4481,e
2026-08-01T14:07:06Z,32.0245,137.1029,m
2026-08-01T12:05:01Z,19.6385,64.1812,s
2026-08-01T04:36:34Z,57.9752,149.4489,9
2026-08-01T00:18:37Z,1.4500,-120.4677,j
2026-08-01T06:44:18Z,11.4457,130.8730,{
2026-08-01T14:21:57Z,33.8062,-69.3160,z
2026-08-01T13:55:35Z,-39.5103,-123.0832,e
2026-08-01T15:06:06Z,-52.6676,142.8702,n
2026-08-01T14:36:35Z,48.3067,-161.8371,x
2026-08-01T20:24:43Z,-9.0380,154.3637,o
2026-08-01T12:48:19Z,32.3743,-36.3530,f
2026-08-01T21:54:38Z,9.9873,-70.5075,d
2026-08-01T10:34:24Z,-12.8843,-139.5247,v
2026-08-01T09:12:22Z,-46.2306,-38.0038,s
2026-08-01T11:43:47Z,16.3753,-84.7057,a
2026-08-01T13:38:34Z,3.0608,-161.7852,t
2026-08-01T06:21:28Z,0.8985,106.9602,7
2026-08-01T03:15:17Z,-26.8094,151.3507,c
2026-08-01T05:30:17Z,-53.4122,15.5809,c
2026-08-01T16:49:57Z,6.4071,156.6876,{
2026-08-01T18:49:59Z,-60.8191,-133.8580,m
2026-08-01T06:15:38Z,-47.8120,111.9535,8
2026-08-01T01:11:47Z,22.4753,105.7970,e
2026-08-01T07:59:17Z,39.3750,-114.9741,3
2026-08-01T13:25:53Z,36.1283,169.3497,b
2026-08-01T22:51:45Z,45.7906,14.1518,s
2026-08-01T01:28:03Z,-35.3781,-124.2477,_
2026-08-01T12:53:34Z,9.0943,34.7692,i
2026-08-01T00:49:35Z,36.0140,-0.6165,b
2026-08-01T12:11:12Z,51.2887,21.9728,p
2026-08-01T17:21:37Z,-38.7740,-82.1818,f
2026-08-01T22:31:59Z,29.4522,-162.9459,l
2026-08-01T22:07:07Z,20.7748,-96.9205,d
2026-08-01T19:11:35Z,-27.9489,-128.3316,f
2026-08-01T13:54:11Z,30.4226,41.2341,o
2026-08-01T15:19:28Z,-12.4537,-61.5144,y
2026-08-01T16:05:00Z,13.3306,-6.1593,7
2026-08-01T11:26:16Z,22.1991,76.3515,e
2026-08-01T05:01:17Z,-7.5753,-169.0407,8
2026-08-01T04:23:09Z,-14.5986,157.4516,i
2026-08-01T09:04:29Z,46.7825,-138.6917,2
2026-08-01T14:00:12Z,50.4769,-54.6783,u
2026-08-01T12:40:03Z,-53.1490,65.4536,m
2026-08-01T07:03:49Z,28.3141,-91.0990,z
2026-08-01T01:19:57Z,0.4871,141.8876,l
2026-08-01T07:32:59Z,6.2973,-70.7801,k
2026-08-01T05:15:26Z,35.0554,-161.1545,h
2026-08-01T11:50:50Z,35.2371,91.2954,2
2026-08-01T09:21:57Z,-51.4988,6.4430,e
2026-08-01T08:22:46Z,41.2125,143.5033,n
2026-08-01T04:39:48Z,-47.7793,102.8597,c
2026-08-01T17:56:02Z,58.9694,-144.9027,5
2026-08-01T18:27:43Z,16.5106,-153.3346,7
2026-08-01T19:50:02Z,2.3668,137.5715,u
2026-08-01T02:50:33Z,-44.0420,40.5921,g
2026-08-01T18:36:19Z,-22.5898,51.8846,p
2026-08-01T17:57:09Z,57.5356,26.0594,a
2026-08-01T09:43:22Z,-1.0286,82.5073,u
2026-08-01T00:46:00Z,46.1424,-10.1399,u
2026-08-01T15:46:50Z,-40.5024,-49.3964,8
2026-08-01T18:48:57Z,-55.0360,-131.6404,j
2026-08-01T06:59:10Z,55.2756,-143.1235,i
2026-08-01T16:27:52Z,51.2659,77.8879,i
2026-08-01T23:02:02Z,22.3489,48.6603,0
2026-08-01T21:49:11Z,-20.3010,14.7934,b
2026-08-01T08:03:02Z,-38.9822,-61.7718,e
2026-08-01T11:49:12Z,59.5731,103.1424,d
2026-08-01T08:42:28Z,-32.1883,131.3661,1
2026-08-01T20:56:52Z,33.4394,-65.7443,p
2026-08-01T21:31:39Z,7.7726,86.6616,k
2026-08-01T10:04:00Z,40.5819,165.0402,2
2026-08-01T14:09:18Z,-48.2352,-46.1202,_
2026-08-01T12:18:21Z,24.3943,-77.0483,d
2026-08-01T03:46:00Z,-27.8734,120.8683,v
2026-08-01T10:24:38Z,14.7539,142.7416,8
2026-08-01T08:15:56Z,22.0496,124.6280,m
2026-08-01T07:06:26Z,23.7630,2.8180,a
2026-08-01T11:55:15Z,26.1007,-159.9721,y
2026-08-01T04:35:54Z,-34.0503,-13.9233,4
2026-08-01T19:51:19Z,21.3079,-69.5612,m
2026-08-01T21:35:17Z,-13.6232,136.0499,_
2026-08-01T14:23:09Z,-26.7012,166.6936,d
2026-08-01T12:00:49Z,-13.5066,-13.6893,f
2026-08-01T10:06:57Z,4.9459,-42.3662,c
2026-08-01T14:17:10Z,-30.6060,-16.8333,s
2026-08-01T17:54:34Z,51.9588,14.0674,f
2026-08-01T16:11:11Z,-51.7366,-177.0428,a
2026-08-01T22:52:25Z,19.4381,-59.1803,1
2026-08-01T18:34:30Z,-36.5769,-144.1404,h
2026-08-01T20:42:37Z,42.6438,-73.1043,k
2026-08-01T13:39:42Z,-46.0958,-25.7862,j
2026-08-01T16:49:34Z,-0.6775,158.2248,i
2026-08-01T21:02:38Z,4.9359,161.6037,7
2026-08-01T05:38:46Z,32.9197,28.4490,v
2026-08-01T16:54:03Z,-12.2899,165.0879,s
2026-08-01T17:57:00Z,49.3492,30.1439,3
2026-08-01T19:11:22Z,-1.4942,87.5826,w
2026-08-01T07:18:49Z,33.2158,140.1675,n
2026-08-01T03:30:17Z,12.3492,-175.8564,}
2026-08-01T23:46:08Z,-31.1014,-159.5359,v
2026-08-01T00:18:53Z,9.2666,-121.5956,{
2026-08-01T22:53:49Z,39.6262,22.3649,d
2026-08-01T02:56:35Z,-50.7344,64.4127,c
2026-08-01T03:32:50Z,29.4532,-160.6381,8
2026-08-01T07:02:06Z,-16.2285,114.7790,1
2026-08-01T18:09:50Z,39.4594,93.7530,c
2026-08-01T19:19:58Z,5.8381,59.7704,3
2026-08-01T09:46:37Z,7.9193,88.7169,_
2026-08-01T16:27:41Z,-13.2849,103.6490,q
2026-08-01T14:32:09Z,7.5078,16.0642,y
2026-08-01T22:14:34Z,-18.2286,-124.3702,7
2026-08-01T13:59:40Z,28.6439,-143.7558,1
2026-08-01T23:01:32Z,-1.2235,172.3439,0
2026-08-01T18:28:52Z,-18.9552,143.0099,v
2026-08-01T18:02:27Z,34.2441,-119.2372,p
2026-08-01T14:26:44Z,-3.1932,17.1109,a
2026-08-01T00:21:52Z,15.5515,-114.3688,w
2026-08-01T21:28:22Z,22.0703,70.4110,k
2026-08-01T02:58:07Z,-53.1206,75.7164,l
2026-08-01T17:18:32Z,51.3085,45.0768,c
2026-08-01T13:00:16Z,53.3357,-138.0795,u
2026-08-01T10:04:38Z,58.8433,-147.4362,o
2026-08-01T18:33:25Z,-27.5922,151.9639,h
2026-08-01T01:51:46Z,2.3565,-156.4605,l
2026-08-01T11:49:54Z,20.9628,-50.2180,8
2026-08-01T15:11:16Z,7.6059,179.0812,3
2026-08-01T02:04:51Z,10.8364,53.3336,s
2026-08-01T03:00:41Z,29.9693,149.6020,j
2026-08-01T04:35:28Z,-45.9186,70.7537,l
2026-08-01T01:27:09Z,-55.2396,122.6324,k
2026-08-01T11:36:03Z,26.3652,82.2357,0
2026-08-01T20:25:59Z,35.2353,175.8436,5
2026-08-01T00:48:17Z,-31.4570,-97.1557,8
2026-08-01T22:52:56Z,44.7416,125.6227,c
2026-08-01T20:01:22Z,3.7050,47.6561,l
2026-08-01T02:27:49Z,33.6408,-8.8989,o
2026-08-01T16:49:23Z,3.7265,152.0879,q
2026-08-01T00:35:37Z,50.5077,-72.3632,q
2026-08-01T10:03:04Z,-43.6837,-141.3182,w
2026-08-01T05:43:13Z,9.5591,-39.4464,c
2026-08-01T09:46:44Z,6.1976,99.1260,2
2026-08-01T19:10:39Z,1.5710,-62.7201,a
2026-08-01T05:34:23Z,-43.3018,-57.6485,z
2026-08-01T18:31:22Z,-13.3876,147.7720,n
2026-08-01T07:27:07Z,-1.2435,93.6790,r
2026-08-01T18:23:11Z,10.4252,127.0333,k
2026-08-01T19:19:44Z,17.4543,-37.0576,9
2026-08-01T07:59:35Z,-31.2209,82.4194,j
2026-08-01T15:46:17Z,-48.9489,-59.3890,7
2026-08-01T00:56:43Z,11.2470,32.7424,p
2026-08-01T12:08:36Z,-15.2620,-120.9970,e
2026-08-01T00:32:45Z,25.7557,-167.0396,j
2026-08-01T11:55:46Z,28.9518,-160.7356,2
2026-08-01T05:12:47Z,44.4536,-169.3507,i
2026-08-01T23:43:58Z,-27.9769,-14.9106,_
2026-08-01T10:40:18Z,-22.2557,-89.6686,6
2026-08-01T09:00:08Z,-10.9642,-67.5074,z
2026-08-01T21:59:58Z,23.7597,-152.5308,x
2026-08-01T02:07:18Z,-4.1977,-179.9215,s
2026-08-01T15:00:05Z,17.5800,36.0330,2
2026-08-01T22:09:43Z,4.0522,7.0293,l
2026-08-01T21:34:11Z,-6.1931,91.2999,d
2026-08-01T10:50:13Z,-30.3912,-37.0809,7
2026-08-01T15:32:07Z,-6.6115,-163.3123,d
2026-08-01T23:07:17Z,33.9829,-84.7440,6
2026-08-01T02:28:07Z,34.9387,-3.9855,i
2026-08-01T00:25:30Z,29.0483,-104.0793,i
2026-08-01T08:37:28Z,51.2528,-133.1406,l
2026-08-01T19:55:22Z,-0.3534,177.1949,t
2026-08-01T17:04:33Z,-26.6741,166.5401,t
2026-08-01T09:42:30Z,-44.8205,-124.3741,b
2026-08-01T22:57:52Z,-9.0126,72.6839,h
2026-08-01T21:05:36Z,0.6611,88.7481,p
2026-08-01T07:27:39Z,-20.6787,-51.2722,u
2026-08-01T01:18:48Z,-41.3668,82.8241,w
2026-08-01T07:31:39Z,-35.0463,-36.7611,6
2026-08-01T05:55:04Z,-6.0840,51.2906,j
2026-08-01T13:42:21Z,-7.5243,-154.7787,4
2026-08-01T10:28:54Z,8.3943,-106.0415,s
2026-08-01T04:06:02Z,56.0244,81.6567,v
2026-08-01T05:58:56Z,-31.6994,-3.2548,y
2026-08-01T07:44:16Z,-47.9241,19.9013,f
2026-08-01T02:09:00Z,40.9233,-102.4008,2
2026-08-01T15:23:16Z,-28.2657,-162.5772,f
2026-08-01T10:49:46Z,-50.4118,-51.4013,w
2026-08-01T14:38:37Z,28.5723,32.6952,5
2026-08-01T18:50:47Z,3.3941,58.1201,}
2026-08-01T23:36:24Z,19.1580,-92.8628,d
2026-08-01T18:51:24Z,-57.7373,-120.6556,u
2026-08-01T23:46:49Z,39.5567,58.7093,s
2026-08-01T20:19:04Z,0.9922,121.7123,9
2026-08-01T11:01:16Z,-50.1303,11.1646,a
2026-08-01T01:19:00Z,-51.3240,78.3123,m
2026-08-01T13:10:51Z,41.7340,85.9178,m
2026-08-01T00:22:36Z,21.0035,-114.3663,6
2026-08-01T05:41:35Z,56.0898,27.3037,p
2026-08-01T02:52:26Z,53.6370,28.1162,k
2026-08-01T03:21:20Z,-10.5310,171.6518,g
2026-08-01T16:16:23Z,1.8184,104.2949,f
2026-08-01T07:09:02Z,46.2864,155.3413,9
2026-08-01T05:25:57Z,-40.5554,-106.1896,5
2026-08-01T01:39:27Z,8.3970,17.4559,c
2026-08-01T04:38:25Z,-45.5031,86.1254,3
2026-08-01T20:28:38Z,-44.3699,-133.8838,v
2026-08-01T11:34:05Z,-36.1247,177.8996,n
2026-08-01T21:08:08Z,53.6135,-9.6694,i
2026-08-01T15:51:00Z,-36.3029,-32.7356,}
2026-08-01T06:50:41Z,49.8912,-175.2213,w
2026-08-01T07:53:05Z,-50.1044,67.8109,p
2026-08-01T19:56:43Z,38.5352,-146.3114,w
2026-08-01T05:14:03Z,-30.9323,-20.3681,_
2026-08-01T16:52:50Z,-6.4080,162.1878,m
2026-08-01T18:49:50Z,22.2517,65.9313,s
2026-08-01T05:09:53Z,30.7053,-176.6626,y
2026-08-01T12:10:14Z,-7.1678,-124.5219,1
2026-08-01T14:27:11Z,2.4397,12.0521,h
2026-08-01T02:02:26Z,36.6721,-126.7219,8
2026-08-01T05:38:39Z,25.5714,-50.8219,s
2026-08-01T14:31:04Z,9.7016,12.9036,g
2026-08-01T23:33:29Z,27.8386,-148.0962,y
2026-08-01T22:40:10Z,49.8394,-55.2774,x
2026-08-01T04:00:07Z,42.6911,-37.3000,b
2026-08-01T22:30:38Z,19.8107,-89.6342,o
2026-08-01T00:25:32Z,-29.2818,-13.7539,c
2026-08-01T10:57:39Z,-3.0455,-72.8505,{
2026-08-01T17:10:35Z,-54.4398,-139.2328,2
2026-08-01T04:35:08Z,17.9667,-82.0371,_
2026-08-01T17:39:16Z,0.1087,-36.4704,{
2026-08-01T15:53:06Z,-19.5267,-35.7274,y
2026-08-01T08:47:26Z,21.6889,-110.3496,8
2026-08-01T23:18:09Z,9.1716,37.9180,r
2026-08-01T00:07:12Z,-28.2112,-149.8407,v
2026-08-01T18:42:44Z,-48.8539,-170.2162,y
2026-08-01T15:38:11Z,58.5491,-156.5218,a
2026-08-01T20:44:56Z,-51.2724,-26.6804,2
2026-08-01T19:44:56Z,36.6178,74.9953,w
2026-08-01T02:32:27Z,9.7536,0.0165,}
2026-08-01T00:47:56Z,44.1220,-1.9877,t
2026-08-01T07:17:31Z,14.1169,96.1217,g
2026-08-01T19:24:00Z,34.4517,-29.4253,j
2026-08-01T12:35:47Z,43.1392,70.1556,0
2026-08-01T01:40:51Z,-23.7420,-178.5133,7
2026-08-01T03:00:16Z,4.3704,2.5641,p
2026-08-01T10:21:37Z,33.5020,-132.0109,5
2026-08-01T01:16:07Z,-39.3218,68.6746,z
2026-08-01T05:50:17Z,-7.8277,-26.0254,h
2026-08-01T03:15:22Z,42.0699,5.9682,n
2026-08-01T20:43:37Z,11.9587,174.9442,t
2026-08-01T01:03:03Z,27.9225,177.5197,x
2026-08-01T14:13:43Z,-25.0918,34.0923,f
2026-08-01T07:43:27Z,-58.6730,15.0840,j
2026-08-01T15:22:26Z,-10.9593,-116.5097,y
2026-08-01T06:47:52Z,-52.1187,83.1017,}
2026-08-01T02:49:49Z,-34.8097,39.0094,x
2026-08-01T01:54:03Z,21.3401,18.2839,k
2026-08-01T02:08:25Z,55.6976,-179.8481,o
2026-08-01T13:30:31Z,21.3341,-179.4594,m
2026-08-01T11:38:07Z,47.4632,-66.1384,2
2026-08-01T13:02:44Z,31.6084,62.8826,2
2026-08-01T20:20:53Z,-54.8698,175.4068,v
2026-08-01T18:00:50Z,10.2737,-178.8693,s
2026-08-01T13:57:47Z,-48.0780,-106.3404,n
2026-08-01T21:30:04Z,41.4436,-53.9434,q
2026-08-01T02:16:44Z,52.6415,-51.7646,6
2026-08-01T05:40:29Z,4.1321,66.1161,j
2026-08-01T10:14:51Z,38.6013,-145.4963,4
2026-08-01T03:54:59Z,50.9555,-62.9297,a
2026-08-01T02:50:45Z,0.2586,-135.9266,e
2026-08-01T19:37:25Z,2.4927,109.4316,m
2026-08-01T08:06:58Z,-2.6840,108.9328,m
2026-08-01T08:13:03Z,13.1984,-110.0695,q
2026-08-01T18:35:18Z,45.7302,154.2433,{
2026-08-01T20:24:21Z,-36.6305,5.4662,b
2026-08-01T11:24:14Z,20.2155,69.4737,a
2026-08-01T08:29:55Z,-52.3669,74.6343,w
2026-08-01T21:11:40Z,-22.1790,-22.4121,0
2026-08-01T14:04:20Z,-54.0600,-61.4515,_
2026-08-01T11:06:59Z,-31.4258,40.9801,}
2026-08-01T14:58:47Z,14.8065,158.2572,d
2026-08-01T04:43:04Z,-46.5550,112.6131,a
2026-08-01T13:54:57Z,-40.0667,-121.2473,e
2026-08-01T19:39:56Z,49.4573,49.4530,y
2026-08-01T17:43:35Z,34.1059,-103.3242,m
2026-08-01T02:31:47Z,16.8544,-6.1033,j
2026-08-01T15:18:58Z,-50.2620,29.0019,f
2026-08-01T22:53:50Z,34.7746,25.9017,{
2026-08-01T03:18:12Z,-5.0376,68.6327,1
2026-08-01T05:09:28Z,29.0971,-177.6597,o
2026-08-01T03:34:18Z,-21.9288,-32.7574,y
2026-08-01T23:01:45Z,53.6107,-79.6585,u
2026-08-01T23:16:20Z,-26.4356,85.9572,z
2026-08-01T07:40:34Z,-51.5642,-4.5533,4
2026-08-01T18:50:53Z,48.1319,-83.1360,v
2026-08-01T01:00:47Z,7.2073,37.3580,6
2026-08-01T08:00:16Z,39.2852,174.3837,w
2026-08-01T08:45:52Z,47.9221,12.8624,g
2026-08-01T15:43:11Z,-46.8366,-73.4936,w
2026-08-01T18:51:15Z,44.7080,-159.4121,4
2026-08-01T20:08:56Z,-28.8627,127.1099,7
2026-08-01T13:22:20Z,-5.0417,-119.5213,f
2026-08-01T09:02:59Z,-25.5988,-66.6840,i
2026-08-01T09:34:28Z,-20.2704,65.2250,a
2026-08-01T05:00:21Z,-39.5550,-122.7280,c
2026-08-01T13:06:33Z,-16.0249,-170.1668,a
2026-08-01T09:07:46Z,-32.1778,-49.1234,t
2026-08-01T13:19:05Z,58.3044,132.0751,_
2026-08-01T04:16:09Z,-12.3221,-5.5914,z
2026-08-01T09:52:26Z,22.4645,100.6736,}
2026-08-01T18:56:27Z,47.4177,-87.0906,n
2026-08-01T23:35:59Z,-57.4398,161.7072,5
2026-08-01T18:54:59Z,32.7222,83.4762,6
2026-08-01T11:00:21Z,-51.4512,-148.7820,h
2026-08-01T12:19:34Z,-36.9801,-94.1108,c
2026-08-01T09:07:41Z,-38.2426,-53.6842,6
2026-08-01T08:59:41Z,-24.3139,27.0093,l
2026-08-01T10:57:10Z,46.5420,98.9046,h
2026-08-01T21:30:52Z,5.0155,80.0519,r
2026-08-01T16:07:50Z,16.0081,-1.2076,6
2026-08-01T19:03:11Z,55.3793,118.8652,a
2026-08-01T03:12:40Z,-37.1178,147.5743,z
2026-08-01T09:24:11Z,-51.1631,22.7041,q
2026-08-01T11:53:18Z,37.0512,-158.4425,8
2026-08-01T23:13:42Z,-20.3987,67.2589,8
2026-08-01T00:53:28Z,24.5542,19.8664,a
2026-08-01T04:36:28Z,11.5968,49.2731,4
2026-08-01T12:19:04Z,-4.3678,133.0955,p
2026-08-01T05:05:25Z,20.5098,171.6796,u
2026-08-01T00:22:19Z,-31.6786,157.3486,}
2026-08-01T17:21:58Z,-48.5215,119.9229,1
2026-08-01T01:06:18Z,-8.9311,47.1159,_
2026-08-01T01:44:16Z,4.9859,99.9611,r
2026-08-01T10:58:54Z,-48.2508,0.5025,1
2026-08-01T09:07:13Z,26.3840,-95.8211,}
2026-08-01T20:28:34Z,18.4674,166.3248,l
2026-08-01T18:36:55Z,-33.6330,163.9011,a
2026-08-01T09:26:16Z,56.0750,-30.5688,j
2026-08-01T20:49:01Z,6.0524,-79.2433,r
2026-08-01T20:54:36Z,-46.3632,-167.4396,e
2026-08-01T19:24:05Z,28.2307,-26.9963,{
2026-08-01T18:53:58Z,40.1567,72.3336,b
2026-08-01T14:26:56Z,0.4065,77.5555,v
2026-08-01T04:18:03Z,-16.2905,0.5406,v
2026-08-01T00:41:24Z,-11.0067,-145.3036,v
2026-08-01T06:38:09Z,-1.4290,155.8723,o
2026-08-01T11:38:54Z,15.7751,-89.6050,h
2026-08-01T23:02:46Z,18.9153,42.9708,o
2026-08-01T06:08:08Z,-46.7465,39.5132,}
2026-08-01T23:23:24Z,34.0141,179.9109,b
2026-08-01T12:36:32Z,-44.1759,-7.2251,y
2026-08-01T02:41:57Z,-12.0351,20.0585,d
2026-08-01T03:46:42Z,56.3502,-107.8072,1
2026-08-01T06:23:31Z,27.4700,-107.9228,i
2026-08-01T20:59:26Z,30.1167,-56.9462,_
2026-08-01T19:38:38Z,44.4891,42.1196,f
2026-08-01T14:50:21Z,8.1365,132.5714,k
2026-08-01T05:35:34Z,33.9205,-39.9242,u
2026-08-01T18:24:58Z,-56.9781,14.7688,g
2026-08-01T13:23:32Z,51.5082,151.5507,u
2026-08-01T10:04:27Z,48.0796,150.7274,1
2026-08-01T21:55:01Z,-47.8316,148.0576,}
2026-08-01T19:51:24Z,16.1148,96.5239,n
2026-08-01T14:42:01Z,36.3272,55.0730,i
2026-08-01T20:17:55Z,29.7913,24.1724,v
2026-08-01T15:06:06Z,23.9141,167.6736,x
2026-08-01T03:51:51Z,9.7537,105.2205,q
2026-08-01T13:13:02Z,50.4913,97.4815,5
2026-08-01T00:34:05Z,49.0711,-74.0394,l
2026-08-01T11:55:33Z,36.4764,-153.6156,x
2026-08-01T03:05:58Z,-53.4185,121.6418,4
2026-08-01T09:46:56Z,15.6875,87.4167,1
2026-08-01T13:43:43Z,58.2657,-135.9168,r
2026-08-01T01:48:00Z,-6.5931,-161.3949,e
2026-08-01T23:56:48Z,-33.0163,32.4876,5
2026-08-01T22:48:35Z,-2.8051,129.2512,o
2026-08-01T19:28:03Z,-2.0186,-96.0828,a
2026-08-01T23:04:04Z,13.3188,63.2941,q
2026-08-01T22:57:28Z,38.4277,34.0792,t
2026-08-01T18:32:41Z,-25.2959,149.6265,r
2026-08-01T03:44:46Z,52.0465,-112.7352,u
2026-08-01T18:36:04Z,-29.0538,164.5476,3
2026-08-01T02:30:02Z,50.6228,-80.0352,_
2026-08-01T01:07:46Z,22.4065,-52.6591,p
2026-08-01T12:05:21Z,4.9268,-127.4457,3
2026-08-01T22:06:56Z,58.8106,80.6042,q
2026-08-01T14:19:38Z,-23.6135,2.2245,j
2026-08-01T08:52:49Z,-42.2618,77.4122,t
2026-08-01T08:04:52Z,38.4650,-76.5060,p
2026-08-01T15:55:59Z,-23.4412,137.0671,n
2026-08-01T00:05:07Z,-18.2387,-49.9143,j
2026-08-01T08:46:16Z,33.8097,-104.0156,x
2026-08-01T02:52:01Z,4.9821,-58.8456,6
2026-08-01T21:53:36Z,-50.3711,146.9730,8
2026-08-01T14:18:37Z,-28.9780,-2.8399,k
2026-08-01T00:44:57Z,49.6431,-13.1834,x
2026-08-01T04:31:28Z,-49.4830,43.0165,3
2026-08-01T04:30:59Z,-49.8751,40.8355,u
2026-08-01T00:08:15Z,-20.0232,-153.3298,u
2026-08-01T06:42:37Z,-48.3496,144.1956,x
2026-08-01T23:17:29Z,-34.8974,-28.9682,a
2026-08-01T12:03:10Z,31.5244,-10.1254,t
2026-08-01T22:33:04Z,-7.5255,106.1593,t
2026-08-01T05:47:19Z,38.9288,38.1589,}
2026-08-01T00:25:53Z,-47.1527,-54.9112,1
2026-08-01T02:42:47Z,8.1212,-82.3650,j
2026-08-01T18:18:17Z,55.4737,-84.8190,h
2026-08-01T22:37:30Z,46.4986,-62.7027,4
2026-08-01T17:11:41Z,47.6664,-1.9864,z
2026-08-01T21:26:47Z,38.2215,102.9625,p
2026-08-01T19:43:47Z,39.5717,70.7920,u
2026-08-01T22:26:35Z,10.0511,-102.5489,e
2026-08-01T19:25:35Z,38.6210,-22.2502,z
2026-08-01T15:44:00Z,-51.9875,-141.2509,h
2026-08-01T06:47:36Z,32.8866,159.5347,j
2026-08-01T23:37:11Z,22.4966,113.2862,h
2026-08-01T07:29:51Z,34.0794,-130.2048,6
2026-08-01T14:51:52Z,11.2698,-18.7501,2
2026-08-01T00:09:22Z,18.0097,123.9649,y
2026-08-01T14:49:34Z,53.1518,80.5868,v
2026-08-01T03:21:32Z,-8.6609,-39.3499,0
2026-08-01T17:49:02Z,9.5774,40.5587,i
2026-08-01T19:09:25Z,-1.5034,-63.5405,o
2026-08-01T16:25:31Z,50.6927,66.6006,4
2026-08-01T18:42:18Z,-50.5691,176.5418,v
2026-08-01T02:32:50Z,-54.0784,-174.6730,{
2026-08-01T16:33:04Z,9.2050,155.1608,z
2026-08-01T22:09:22Z,-30.6511,-132.0730,5
2026-08-01T12:22:57Z,-52.8520,-79.1391,y
2026-08-01T01:51:20Z,-44.1690,56.4189,0
2026-08-01T20:23:08Z,5.1071,-38.7515,9
2026-08-01T06:16:51Z,-52.8022,79.3409,v
2026-08-01T19:48:35Z,31.0513,89.8465,s
2026-08-01T11:34:01Z,45.0409,100.4053,6
2026-08-01T23:30:40Z,-51.2114,143.9585,c
2026-08-01T13:19:55Z,46.5678,126.0720,o
2026-08-01T18:24:31Z,-2.3819,130.2927,t
2026-08-01T13:08:16Z,40.7321,76.9074,i
2026-08-01T23:46:39Z,15.4956,164.9316,n
2026-08-01T07:49:15Z,-51.1464,44.0418,y
2026-08-01T09:07:46Z,-33.3526,-62.4732,p
2026-08-01T20:41:50Z,27.3701,-146.5840,u
2026-08-01T21:00:15Z,55.9257,-143.9080,r
2026-08-01T18:50:03Z,-53.3170,-131.1809,f
2026-08-01T06:33:04Z,-33.7999,-21.3078,e
2026-08-01T14:32:05Z,-26.2895,145.5451,}
2026-08-01T18:28:02Z,-10.3008,139.3774,b
2026-08-01T06:05:06Z,-43.9516,12.1955,f
2026-08-01T10:37:23Z,-17.8940,-91.9046,q
2026-08-01T08:42:21Z,38.0055,-118.3936,m
2026-08-01T14:44:08Z,28.1143,69.0985,}
2026-08-01T04:21:15Z,-25.6434,16.0468,z
2026-08-01T07:02:37Z,51.6503,-114.5511,2
2026-08-01T18:45:56Z,23.9012,-122.5240,{
2026-08-01T01:29:29Z,-47.0678,135.3158,e
2026-08-01T08:28:08Z,50.1738,171.7448,i
2026-08-01T22:05:21Z,-48.5419,-156.5012,u
2026-08-01T06:53:26Z,-18.8525,133.4217,{
2026-08-01T04:38:58Z,22.2541,106.0176,m
2026-08-01T03:17:56Z,-21.6661,164.3736,}
2026-08-01T04:32:40Z,-49.0111,59.1755,4
2026-08-01T04:25:34Z,29.4515,173.3666,u
2026-08-01T16:36:13Z,43.2275,119.7592,i
2026-08-01T23:28:48Z,-51.5037,116.1139,_
2026-08-01T20:39:12Z,-17.2899,-97.0709,j
2026-08-01T03:11:43Z,-38.5984,146.4206,h
2026-08-01T02:08:40Z,47.7752,-166.4458,y
2026-08-01T17:06:54Z,-43.1629,-152.2061,7
2026-08-01T15:10:25Z,-45.9002,-126.1102,o
2026-08-01T16:29:18Z,-30.2356,-44.1355,j
2026-08-01T17:16:43Z,-30.0065,-33.4753,}
2026-08-01T08:50:29Z,-18.8797,117.6791,o
2026-08-01T22:08:32Z,-36.0662,-139.3356,p
2026-08-01T20:12:09Z,-4.8881,131.0864,0
2026-08-01T06:31:56Z,-46.2510,-169.5485,o
2026-08-01T19:46:40Z,35.7479,84.3032,m
2026-08-01T01:18:52Z,-55.9905,102.2053,{
2026-08-01T02:56:36Z,-44.4356,68.3473,n
2026-08-01T09:14:15Z,-50.0850,-30.9790,4
2026-08-01T01:08:42Z,-35.9252,-164.6143,8
2026-08-01T13:19:44Z,12.3271,-145.5654,d
2026-08-01T06:20:18Z,-40.8595,95.2191,a
2026-08-01T14:08:52Z,-45.9210,-50.7981,e
2026-08-01T10:04:27Z,45.2650,149.2187,a
2026-08-01T14:30:05Z,-16.0045,154.0852,6
2026-08-01T21:16:15Z,40.1598,29.7082,g
2026-08-01T08:31:33Z,52.7457,-174.9652,p
2026-08-01T05:34:28Z,37.9102,-115.5579,x
2026-08-01T09:45:20Z,-22.6949,67.5821,9
2026-08-01T06:51:01Z,53.6003,175.8352,y
2026-08-01T13:42:40Z,-58.8335,109.5792,d
2026-08-01T07:41:31Z,-54.2835,1.8472,8
2026-08-01T04:38:14Z,-56.8839,82.5141,3
2026-08-01T07:56:18Z,-33.8794,76.1549,4
2026-08-01T17:11:29Z,-22.8470,175.4452,k
2026-08-01T02:26:54Z,10.3171,-17.1893,e
2026-08-01T22:44:11Z,44.7296,-25.7199,{
2026-08-01T20:43:25Z,-10.4714,-90.1488,}
2026-08-01T22:34:38Z,-11.0890,-87.5656,r
2026-08-01T22:53:44Z,46.1306,22.7990,4
2026-08-01T02:20:33Z,45.2640,-35.8904,b
2026-08-01T07:57:10Z,18.6058,-176.4006,9
2026-08-01T23:00:56Z,46.7784,134.6582,}
2026-08-01T04:09:01Z,-27.6235,-58.1159,p
2026-08-01T07:36:17Z,55.1714,-15.1283,0
2026-08-01T14:26:49Z,46.7938,-107.4146,0
2026-08-01T15:01:03Z,42.0831,149.7256,g
2026-08-01T00:01:36Z,-38.2928,-168.6975,_
2026-08-01T07:15:57Z,-47.0929,-176.8077,1
2026-08-01T16:56:34Z,39.0751,-26.0014,c
2026-08-01T05:33:08Z,40.4144,-62.1160,n
2026-08-01T13:46:25Z,-20.7695,-142.0136,2
2026-08-01T03:27:43Z,44.4316,112.1192,6
2026-08-01T09:50:31Z,26.7230,102.5715,i
2026-08-01T17:19:32Z,-44.7169,-88.0518,7
2026-08-01T17:28:47Z,-42.2658,-136.5781,i
2026-08-01T13:18:56Z,-30.0767,-117.8626,h
2026-08-01T11:23:19Z,8.3999,68.7576,}
2026-08-01T05:31:30Z,43.1824,-72.3145,s
2026-08-01T16:22:13Z,53.0529,50.8874,8
2026-08-01T21:00:30Z,32.7615,-47.5619,x
2026-08-01T23:12:12Z,-54.0110,123.6649,7
2026-08-01T16:29:04Z,7.6898,-114.7079,n
2026-08-01T22:49:26Z,-22.9144,119.0807,3
2026-08-01T09:50:33Z,51.3975,-83.5639,u
2026-08-01T11:42:40Z,61.5310,147.0969,s
2026-08-01T09:14:25Z,-48.3077,-34.2027,6
2026-08-01T13:02:47Z,24.4622,63.7913,k
2026-08-01T17:32:56Z,-7.8888,-102.5716,7
2026-08-01T01:40:10Z,-14.6104,9.9289,i
2026-08-01T07:36:43Z,-47.0042,-17.6483,u
2026-08-01T16:51:32Z,-49.9886,-78.8447,s
2026-08-01T13:42:01Z,19.2156,120.0214,q
2026-08-01T01:21:59Z,12.2697,-88.2280,5
2026-08-01T01:01:24Z,7.0608,34.0461,p
2026-08-01T22:45:19Z,44.8225,-21.5372,0
2026-08-01T17:41:34Z,32.7264,-177.2220,d
2026-08-01T18:49:06Z,-51.3861,-136.9593,1
2026-08-01T17:55:40Z,55.2410,21.6993,n
2026-08-01T11:44:18Z,52.2067,152.5584,o
2026-08-01T15:02:59Z,56.2017,-9.3146,2
2026-08-01T14:44:16Z,-22.3612,55.4861,z
2026-08-01T14:30:41Z,7.9407,17.3214,z
2026-08-01T08:35:11Z,-13.3209,98.9506,d
2026-08-01T15:45:15Z,0.3224,-37.3156,m
2026-08-01T19:18:40Z,20.9220,-43.8703,h
2026-08-01T09:58:48Z,46.0560,121.1072,}
2026-08-01T06:53:31Z,-31.0844,54.6992,o
2026-08-01T05:22:15Z,55.8003,-130.4883,k
2026-08-01T08:47:49Z,56.0014,-146.2429,h
2026-08-01T01:11:45Z,32.3091,100.3100,9
2026-08-01T08:41:35Z,35.0576,-117.9110,7
2026-08-01T08:18:12Z,-34.4707,-90.7815,g
2026-08-01T00:07:02Z,-25.6160,-154.1514,1
2026-08-01T20:59:52Z,-36.2891,104.1231,f
2026-08-01T17:47:41Z,25.2494,-6.8308,}
2026-08-01T13:39:46Z,-2.5459,-161.1960,d
2026-08-01T17:05:41Z,-28.5230,-109.2892,y
2026-08-01T19:39:09Z,-51.4634,-133.5383,w
2026-08-01T02:23:42Z,44.4916,153.9899,f
2026-08-01T21:19:43Z,-11.7537,-150.0918,x
2026-08-01T14:39:12Z,33.2712,46.0387,j
2026-08-01T08:50:36Z,-7.8276,-139.5440,u
2026-08-01T01:39:43Z,-55.4232,48.4431,u
2026-08-01T12:02:19Z,9.5118,-139.6347,{
2026-08-01T14:24:54Z,3.1638,-171.0411,v
2026-08-01T07:41:38Z,-52.5470,9.1807,z
2026-08-01T15:58:02Z,52.3004,23.4946,c
2026-08-01T03:09:18Z,-48.8478,142.2870,6
2026-08-01T14:06:58Z,-49.9083,-51.1539,i
2026-08-01T21:40:50Z,-26.3976,95.5528,_
2026-08-01T14:13:38Z,-20.8865,15.4080,x
2026-08-01T04:19:00Z,-25.8680,-35.9137,s
2026-08-01T20:35:26Z,-38.5153,-113.1143,1
2026-08-01T10:12:58Z,-18.3186,97.3903,z
2026-08-01T07:06:31Z,44.9635,-162.4691,m
2026-08-01T01:23:19Z,8.6091,14.6241,6
2026-08-01T12:58:50Z,24.8237,45.1301,x
2026-08-01T02:13:51Z,41.8177,101.8202,u
2026-08-01T03:14:27Z,-34.7299,156.9866,f
2026-08-01T10:01:32Z,52.3011,141.2858,8
2026-08-01T02:57:00Z,-48.6052,79.8100,v
2026-08-01T22:34:59Z,-53.6336,-29.0805,v
2026-08-01T00:12:04Z,45.9122,86.8956,4
2026-08-01T01:54:03Z,-13.8931,-4.4152,e
2026-08-01T11:26:53Z,23.4611,84.7324,4
2026-08-01T01:11:31Z,-43.5959,-149.9654,k
2026-08-01T22:47:29Z,56.3944,-11.4423,5
2026-08-01T15:00:06Z,45.4845,146.2190,o
2026-08-01T05:22:28Z,52.1408,-122.6191,u
2026-08-01T02:17:49Z,50.9842,-46.7265,v
2026-08-01T13:33:30Z,-12.8569,-104.7680,z
2026-08-01T22:52:23Z,-11.3895,138.0198,4
2026-08-01T20:19:39Z,-17.0304,-108.4664,m
2026-08-01T00:13:56Z,-4.6035,-129.7825,8
2026-08-01T16:58:56Z,-53.7152,-179.7270,s
2026-08-01T04:35:57Z,54.5571,-127.3235,a
2026-08-01T23:07:48Z,10.1498,60.2910,8
2026-08-01T20:11:22Z,-4.5019,12.8365,3
2026-08-01T21:55:20Z,-45.5194,160.5155,o
2026-08-01T17:00:29Z,-0.4021,3.5859,5
2026-08-01T14:34:42Z,28.0120,96.0594,_
2026-08-01T16:17:15Z,48.9901,36.6874,5
2026-08-01T04:36:04Z,-50.5348,73.4328,k
2026-08-01T10:31:31Z,-32.6264,-79.5040,}
2026-08-01T23:20:36Z,-33.7840,99.4357,q
2026-08-01T10:19:24Z,34.1761,-143.0618,c
2026-08-01T18:36:19Z,11.4020,-113.9943,d
2026-08-01T09:49:30Z,18.4658,99.2537,7
2026-08-01T23:48:20Z,-24.7761,-145.5528,l
2026-08-01T05:34:53Z,37.3634,-67.5699,}
2026-08-01T00:42:55Z,51.1882,-29.7692,v
2026-08-01T23:01:03Z,21.3582,40.1670,x
2026-08-01T01:54:08Z,17.8363,-141.3633,1
2026-08-01T12:38:49Z,14.9419,106.5536,v
2026-08-01T02:25:51Z,-40.8834,-27.4158,2
2026-08-01T11:24:24Z,15.8825,-103.6278,v
2026-08-01T15:59:16Z,-0.1646,105.8308,1
2026-08-01T10:51:13Z,-44.3089,-45.4489,r
2026-08-01T05:44:50Z,-2.5784,-56.1040,4
2026-08-01T17:47:43Z,45.9679,-40.3885,f
2026-08-01T13:33:48Z,22.9587,-172.8981,_
2026-08-01T00:38:16Z,51.7427,-50.4154,w
2026-08-01T16:12:02Z,58.8233,-161.3789,5
2026-08-01T20:27:07Z,-55.4314,-149.4913,7
2026-08-01T18:38:33Z,-38.7377,168.7447,{
2026-08-01T21:57:38Z,-46.6560,173.7667,g
2026-08-01T09:49:09Z,-49.7130,136.5205,4
2026-08-01T22:45:37Z,-50.5507,84.8148,6
2026-08-01T08:43:25Z,37.2261,-113.8160,s
2026-08-01T02:02:14Z,32.7516,-132.3431,d
2026-08-01T21:34:34Z,-1.8957,84.6288,5
2026-08-01T09:09:36Z,-57.0020,143.6528,c
2026-08-01T22:28:48Z,25.5107,-93.7691,n
2026-08-01T09:26:37Z,-39.2859,37.7597,w
2026-08-01T15:01:20Z,6.8898,179.1898,_
2026-08-01T11:48:30Z,40.6202,179.7755,{
2026-08-01T11:36:24Z,-10.6341,20.3498,h
2026-08-01T08:39:19Z,49.0164,-128.7485,u
2026-08-01T18:55:22Z,-19.1161,53.2975,k
2026-08-01T23:48:31Z,-59.2264,-124.3734,5
2026-08-01T14:06:55Z,-56.6133,-48.2069,6
2026-08-01T03:36:31Z,36.4339,-151.0782,k
2026-08-01T05:01:44Z,-58.0887,157.5452,_
2026-08-01T23:58:05Z,-54.4545,71.0245,5
2026-08-01T02:22:32Z,-48.5697,107.4077,y
2026-08-01T01:14:21Z,-46.6608,-82.9536,g
2026-08-01T05:12:42Z,-55.6642,-54.6205,5
2026-08-01T13:52:30Z,-33.9007,-126.7421,b
2026-08-01T21:09:17Z,51.1934,1.6017,e
2026-08-01T06:09:41Z,38.6187,-175.2960,}
2026-08-01T21:53:36Z,-2.0484,-141.8162,b
2026-08-01T13:08:24Z,41.7906,77.6927,{
2026-08-01T03:40:54Z,43.6039,-55.4374,c
2026-08-01T14:14:32Z,29.2876,119.3777,6
2026-08-01T22:11:14Z,-31.1302,-130.1081,0
2026-08-01T10:18:43Z,28.7964,-131.7269,5
2026-08-01T03:15:29Z,41.7761,70.2965,0
2026-08-01T10:15:55Z,41.5113,-147.0615,g
2026-08-01T13:21:46Z,5.7261,172.1421,0
2026-08-01T23:16:53Z,-27.9033,75.2402,9
2026-08-01T20:56:19Z,27.4293,-63.1426,d
2026-08-01T19:37:59Z,55.5438,51.2583,4
2026-08-01T07:39:46Z,40.3005,-124.4455,x
2026-08-01T22:59:23Z,27.1082,38.4126,h
2026-08-01T05:32:57Z,-2.6808,-67.6712,n
2026-08-01T11:41:06Z,20.9599,92.7370,s
2026-08-01T14:06:08Z,-55.4224,-52.2998,d
2026-08-01T03:33:45Z,-47.0650,177.4948,7
2026-08-01T18:05:36Z,43.2340,80.9807,_
2026-08-01T17:45:14Z,20.9067,-17.3073,a
2026-08-01T11:44:40Z,52.5092,161.2421,c
2026-08-01T12:41:18Z,-2.9867,58.2805,t
2026-08-01T17:05:08Z,-38.9680,-160.5846,i
2026-08-01T13:30:26Z,29.5640,179.6610,5
2026-08-01T11:31:12Z,-16.4542,33.5735,7
2026-08-01T00:45:34Z,46.7100,-14.9460,a
2026-08-01T02:14:12Z,51.4385,155.7887,_
2026-08-01T04:18:42Z,48.5705,-69.8914,1
2026-08-01T09:33:20Z,-27.7740,61.0607,d
2026-08-01T07:32:15Z,-27.3022,-38.8674,n
2026-08-01T04:21:52Z,-34.5036,16.1379,u
2026-08-01T20:23:41Z,1.5621,124.7681,k
2026-08-01T03:30:12Z,-44.3262,-80.5564,a
2026-08-01T10:29:31Z,3.0514,-110.8905,c
2026-08-01T14:45:39Z,53.2621,57.2318,e
2026-08-01T03:15:55Z,-20.1118,158.8642,c
2026-08-01T11:40:16Z,-15.8932,-127.3885,b
2026-08-01T04:34:22Z,-56.2327,66.7039,y
2026-08-01T10:44:27Z,-38.9610,-73.3091,x
2026-08-01T13:27:26Z,40.8258,176.0750,c
2026-08-01T12:16:56Z,-55.5916,-42.6957,h
2026-08-01T20:35:51Z,-26.4060,-106.0955,3
2026-08-01T02:02:24Z,-15.5210,-96.8636,}
2026-08-01T02:48:33Z,-47.1870,-93.2537,g
2026-08-01T12:57:48Z,-20.6146,-95.9265,n
2026-08-01T19:19:26Z,23.8469,-40.1880,y
2026-08-01T05:59:28Z,38.4827,-14.2251,c
2026-08-01T09:38:27Z,-28.8460,49.6216,r
2026-08-01T00:04:55Z,-7.6630,98.3890,b
2026-08-01T18:55:34Z,10.6186,15.4563,j
2026-08-01T19:45:49Z,-18.8987,-24.5324,1
2026-08-01T18:05:44Z,48.8974,78.3677,p
2026-08-01T20:04:23Z,-22.6187,-63.0052,8
2026-08-01T23:23:15Z,-16.9232,-129.7527,a
2026-08-01T00:42:07Z,51.7896,-21.5488,c
2026-08-01T21:24:55Z,27.9048,60.2981,q
2026-08-01T18:32:23Z,-26.3557,153.9391,_
2026-08-01T11:32:38Z,-4.6278,177.8717,j
2026-08-01T13:55:56Z,-50.2191,176.9377,}
2026-08-01T06:34:18Z,2.0190,126.2621,l
2026-08-01T04:36:22Z,-14.1633,-137.6640,g
2026-08-01T16:09:38Z,-38.1357,-57.6176,r
2026-08-01T10:21:10Z,57.5114,-12.4323,}
2026-08-01T21:04:23Z,47.7089,42.5480,y
2026-08-01T10:09:50Z,-47.2057,149.9524,l
2026-08-01T20:21:19Z,-26.6182,-58.5871,6
2026-08-01T15:04:11Z,31.2577,153.5779,0
2026-08-01T06:24:27Z,26.9030,-70.9478,t
2026-08-01T02:25:26Z,40.1896,-15.7298,y
2026-08-01T02:51:19Z,-38.4256,48.6681,v
2026-08-01T17:38:57Z,10.3761,-27.4168,b
2026-08-01T15:41:49Z,-47.2245,-73.1480,u
2026-08-01T13:22:20Z,37.7849,-75.1023,b
2026-08-01T21:28:11Z,17.2677,176.9810,n
2026-08-01T05:55:03Z,-28.9134,-24.3574,x
2026-08-01T07:17:06Z,15.4839,-65.8592,q
2026-08-01T01:22:52Z,31.2033,-41.6902,1
2026-08-01T16:51:31Z,-4.5174,160.2285,l
2026-08-01T01:43:19Z,-16.1325,-175.3252,g
2026-08-01T17:00:16Z,-25.6543,178.5607,x
2026-08-01T00:30:12Z,14.1199,104.3826,r
2026-08-01T07:02:02Z,47.0110,-174.6777,t
2026-08-01T07:21:42Z,7.3747,-54.7054,9
2026-08-01T23:55:03Z,-4.3973,-132.9576,j
2026-08-01T21:31:11Z,-16.1220,-173.6713,q
2026-08-01T07:17:43Z,-30.4073,97.9483,2
2026-08-01T16:10:43Z,23.7435,2.7573,{
2026-08-01T14:54:07Z,-56.3579,171.5891,}
2026-08-01T20:35:41Z,-29.2630,-101.8975,0
2026-08-01T21:10:19Z,48.1997,1.6771,i
2026-08-01T05:52:37Z,-18.2097,-16.7316,{
2026-08-01T00:24:11Z,28.1260,-114.4509,o
2026-08-01T07:14:24Z,27.8484,158.9413,b
2026-08-01T09:40:06Z,-27.6038,66.9984,1
2026-08-01T14:28:33Z,16.2299,10.4760,x
2026-08-01T16:58:08Z,-24.5516,179.5215,t
2026-08-01T23:57:18Z,2.9632,-126.0704,f
2026-08-01T19:01:18Z,-37.4977,-84.2805,1
2026-08-01T19:33:40Z,53.7721,20.3128,t
2026-08-01T21:40:11Z,-30.9206,-107.9938,7
2026-08-01T23:09:01Z,30.5846,89.9890,e
2026-08-01T14:53:05Z,51.9295,105.8564,{
2026-08-01T03:41:50Z,41.8261,-55.2645,c
2026-08-01T23:39:16Z,-38.8982,177.6920,8
2026-08-01T18:20:39Z,-19.5801,61.1881,i
2026-08-01T11:25:34Z,19.8340,83.7840,y
2026-08-01T10:07:01Z,-10.3313,155.7274,d
2026-08-01T22:44:40Z,-13.8745,-81.8019,k
2026-08-01T00:40:59Z,20.6844,-24.9411,w
2026-08-01T23:12:42Z,-6.9166,67.1963,y
2026-08-01T20:59:31Z,39.9701,-49.4672,2
2026-08-01T10:47:59Z,-45.8295,-61.8727,7
2026-08-01T07:34:19Z,-34.8275,-29.1652,o
2026-08-01T19:49:58Z,2.4130,34.7396,2
2026-08-01T14:36:02Z,-21.2256,24.0954,n
2026-08-01T20:38:18Z,19.7972,44.8181,w
2026-08-01T23:23:09Z,-41.7390,95.7748,5
2026-08-01T10:48:43Z,26.6486,148.0414,f
2026-08-01T19:24:03Z,21.3796,-93.4123,3
2026-08-01T07:03:59Z,47.8538,-110.6373,0
2026-08-01T18:58:06Z,-34.9101,-86.6681,f
2026-08-01T11:46:29Z,8.1210,75.7595,8
2026-08-01T08:10:12Z,5.1089,109.1708,t
2026-08-01T01:20:14Z,2.5397,173.4294,0
2026-08-01T14:41:49Z,41.9096,48.6660,k
2026-08-01T14:42:38Z,-50.1175,130.7332,6
2026-08-01T23:37:54Z,-6.1723,-175.9605,n
2026-08-01T10:40:05Z,-51.5820,32.3798,h
2026-08-01T21:26:05Z,-40.7149,-10.8007,o
2026-08-01T11:44:01Z,46.5989,161.4335,r
2026-08-01T11:47:11Z,51.0962,-179.4043,5
2026-08-01T20:43:52Z,-7.8910,-88.0039,h
2026-08-01T11:17:45Z,16.4126,89.1127,0
2026-08-01T01:31:58Z,-50.2617,158.3427,x
2026-08-01T07:13:23Z,59.4421,63.3924,2
2026-08-01T23:49:56Z,-19.3115,-0.0474,l
2026-08-01T14:28:17Z,2.3668,17.4123,u
2026-08-01T08:06:30Z,-8.1110,99.3083,8
2026-08-01T01:52:34Z,9.6513,-148.9387,i
2026-08-01T12:05:10Z,-59.9740,-152.0419,y
2026-08-01T20:55:27Z,45.0956,-168.6180,l
2026-08-01T16:58:18Z,-19.4752,-178.3979,d
2026-08-01T02:30:39Z,19.7841,-3.4931,a
2026-08-01T10:06:54Z,34.2790,142.4612,l
2026-08-01T19:57:15Z,5.3797,103.7337,e
2026-08-01T21:04:18Z,49.7792,-31.7097,f
2026-08-01T11:54:01Z,34.8756,147.3639,4
2026-08-01T00:40:30Z,55.9670,69.1091,_
2026-08-01T01:46:41Z,43.7342,177.9550,_
2026-08-01T13:55:19Z,15.1642,126.6634,6
2026-08-01T11:40:29Z,51.5990,135.2288,2
2026-08-01T20:43:21Z,-15.0814,-92.7533,p
2026-08-01T10:50:14Z,-49.2797,-144.4895,3
2026-08-01T06:28:06Z,12.8325,88.9801,t
2026-08-01T04:11:41Z,-30.4013,133.2614,s
2026-08-01T02:35:59Z,-42.0385,-111.6323,j
2026-08-01T13:54:01Z,-35.5462,-118.4066,{
2026-08-01T05:19:11Z,55.6214,-141.8946,8
2026-08-01T04:07:37Z,8.9002,-22.0670,2
2026-08-01T21:54:28Z,-54.1580,153.8342,r
2026-08-01T09:42:02Z,-9.7648,120.1292,0
2026-08-01T23:59:05Z,-32.0382,-65.8664,f
2026-08-01T09:14:16Z,-47.3461,-33.1451,9
2026-08-01T20:18:29Z,-56.2343,-175.8209,a
2026-08-01T20:13:17Z,49.6381,-28.2837,y
2026-08-01T04:12:28Z,-5.6881,-6.9252,e
2026-08-01T16:12:21Z,-31.4178,-17.3912,3
2026-08-01T21:59:07Z,-0.1765,126.2566,8
2026-08-01T03:38:51Z,42.9740,-143.2966,}
2026-08-01T06:40:34Z,12.7500,147.9767,v
2026-08-01T23:36:21Z,-48.0360,165.5735,m
2026-08-01T18:23:50Z,5.6870,130.9075,f
2026-08-01T09:16:11Z,-58.3678,-19.5504,j
2026-08-01T00:44:11Z,51.4810,-14.4202,0
2026-08-01T01:57:47Z,-5.6667,132.0438,{
2026-08-01T21:09:13Z,48.5124,-4.0606,l
2026-08-01T12:09:48Z,-17.1295,-115.1929,2
2026-08-01T13:53:09Z,-41.2373,-142.8847,b
2026-08-01T04:42:58Z,20.5881,89.1649,1
2026-08-01T14:00:30Z,-22.2601,145.4456,o
2026-08-01T13:21:49Z,6.7906,111.4452,j
2026-08-01T00:11:56Z,-13.6289,175.6376,m
2026-08-01T07:16:53Z,16.1066,-68.5428,t
2026-08-01T00:41:24Z,57.9212,-40.4050,6
2026-08-01T20:41:17Z,-16.4394,-96.3181,2
2026-08-01T14:35:40Z,21.0971,30.7113,q
2026-08-01T12:59:24Z,44.7133,97.6143,1
2026-08-01T23:03:16Z,24.0314,48.7994,1
2026-08-01T18:22:05Z,4.4114,130.2015,d
2026-08-01T14:33:25Z,6.5037,95.4700,x
2026-08-01T03:06:02Z,-54.9093,123.9229,d
2026-08-01T05:15:19Z,-3.9365,-20.2619,{
2026-08-01T10:15:46Z,-57.7594,-37.2519,i
2026-08-01T08:28:03Z,51.6111,163.0014,3
2026-08-01T21:51:44Z,1.2397,127.6651,0
2026-08-01T11:29:36Z,26.5497,80.5278,6
2026-08-01T11:05:01Z,-0.6328,165.8425,c
2026-08-01T03:34:16Z,39.6505,-161.2856,6
2026-08-01T02:51:13Z,-1.6139,-9.3727,c
2026-08-01T04:11:56Z,-33.6700,-38.1335,9
2026-08-01T18:57:55Z,6.6751,170.2443,7
2026-08-01T15:33:18Z,-49.2540,-126.8926,c
2026-08-01T22:49:36Z,-30.7195,-62.0261,{
2026-08-01T20:21:27Z,-52.5709,-171.2769,j
2026-08-01T04:48:03Z,26.9743,-109.4745,x
2026-08-01T02:41:23Z,9.7971,88.8232,a
2026-08-01T09:34:19Z,-29.4003,57.3333,n
2026-08-01T16:32:41Z,26.9961,-80.7196,e
2026-08-01T01:32:11Z,-56.7892,-57.3629,p
2026-08-01T00:23:42Z,-12.1757,8.2756,i
2026-08-01T20:43:26Z,-9.1475,-84.0105,u
2026-08-01T14:27:34Z,36.2983,67.8314,l
2026-08-01T20:19:02Z,-54.1173,174.2974,t
2026-08-01T13:38:38Z,31.9142,11.8903,b
2026-08-01T09:31:24Z,16.4086,-171.8174,z
2026-08-01T05:10:19Z,17.3631,-10.2642,m
2026-08-01T01:01:04Z,6.0682,-69.8350,9
2026-08-01T02:24:14Z,34.4262,-21.3654,x
2026-08-01T17:26:30Z,-31.5255,-62.9471,i
2026-08-01T07:35:02Z,-38.4803,-31.6845,k
2026-08-01T04:40:24Z,-53.7597,99.4472,0
2026-08-01T15:13:13Z,2.7956,173.0615,g
2026-08-01T20:30:49Z,-44.6795,-133.6268,z
2026-08-01T00:23:31Z,-4.2668,17.5061,i
2026-08-01T06:07:33Z,-16.0063,-154.0778,j
2026-08-01T05:01:26Z,-28.7341,-69.5064,7
2026-08-01T00:30:40Z,13.4844,119.7417,1
2026-08-01T05:04:28Z,8.5331,170.0443,b
2026-08-01T12:31:48Z,-53.4297,-35.7587,v
2026-08-01T15:06:28Z,26.9238,166.2099,{
2026-08-01T20:07:03Z,-23.8062,118.5229,{
2026-08-01T20:01:38Z,38.4299,-129.3554,8
2026-08-01T17:04:45Z,-35.6979,164.8184,}
2026-08-01T09:04:08Z,18.7910,-24.3493,9
2026-08-01T21:09:44Z,59.9404,-4.5773,q
2026-08-01T18:15:56Z,-24.6946,-79.2711,r
2026-08-01T06:49:10Z,40.8977,175.5231,_
2026-08-01T06:11:07Z,31.1331,-76.2020,1
2026-08-01T00:40:50Z,5.0727,54.2927,{
2026-08-01T21:58:22Z,-17.0695,62.9417,1
2026-08-01T20:02:45Z,-10.1223,115.3496,b
2026-08-01T15:04:55Z,6.3688,172.3020,z
2026-08-01T19:18:50Z,-30.9789,-89.7273,q
2026-08-01T15:55:01Z,-11.5947,-155.1331,z
2026-08-01T08:56:56Z,-2.5797,-80.5122,e
2026-08-01T04:51:39Z,-26.7660,139.0678,n
2026-08-01T02:29:21Z,6.2260,49.0405,d
2026-08-01T11:39:28Z,41.5600,60.0958,g
2026-08-01T22:11:25Z,-28.0065,-122.5566,{
2026-08-01T03:17:11Z,39.7588,50.8910,}
2026-08-01T20:17:17Z,-58.8272,132.2014,7
2026-08-01T14:51:00Z,59.9448,89.4718,r
2026-08-01T14:01:52Z,-48.9015,-82.4511,e
2026-08-01T23:05:44Z,8.9763,53.1505,w
2026-08-01T07:33:05Z,-21.2783,130.4037,s
2026-08-01T13:48:33Z,56.8292,77.1939,1
2026-08-01T17:14:07Z,-55.8556,-143.6668,h
2026-08-01T21:59:13Z,25.3778,-108.9056,j
2026-08-01T03:28:04Z,7.6576,-173.0377,5
2026-08-01T16:39:09Z,7.2958,-26.6995,f
2026-08-01T20:19:27Z,-46.2300,177.6934,3
2026-08-01T08:05:37Z,-18.5712,100.9853,4
2026-08-01T03:14:20Z,-32.1375,155.1947,s
2026-08-01T14:30:35Z,-49.4430,-152.4612,t
2026-08-01T18:47:27Z,-12.0634,-171.0835,0
2026-08-01T15:13:48Z,2.1061,174.0500,v
2026-08-01T16:36:02Z,19.0521,37.0077,0
2026-08-01T03:19:40Z,-13.0795,96.8842,3
2026-08-01T00:43:12Z,49.5816,-23.0647,1
2026-08-01T17:54:56Z,49.3862,21.1799,q
2026-08-01T19:50:54Z,-34.5088,-26.3850,9
2026-08-01T19:03:59Z,-26.0640,-154.2166,n
2026-08-01T01:07:42Z,-42.6155,166.3301,o
2026-08-01T18:16:12Z,21.7993,112.9610,1
2026-08-01T05:00:06Z,-7.5859,159.1266,1
2026-08-01T09:28:26Z,-42.4517,39.8684,t
2026-08-01T22:31:42Z,-11.1993,177.7445,k
2026-08-01T23:38:36Z,-39.8262,-178.3085,o
2026-08-01T16:38:06Z,-14.1649,126.0527,q
2026-08-01T06:49:52Z,41.4617,165.2283,p
2026-08-01T03:19:00Z,-18.9141,169.3838,k
2026-08-01T00:07:49Z,-30.2407,-142.5351,p
2026-08-01T19:06:05Z,-19.1212,78.2018,{
2026-08-01T07:35:40Z,-40.8406,-29.2242,o
2026-08-01T01:11:58Z,-20.4285,56.9695,w
2026-08-01T13:39:20Z,-2.9440,-161.7425,f
2026-08-01T01:34:01Z,-26.7860,-59.0378,v
2026-08-01T21:40:25Z,-23.7317,95.8171,j
2026-08-01T23:05:56Z,41.4443,-68.6475,w
2026-08-01T03:22:04Z,-15.0634,-179.2778,z
2026-08-01T20:37:59Z,-46.8221,-32.7242,a
2026-08-01T19:10:46Z,43.1227,42.5138,1
2026-08-01T12:29:21Z,-59.4509,-45.2768,{
2026-08-01T08:06:35Z,-5.8541,-147.7815,8
2026-08-01T15:57:12Z,-13.2504,-18.7300,w
2026-08-01T22:51:26Z,46.3950,12.7311,3
2026-08-01T16:35:36Z,33.9144,118.1584,x
2026-08-01T21:10:46Z,-56.5228,-85.8715,b
2026-08-01T08:59:23Z,-18.3450,8.0306,_
2026-08-01T05:45:20Z,-47.1964,98.9385,6
2026-08-01T08:08:45Z,56.4253,19.0232,4
2026-08-01T13:14:14Z,-1.3048,-80.3617,v
2026-08-01T04:28:21Z,-49.4178,34.4983,4
2026-08-01T04:03:27Z,19.5731,-29.8367,b
2026-08-01T11:38:21Z,-53.0414,-140.7996,e
2026-08-01T11:44:52Z,45.0668,160.6929,s
2026-08-01T16:33:29Z,47.8161,119.8063,7
2026-08-01T04:45:27Z,-45.3321,115.5764,m
2026-08-01T09:26:27Z,-49.9489,28.8800,m
2026-08-01T08:57:58Z,4.1289,-39.6861,i
2026-08-01T13:28:50Z,6.8289,138.1103,1
2026-08-01T23:49:14Z,-8.4688,69.8974,5
2026-08-01T12:26:37Z,-27.2365,128.8635,c
2026-08-01T04:16:42Z,37.4497,-137.1618,6
2026-08-01T13:58:16Z,-47.5875,-104.8800,m
2026-08-01T11:11:21Z,-18.2495,50.2646,s
2026-08-01T00:16:43Z,31.3759,-124.4515,w
2026-08-01T23:11:49Z,5.9858,-175.4486,f
2026-08-01T00:28:55Z,34.8142,-100.1439,{
2026-08-01T04:46:22Z,-37.6215,121.4084,h
2026-08-01T15:22:54Z,-24.5538,-161.5383,w
2026-08-01T20:24:23Z,6.8829,-32.8003,q
2026-08-01T13:22:02Z,46.9543,151.7515,f
2026-08-01T23:42:41Z,-32.6056,-163.6148,y
2026-08-01T06:15:48Z,-37.3093,59.0308,e
2026-08-01T17:01:42Z,-50.4410,165.5543,r
2026-08-01T21:03:38Z,38.2872,-33.1859,l
2026-08-01T16:51:21Z,4.5110,-64.7525,g
2026-08-01T21:10:34Z,53.1184,3.0619,3
2026-08-01T17:38:02Z,10.6566,-29.8093,6
2026-08-01T03:57:44Z,1.7795,44.2367,f
2026-08-01T03:50:59Z,46.1993,-82.2065,3
2026-08-01T14:15:20Z,55.5992,-101.4648,r
2026-08-01T17:51:09Z,6.5924,40.9874,7
2026-08-01T01:40:33Z,25.8893,171.0706,z
2026-08-01T17:08:22Z,-55.1898,-153.6158,f
2026-08-01T05:58:37Z,24.1021,-173.4511,p
2026-08-01T09:26:15Z,-38.8683,32.7738,y
2026-08-01T20:47:04Z,27.6772,20.3994,c
2026-08-01T11:11:11Z,-23.0684,42.2111,s
2026-08-01T08:08:42Z,-44.3899,148.0019,3
2026-08-01T11:26:30Z,22.4466,77.2122,o
2026-08-01T11:36:06Z,52.5196,104.4280,7
2026-08-01T06:26:15Z,-16.5848,-73.2933,b
2026-08-01T15:56:58Z,32.2976,127.4997,1
2026-08-01T07:31:20Z,-1.9602,-4.0124,j
2026-08-01T05:01:59Z,31.2159,59.5767,m
2026-08-01T12:35:16Z,-47.5537,-21.0052,}
2026-08-01T09:24:00Z,7.2683,-176.6049,g
2026-08-01T19:10:49Z,-53.9122,-105.8801,j
2026-08-01T21:34:04Z,17.7821,-105.6620,v
2026-08-01T04:23:53Z,-54.2501,110.3859,x
2026-08-01T12:46:43Z,-19.6206,18.7381,p
2026-08-01T07:20:15Z,-11.7959,11.0720,0
2026-08-01T09:54:58Z,-48.6056,-67.2563,s
2026-08-01T05:26:56Z,-8.9757,-107.2796,5
2026-08-01T02:13:31Z,-18.0761,-24.0286,n
2026-08-01T19:07:07Z,-12.8420,-77.6557,7
2026-08-01T19:09:31Z,-2.0935,-70.6716,n
2026-08-01T06:18:17Z,-39.1179,88.8547,_
2026-08-01T00:43:03Z,-11.8510,-176.9714,a
2026-08-01T12:58:49Z,30.6022,-8.4294,t
2026-08-01T16:15:58Z,37.1351,21.3034,8
2026-08-01T12:07:55Z,18.8860,42.9947,f
2026-08-01T23:21:33Z,6.7204,-7.9426,y
2026-08-01T10:41:47Z,-32.8513,-81.9440,{
2026-08-01T03:16:21Z,-25.4316,164.1404,h
2026-08-01T15:00:33Z,41.2975,146.2851,k
2026-08-01T02:32:23Z,-58.5364,-86.9162,e
2026-08-01T19:26:43Z,35.1478,-20.4465,9
2026-08-01T16:53:16Z,18.5455,160.7795,8
2026-08-01T16:53:01Z,-2.0694,95.1415,k
2026-08-01T22:52:04Z,46.2911,-140.4282,l
2026-08-01T21:46:57Z,-40.9185,118.1200,y
2026-08-01T04:38:07Z,-52.7924,84.1741,5
2026-08-01T21:42:09Z,-26.7960,107.2302,f
2026-08-01T08:13:21Z,36.5552,94.7421,x
2026-08-01T08:40:37Z,39.8230,-131.3301,y
2026-08-01T09:18:55Z,54.4815,74.7994,x
2026-08-01T01:08:10Z,-15.3686,46.9204,6
2026-08-01T02:34:07Z,-36.5326,-127.1952,d
2026-08-01T02:25:56Z,8.2010,-87.7191,w
2026-08-01T05:38:20Z,54.3138,100.8258,o
2026-08-01T18:10:22Z,-18.2354,-170.7688,f
2026-08-01T19:38:16Z,55.4219,-167.8440,b
2026-08-01T16:03:48Z,8.6802,-5.1860,k
2026-08-01T18:32:23Z,-23.3430,148.2936,v
2026-08-01T14:05:39Z,0.7865,-100.4234,s
2026-08-01T11:53:29Z,-19.3479,124.9642,4
2026-08-01T16:15:32Z,41.4074,-21.8104,9
2026-08-01T13:27:54Z,-37.7332,-28.9273,9
2026-08-01T19:42:21Z,-41.3724,145.8887,f
2026-08-01T11:27:13Z,38.4393,-178.7817,h
2026-08-01T19:05:49Z,-14.9361,-75.3289,n
2026-08-01T21:03:15Z,42.5834,-34.3740,d
2026-08-01T22:26:25Z,22.7229,-96.2426,2
2026-08-01T18:32:04Z,-15.2808,-13.5769,u
2026-08-01T17:47:07Z,7.1309,127.5366,8
2026-08-01T17:13:15Z,-54.0171,51.7858,z
2026-08-01T02:57:59Z,-56.6572,76.1040,f
2026-08-01T19:05:27Z,-27.4893,-75.0776,v
2026-08-01T20:18:45Z,-33.2826,-175.3191,7
2026-08-01T08:45:58Z,-17.5612,3.9579,}
2026-08-01T08:32:14Z,59.9774,-171.6467,k
2026-08-01T09:57:32Z,50.5995,-104.7645,q
2026-08-01T09:33:45Z,-36.2951,-154.6646,d
2026-08-01T13:04:11Z,-20.2028,166.5397,z
2026-08-01T19:44:44Z,39.6545,74.2436,4
2026-08-01T17:16:40Z,-8.4947,75.9183,t
2026-08-01T18:26:43Z,56.9076,147.9116,s
2026-08-01T02:48:08Z,-26.3252,41.6266,9
2026-08-01T16:49:29Z,7.6482,159.1319,m
2026-08-01T12:10:29Z,-16.6875,-122.7695,_
2026-08-01T23:34:44Z,-50.3930,155.7836,5
2026-08-01T05:33:05Z,-44.0645,139.2862,}
2026-08-01T01:16:02Z,55.2874,-156.1306,8
2026-08-01T03:14:48Z,-26.4424,-147.4348,w
2026-08-01T19:52:51Z,-36.2598,155.5526,9
2026-08-01T23:37:44Z,15.6914,-174.9195,h
2026-08-01T06:35:45Z,-0.0216,133.9434,8
2026-08-01T16:56:36Z,-33.6230,-44.1023,w
2026-08-01T00:57:49Z,13.9375,90.3854,q
2026-08-01T11:17:59Z,-3.0891,133.4315,g
2026-08-01T10:48:15Z,55.3846,-112.6739,n
2026-08-01T11:14:10Z,23.7680,133.4887,f
2026-08-01T16:51:55Z,21.3917,-157.4245,s
2026-08-01T04:32:17Z,-46.7087,58.9966,6
2026-08-01T09:23:16Z,12.1503,139.5129,h
2026-08-01T17:25:26Z,-33.0465,-54.9446,b
2026-08-01T16:58:02Z,47.4251,-130.4421,x
2026-08-01T00:52:49Z,28.6451,14.8590,1
2026-08-01T02:15:57Z,48.5504,-64.1812,k
2026-08-01T14:24:33Z,-46.0860,-66.6441,k
2026-08-01T03:42:29Z,48.3922,42.6750,1
2026-08-01T13:48:32Z,13.7900,81.8088,f
2026-08-01T21:59:40Z,10.9389,-99.4572,a
2026-08-01T16:22:46Z,51.5939,57.4050,{
2026-08-01T15:53:23Z,55.3796,-118.4144,w
2026-08-01T06:08:53Z,-53.7841,36.1686,l
2026-08-01T11:24:48Z,-26.3050,175.4707,9
2026-08-01T07:14:57Z,21.4317,-74.2036,r
2026-08-01T01:03:30Z,-2.6436,36.2751,w
2026-08-01T17:37:37Z,-0.0774,-29.8878,4
2026-08-01T23:55:52Z,-1.5017,-128.8348,n
2026-08-01T03:56:04Z,42.1157,-62.3833,{
2026-08-01T02:01:35Z,32.6860,-121.1219,o
2026-08-01T09:43:27Z,41.7417,145.9412,4
2026-08-01T22:12:05Z,-32.7232,159.4544,3
2026-08-01T08:10:18Z,2.8201,111.0375,q
2026-08-01T06:44:07Z,-2.0907,-93.0428,h
2026-08-01T15:56:28Z,-58.8222,95.8758,9
2026-08-01T10:49:40Z,-51.2592,-53.2151,d
2026-08-01T00:05:59Z,-25.8281,-158.7668,e
2026-08-01T14:09:38Z,-36.6951,-53.8593,e
2026-08-01T22:54:47Z,37.1036,3.4845,s
2026-08-01T15:37:12Z,-58.2925,-104.5950,_
2026-08-01T01:34:53Z,-45.1100,159.1053,g
2026-08-01T20:39:07Z,-22.1087,-104.1022,7
2026-08-01T05:36:10Z,-59.2381,38.4301,8
2026-08-01T06:22:52Z,59.4262,-96.8238,0
2026-08-01T07:35:36Z,-2.8112,-175.1144,d
2026-08-01T01:50:39Z,0.4510,-151.4705,q
2026-08-01T04:04:17Z,14.9186,45.1099,b
2026-08-01T11:32:56Z,36.5614,102.3741,2
2026-08-01T05:30:30Z,-13.4865,-66.3787,1
2026-08-01T12:00:34Z,17.0876,-140.7771,z
2026-08-01T06:24:46Z,-15.8001,-2.0491,k
2026-08-01T15:23:44Z,-35.4688,-102.7034,k
2026-08-01T17:37:19Z,-21.0969,4.6320,v
2026-08-01T07:23:55Z,57.6667,78.1645,1
2026-08-01T04:19:15Z,-24.7268,4.0845,2
2026-08-01T18:02:38Z,27.9827,3.7401,s
2026-08-01T18:20:22Z,10.1704,121.1405,g
2026-08-01T13:13:12Z,51.5883,101.8461,w
2026-08-01T00:35:54Z,57.7476,-68.8966,v
2026-08-01T23:20:18Z,-36.8945,88.7924,_
2026-08-01T11:08:21Z,-3.2546,132.9628,i
2026-08-01T09:12:20Z,2.7960,-105.0193,x
2026-08-01T20:51:44Z,-31.8684,-58.9719,l
2026-08-01T16:06:27Z,12.4526,-5.2797,b
2026-08-01T13:32:08Z,-48.9178,-140.8436,v
2026-08-01T17:26:56Z,-27.9283,-51.0411,i
2026-08-01T08:45:04Z,37.3608,-103.4847,r
2026-08-01T12:47:35Z,-15.2826,19.5149,z
2026-08-01T14:36:07Z,20.2586,31.9953,r
2026-08-01T16:49:55Z,51.2322,-172.9110,2
2026-08-01T13:22:23Z,52.6188,153.0815,x
2026-08-01T06:09:57Z,-57.1761,47.9364,4
2026-08-01T01:40:41Z,1.0953,97.3313,m
2026-08-01T04:02:26Z,-16.4977,25.3029,{
2026-08-01T20:11:26Z,-48.1741,99.2856,a
2026-08-01T03:08:07Z,48.2611,46.8375,n
2026-08-01T06:01:29Z,-42.9132,0.4725,f
2026-08-01T05:55:17Z,-31.1109,-11.1991,a
2026-08-01T03:04:27Z,28.7488,168.3074,y
2026-08-01T17:41:42Z,24.0098,156.1350,2
2026-08-01T14:03:05Z,-56.7625,-73.7026,a
2026-08-01T07:33:02Z,-30.8900,-25.8001,6
2026-08-01T18:21:03Z,48.6396,-3.0906,y
2026-08-01T13:41:58Z,1.2756,-3.5013,2
2026-08-01T17:28:03Z,9.0806,32.6325,u
2026-08-01T08:51:01Z,-41.3174,21.5665,8
2026-08-01T06:51:14Z,37.0625,56.4039,o
2026-08-01T20:45:49Z,39.6989,10.6743,x
2026-08-01T16:29:34Z,43.1656,-22.1969,}
2026-08-01T06:17:44Z,-51.8492,-77.9130,n
2026-08-01T12:01:21Z,-6.4603,-157.7018,d
2026-08-01T22:22:10Z,-2.9146,-111.7936,l
2026-08-01T05:26:38Z,52.5218,-100.5672,p
2026-08-01T08:22:22Z,18.6168,-51.0889,6
2026-08-01T10:35:10Z,-14.3245,-98.8182,z
2026-08-01T13:47:46Z,-35.3657,36.2911,t
2026-08-01T09:32:33Z,20.7793,-88.8356,5
2026-08-01T05:03:00Z,15.6197,159.4787,6
2026-08-01T23:12:21Z,19.4110,-117.6948,d
2026-08-01T14:52:39Z,54.4336,105.3454,5
2026-08-01T04:54:11Z,-21.3004,148.8904,4
2026-08-01T10:06:55Z,56.2371,163.7660,o
2026-08-01T12:29:34Z,-56.4645,-54.5675,j
2026-08-01T17:42:41Z,57.5678,-17.8123,3
2026-08-01T22:52:14Z,52.1092,13.6486,n
2026-08-01T12:43:40Z,-36.5958,15.7591,}
2026-08-01T04:11:22Z,-39.2311,-152.8610,o
2026-08-01T16:32:18Z,-48.5395,-156.8483,5
2026-08-01T06:01:57Z,28.3322,115.4645,p
2026-08-01T18:28:57Z,-26.3482,7.0586,u
2026-08-01T04:32:47Z,48.9124,40.9596,w
2026-08-01T18:06:31Z,4.3956,-169.0015,r
2026-08-01T16:42:38Z,19.2063,140.9422,z
2026-08-01T16:17:07Z,-4.0652,-109.3590,b
2026-08-01T08:55:04Z,-0.4718,-79.1428,j
2026-08-01T07:36:16Z,5.4452,-47.5604,u
2026-08-01T11:01:28Z,-46.8026,18.3894,t
2026-08-01T23:02:01Z,14.3773,13.5633,o
2026-08-01T18:33:09Z,-26.8650,157.7403,m
2026-08-01T16:51:41Z,0.1491,20.8971,t
2026-08-01T00:59:29Z,42.5086,-29.3897,u
2026-08-01T00:17:36Z,-7.3496,10.5572,7
2026-08-01T09:10:17Z,30.5383,73.7873,9
2026-08-01T08:42:25Z,44.5060,-116.6347,p
2026-08-01T13:16:50Z,-22.2126,30.2623,u
2026-08-01T15:06:53Z,21.7381,156.5699,c
2026-08-01T03:18:58Z,-42.7526,128.2652,4
2026-08-01T22:22:39Z,4.8137,-102.1006,u
2026-08-01T01:55:50Z,22.3953,-138.1244,a
2026-08-01T09:40:02Z,-7.4223,83.4975,c
2026-08-01T14:50:34Z,15.5893,164.1300,t
2026-08-01T16:30:06Z,54.5143,5.0633,c
2026-08-01T21:07:17Z,49.3333,-24.8524,x
2026-08-01T10:28:34Z,8.6224,-111.5605,t
2026-08-01T05:32:24Z,44.5024,-64.5562,y
2026-08-01T21:31:41Z,17.9919,113.6325,5
2026-08-01T13:15:20Z,52.4349,-6.8495,0
2026-08-01T07:56:48Z,-42.8777,73.9999,h
2026-08-01T03:51:35Z,47.6885,-73.3618,2
2026-08-01T09:46:54Z,2.8002,91.3076,6
2026-08-01T08:26:00Z,42.3176,161.4383,{
2026-08-01T21:51:53Z,-43.7802,117.1663,}
2026-08-01T06:14:49Z,1.4917,32.7443,a
2026-08-01T07:27:49Z,-46.5843,-79.6494,v
2026-08-01T11:45:25Z,50.9349,170.5789,i
2026-08-01T23:09:38Z,-11.7543,65.0036,1
2026-08-01T21:18:08Z,47.1629,39.0039,d
2026-08-01T07:29:09Z,-23.7998,-42.3246,g
2026-08-01T11:06:15Z,-2.8063,94.8459,y
2026-08-01T18:44:02Z,-9.3045,-90.2268,k
2026-08-01T10:22:39Z,31.6753,-73.7333,3
2026-08-01T01:47:04Z,-10.9854,-163.8012,1
2026-08-01T15:38:10Z,-52.8376,-100.6100,c
2026-08-01T19:52:04Z,25.2255,91.0858,e
2026-08-01T05:09:49Z,26.7954,176.5278,8
2026-08-01T13:06:39Z,-30.5267,-103.2303,8
2026-08-01T07:18:43Z,51.2156,36.9868,q
2026-08-01T21:52:32Z,-10.7053,55.9106,f
2026-08-01T14:51:44Z,50.3911,27.6436,5
2026-08-01T18:10:08Z,-11.2232,-87.6503,n
2026-08-01T11:53:24Z,55.1144,92.0339,c
2026-08-01T14:54:22Z,-36.5283,15.8997,o
2026-08-01T20:18:54Z,-43.7919,170.2090,s
2026-08-01T18:29:42Z,-17.7769,136.1725,r
2026-08-01T14:03:25Z,42.7226,111.8543,v
2026-08-01T01:55:19Z,14.2081,-143.0153,c
2026-08-01T22:46:20Z,-44.2982,-24.4517,z
2026-08-01T05:40:29Z,-59.7734,156.6582,x
2026-08-01T05:59:32Z,-47.1469,161.9880,j
2026-08-01T05:09:25Z,28.5902,-179.2294,0
2026-08-01T06:50:22Z,50.6132,174.9158,x
2026-08-01T06:22:34Z,6.6375,-5.7267,k
2026-08-01T00:56:11Z,3.7967,-31.1530,{
2026-08-01T12:36:22Z,-48.6090,-15.8194,3
2026-08-01T19:06:43Z,-18.0469,-72.2662,b
2026-08-01T11:02:02Z,-45.4486,7.2733,w
2026-08-01T19:12:03Z,4.6491,-60.7342,p
2026-08-01T15:18:15Z,14.0515,-168.1838,y
2026-08-01T08:05:17Z,8.1287,102.7370,w
2026-08-01T21:35:30Z,37.3901,-32.7932,h
2026-08-01T07:31:36Z,3.9788,86.9789,w
2026-08-01T23:38:06Z,-53.7292,59.5328,_
2026-08-01T16:54:54Z,-17.3197,165.3059,3
2026-08-01T03:04:48Z,15.9316,-97.8468,9
2026-08-01T23:11:43Z,-31.4497,14.1069,1
2026-08-01T02:04:31Z,45.2423,-121.7123,i
2026-08-01T15:45:20Z,6.3357,-12.3955,}
2026-08-01T11:59:37Z,-11.3547,-30.5950,{
2026-08-01T13:43:08Z,47.8099,104.0655,k
2026-08-01T01:29:15Z,-57.9513,137.6256,u
2026-08-01T20:07:38Z,-25.4703,131.5152,m
2026-08-01T23:05:24Z,11.5432,51.1748,b
2026-08-01T20:29:12Z,-50.7864,-130.1691,_
2026-08-01T08:05:33Z,-7.4225,97.7602,g
2026-08-01T14:24:41Z,-8.5309,6.5362,r
2026-08-01T07:28:28Z,-57.6150,-128.5852,_
2026-08-01T15:10:16Z,7.2996,168.5991,e
2026-08-01T08:04:03Z,-15.3529,99.8683,h
2026-08-01T04:29:23Z,-45.2298,34.4799,7
2026-08-01T01:45:06Z,31.8738,133.2083,z
2026-08-01T01:33:27Z,-49.9426,157.5975,8
2026-08-01T16:35:51Z,44.4999,122.5936,n
2026-08-01T13:04:29Z,53.3901,31.1110,x
2026-08-01T10:30:59Z,-53.2812,-86.4011,b
2026-08-01T03:41:43Z,15.6968,-179.2256,h
2026-08-01T00:20:24Z,16.0397,-119.7289,y
2026-08-01T17:31:59Z,-44.4716,-22.1168,q
2026-08-01T04:23:43Z,-33.8385,21.3095,6
2026-08-01T20:53:01Z,-52.1038,-66.8031,6
2026-08-01T13:04:24Z,-26.2354,60.6706,m
2026-08-01T03:19:45Z,-20.7609,168.5133,0
2026-08-01T12:24:56Z,9.0196,148.0033,}
2026-08-01T11:35:19Z,-47.5329,76.5192,q
2026-08-01T06:10:15Z,-5.4351,-112.8055,b
2026-08-01T17:18:50Z,-44.9041,-81.6692,e
2026-08-01T06:05:57Z,-36.0083,-97.6545,v
2026-08-01T02:48:21Z,-38.2285,38.7907,s
2026-08-01T04:10:55Z,5.7837,-16.9334,r
2026-08-01T00:14:32Z,-46.2576,-121.4823,3
2026-08-01T09:11:05Z,-41.6637,-43.1562,5
2026-08-01T12:39:34Z,33.6105,-124.0782,i
2026-08-01T23:49:38Z,-21.2354,-140.9002,o
2026-08-01T12:19:55Z,-48.9622,-97.8608,9
2026-08-01T21:07:45Z,7.1588,-100.7949,1
2026-08-01T11:28:14Z,-55.4082,-173.2119,3
2026-08-01T08:39:03Z,46.2134,-129.8706,j
2026-08-01T17:06:27Z,-44.7122,-158.3344,m
2026-08-01T18:57:01Z,-47.1223,132.7713,m
2026-08-01T06:30:45Z,15.6729,-43.6151,0
2026-08-01T16:12:29Z,26.7894,12.0866,4
2026-08-01T05:08:48Z,-49.4672,24.0227,n
2026-08-01T08:29:42Z,55.9206,-119.5034,8
2026-08-01T23:52:45Z,27.2259,49.4186,g
2026-08-01T08:26:30Z,26.1264,87.9255,r
2026-08-01T12:32:47Z,-50.6317,-28.8289,v
2026-08-01T08:01:57Z,-33.0269,-116.1572,q
2026-08-01T19:29:16Z,47.1756,-11.0147,2
2026-08-01T11:28:11Z,34.6053,79.6004,o
2026-08-01T13:09:24Z,47.5347,80.6418,b
2026-08-01T04:24:05Z,-52.3509,-46.6118,{
2026-08-01T16:04:29Z,11.9231,-4.1644,g
2026-08-01T08:39:09Z,16.3786,-162.9419,f
2026-08-01T20:43:18Z,59.3255,105.6151,2
2026-08-01T06:32:16Z,-14.8130,131.6003,5
2026-08-01T11:33:04Z,-56.1046,146.6193,v
2026-08-01T09:41:38Z,23.3149,-160.1711,z
2026-08-01T15:08:27Z,20.6889,168.6809,v
2026-08-01T04:43:10Z,-47.7565,110.6463,0
2026-08-01T09:46:31Z,-40.3598,139.9615,j
2026-08-01T18:04:36Z,49.1987,70.8885,h
2026-08-01T16:51:10Z,-15.5363,170.3434,p
2026-08-01T08:45:18Z,35.4351,-104.4155,w
2026-08-01T04:59:35Z,-0.4846,154.5678,a
2026-08-01T10:54:16Z,-61.7082,-26.9632,7
2026-08-01T01:29:27Z,-51.3569,136.0655,{
2026-08-01T03:51:26Z,52.6350,-79.9148,1
2026-08-01T11:56:00Z,11.4395,-112.5841,l
2026-08-01T05:03:12Z,21.6218,-101.3648,r
2026-08-01T13:48:07Z,-31.1051,38.9128,b
2026-08-01T21:38:46Z,49.6361,86.8418,w
2026-08-01T21:09:31Z,50.2152,-11.0467,7
2026-08-01T22:21:34Z,3.6840,-113.6406,n
2026-08-01T14:56:26Z,-10.3577,-169.9473,e
2026-08-01T04:13:24Z,-1.7867,-2.7633,4
2026-08-01T15:29:07Z,3.9504,-129.3675,9
2026-08-01T16:36:23Z,45.7950,120.6261,9
2026-08-01T00:22:22Z,-41.0887,7.6533,2
2026-08-01T00:27:09Z,36.2476,-101.0560,h
2026-08-01T11:57:45Z,35.4540,124.0037,8
2026-08-01T07:11:39Z,-31.2485,60.4021,h
2026-08-01T04:09:50Z,10.7280,-18.0275,v
2026-08-01T14:31:48Z,8.4799,14.7569,p
2026-08-01T21:58:59Z,-56.8348,176.2026,m
2026-08-01T03:00:32Z,-53.2107,90.3177,b
2026-08-01T01:27:35Z,-56.6983,-119.9568,n
2026-08-01T18:57:49Z,6.6141,-53.4402,}
2026-08-01T21:15:30Z,-0.7046,113.5750,a
2026-08-01T14:07:31Z,-49.2149,-55.3775,e
2026-08-01T15:13:56Z,-16.8828,102.1229,e
2026-08-01T18:14:57Z,34.0230,106.1691,h
2026-08-01T06:51:06Z,47.3468,178.8330,h
2026-08-01T20:38:58Z,-16.2069,-97.1076,t
2026-08-01T02:16:15Z,57.7759,-57.2871,1
2026-08-01T17:17:24Z,-43.1264,83.2403,a
2026-08-01T06:06:06Z,-46.2347,-72.0705,{
2026-08-01T18:35:20Z,30.8510,-130.2743,}
2026-08-01T21:10:04Z,-9.7424,10.0836,2
2026-08-01T03:50:25Z,35.2237,-139.1795,0
2026-08-01T21:56:22Z,-48.0763,162.8586,c
2026-08-01T10:58:52Z,38.2755,151.6048,7
2026-08-01T20:09:16Z,-22.6445,132.1382,j
2026-08-01T14:02:34Z,-18.4299,43.1986,5
2026-08-01T02:47:39Z,0.9660,-29.0892,t
2026-08-01T16:31:20Z,-44.9319,44.4850,d
2026-08-01T08:11:40Z,33.2484,165.0382,9
2026-08-01T02:17:23Z,-29.4318,-126.3215,2
2026-08-01T03:24:55Z,-7.2812,-177.2338,3
2026-08-01T03:46:02Z,-30.7702,175.1488,i
2026-08-01T22:43:26Z,42.2684,-63.2910,q
2026-08-01T11:35:26Z,48.0133,106.5971,b
2026-08-01T17:55:06Z,-59.4733,160.1305,0
2026-08-01T09:57:10Z,46.6941,117.7387,0
2026-08-01T02:04:53Z,-17.6641,164.7280,m
2026-08-01T06:24:15Z,-19.8280,111.8309,f
2026-08-01T20:03:40Z,41.1497,-20.0865,l
2026-08-01T22:41:43Z,53.6232,-36.3764,x
2026-08-01T08:23:20Z,-15.9836,18.3850,u
2026-08-01T21:26:14Z,16.9131,66.5871,4
2026-08-01T03:34:36Z,30.2872,-161.5408,i
2026-08-01T01:25:35Z,59.8364,-59.2840,i
2026-08-01T00:17:20Z,6.0393,-126.9646,1
2026-08-01T22:01:03Z,-50.9627,-104.3134,b
2026-08-01T10:48:06Z,-45.8307,-50.7660,p
2026-08-01T00:26:00Z,33.6294,-106.4391,0
2026-08-01T07:57:52Z,-36.6111,78.6249,r
2026-08-01T02:35:11Z,7.3753,10.9006,b
2026-08-01T00:49:56Z,38.6160,6.9121,7
2026-08-01T04:00:48Z,37.5897,-40.4760,i
2026-08-01T20:23:44Z,-19.9554,-74.2441,q
2026-08-01T19:03:55Z,-26.5807,-81.7480,s
2026-08-01T08:47:12Z,32.6336,-99.2559,e
2026-08-01T14:09:53Z,-28.0315,-82.1946,0
2026-08-01T16:26:21Z,55.8361,71.8639,}
2026-08-01T08:05:29Z,-9.9792,104.0005,o
2026-08-01T04:21:24Z,-23.5850,12.7867,2
2026-08-01T08:27:27Z,47.9227,157.5611,{
2026-08-01T00:48:50Z,50.6390,4.4570,m
2026-08-01T02:50:37Z,-35.6772,47.1030,{
2026-08-01T22:56:06Z,-2.2467,-92.6069,9
2026-08-01T09:55:02Z,28.5057,107.0135,i
2026-08-01T08:02:36Z,28.3039,-28.2069,i
2026-08-01T01:52:09Z,7.5927,-154.1530,y
2026-08-01T00:03:05Z,-35.9381,-159.5614,j
2026-08-01T12:44:58Z,25.1924,147.1708,j
2026-08-01T07:56:34Z,-35.9997,148.6475,6
2026-08-01T17:29:45Z,45.9129,161.5213,c
2026-08-01T14:05:55Z,10.4205,-115.0563,x
2026-08-01T14:59:28Z,35.1361,141.5357,7
2026-08-01T23:09:03Z,-3.4422,61.4297,c
2026-08-01T13:11:07Z,43.1210,92.2785,8
2026-08-01T10:03:12Z,50.5548,138.6610,g
2026-08-01T04:13:06Z,-4.7876,-14.8904,6
2026-08-01T00:00:31Z,-45.5879,-168.9196,4
2026-08-01T16:05:17Z,-56.2688,133.5099,y
2026-08-01T10:52:27Z,-51.7126,-31.8052,t
2026-08-01T14:27:53Z,45.0255,102.7917,i
2026-08-01T14:47:16Z,-34.6785,71.0465,}
2026-08-01T17:03:41Z,-38.5270,-169.4517,7
2026-08-01T13:25:32Z,43.4843,165.6340,o
2026-08-01T07:17:25Z,-52.3671,103.8672,5
2026-08-01T06:23:57Z,-27.7062,113.3063,2
2026-08-01T21:46:37Z,-38.2189,112.5723,d
2026-08-01T08:44:21Z,-34.8923,78.1741,b
2026-08-01T17:02:52Z,-34.3550,-176.5541,l
2026-08-01T05:44:51Z,4.0712,-42.4772,2
2026-08-01T13:28:18Z,19.5450,164.5999,e
2026-08-01T15:29:20Z,56.4518,-57.3911,u
2026-08-01T12:03:39Z,-5.9105,155.6495,p
2026-08-01T06:50:08Z,49.1312,174.2992,k
2026-08-01T09:05:06Z,-25.2902,-62.4711,c
2026-08-01T23:28:13Z,-51.2042,115.7042,g
2026-08-01T13:14:47Z,38.8915,50.3386,x
2026-08-01T16:39:00Z,38.5486,135.9650,z
2026-08-01T02:19:37Z,48.6563,109.6642,h
2026-08-01T08:22:45Z,-43.5885,170.7537,5
2026-08-01T01:12:22Z,35.2635,26.8506,d
2026-08-01T01:55:08Z,14.9215,-137.6298,i
2026-08-01T04:31:20Z,25.1550,89.0081,1
2026-08-01T23:28:29Z,-46.5594,116.3414,h
2026-08-01T23:51:49Z,-17.7704,-141.7044,k
2026-08-01T16:51:50Z,-16.9394,65.7844,1
2026-08-01T02:33:56Z,14.2968,5.3001,n
2026-08-01T07:41:36Z,54.5368,-134.1753,i
2026-08-01T01:56:29Z,-14.2690,122.2740,7
2026-08-01T21:10:16Z,-9.6547,175.1272,e
2026-08-01T11:10:26Z,29.0207,-38.3854,4
2026-08-01T11:02:10Z,9.2633,-170.8666,z
2026-08-01T17:34:28Z,18.1081,-60.8165,b
2026-08-01T05:18:17Z,50.3819,-149.6426,n
2026-08-01T19:35:30Z,57.3936,36.3809,j
2026-08-01T19:47:33Z,52.3733,-177.9003,o
2026-08-01T12:05:27Z,4.7410,-128.2066,m
2026-08-01T08:45:07Z,-33.1133,107.2938,h
2026-08-01T19:35:04Z,54.3362,-36.3918,e
2026-08-01T22:07:37Z,-32.5499,-145.4423,m
2026-08-01T09:33:56Z,-29.8991,67.0683,k
2026-08-01T08:36:50Z,49.0664,-143.9053,o
2026-08-01T06:55:42Z,-11.0446,-129.1016,c
2026-08-01T18:12:22Z,4.2622,28.5613,}
2026-08-01T15:13:59Z,-10.2909,179.2657,2
2026-08-01T05:11:21Z,4.4249,110.7058,9
2026-08-01T17:52:46Z,-16.7641,26.0779,i
2026-08-01T08:11:31Z,-3.8869,-174.0531,t
2026-08-01T03:34:31Z,29.6011,-160.9113,3
2026-08-01T01:44:59Z,-14.8583,-170.7171,j
2026-08-01T04:01:31Z,-56.8107,-53.0403,9
2026-08-01T11:32:55Z,40.8180,98.7549,}
2026-08-01T04:56:55Z,18.1895,-163.6965,7
2026-08-01T13:39:56Z,8.4249,-158.2805,6
2026-08-01T11:41:02Z,48.1947,143.5703,1
2026-08-01T23:28:58Z,-48.3996,85.7638,7
2026-08-01T01:45:02Z,-40.4737,78.8731,8
2026-08-01T13:54:29Z,-39.5350,167.1818,9
2026-08-01T07:53:49Z,-44.6780,63.1665,g
2026-08-01T07:24:27Z,-5.8823,-58.9789,}
2026-08-01T06:37:19Z,13.5194,140.0402,7
2026-08-01T23:35:43Z,20.6539,-21.4522,g
2026-08-01T06:06:56Z,17.2297,-161.4111,i
2026-08-01T11:08:55Z,36.3367,6.1119,z
2026-08-01T01:27:09Z,-56.7046,121.8619,{
2026-08-01T09:46:07Z,9.9077,89.5990,n
2026-08-01T13:44:49Z,-7.6006,-151.1629,0
2026-08-01T21:59:58Z,-25.0819,34.8464,e
2026-08-01T12:30:36Z,-47.7353,-35.9189,v
2026-08-01T10:52:49Z,46.3627,27.2002,w
2026-08-01T22:59:23Z,-58.3769,-109.8339,b
2026-08-01T05:59:57Z,-44.3534,84.9585,v
2026-08-01T07:41:29Z,-48.7562,9.9201,{
2026-08-01T08:25:49Z,42.1049,150.4823,g
2026-08-01T01:07:10Z,47.1115,-19.5442,2
2026-08-01T17:43:58Z,-7.4747,-146.5971,a
2026-08-01T09:12:45Z,-45.2481,-37.1459,e
2026-08-01T02:13:50Z,54.2342,-72.0059,y
2026-08-01T11:03:18Z,-35.7764,24.1692,5
2026-08-01T01:55:51Z,16.0081,-141.0742,z
2026-08-01T00:03:02Z,-31.5922,-165.3081,g
2026-08-01T04:48:43Z,-37.2921,137.2543,7
2026-08-01T15:55:24Z,-48.3236,120.3352,0
2026-08-01T18:24:17Z,-2.5300,128.1977,3
2026-08-01T12:46:00Z,-27.2321,168.0596,v
2026-08-01T13:14:58Z,52.1906,-127.0374,g
2026-08-01T16:29:38Z,-19.7425,10.0337,l
2026-08-01T18:08:16Z,40.5336,93.2385,q
2026-08-01T15:31:07Z,-44.7724,-134.7914,2
2026-08-01T06:07:54Z,-49.9925,31.8131,2
2026-08-01T00:17:39Z,9.3229,-131.7295,7
2026-08-01T18:46:28Z,-48.6742,-154.5837,v
2026-08-01T05:21:42Z,-38.9613,154.2224,_
2026-08-01T03:39:02Z,37.2003,-149.4319,f
2026-08-01T10:01:02Z,41.1579,137.9849,2
2026-08-01T21:59:47Z,6.6538,65.5526,i
2026-08-01T09:01:19Z,-17.0525,-69.7938,v
2026-08-01T14:27:19Z,-51.9215,12.5690,}
2026-08-01T20:40:21Z,-16.8252,-88.4199,r
2026-08-01T09:42:12Z,17.7609,-12.7716,k
2026-08-01T13:48:43Z,18.0986,-81.6391,z
2026-08-01T12:09:42Z,-55.5887,1.1041,q
2026-08-01T04:02:46Z,32.0059,-31.5701,v
2026-08-01T22:54:55Z,39.7971,33.1575,{
2026-08-01T05:32:03Z,45.2378,-73.6161,i
2026-08-01T07:05:23Z,39.6231,-107.5227,l
2026-08-01T04:17:18Z,21.2834,58.3650,b
2026-08-01T04:55:54Z,51.0673,-113.7993,3
2026-08-01T23:09:42Z,-2.1792,65.6355,g
2026-08-01T11:01:26Z,-48.5516,7.3587,b
2026-08-01T23:14:25Z,-15.1965,74.3365,6
2026-08-01T12:41:29Z,-36.0564,77.6493,1
2026-08-01T19:15:10Z,-23.9258,-146.8428,u
2026-08-01T00:09:11Z,-15.7964,-146.9990,u
2026-08-01T13:27:04Z,26.8957,67.1358,8
2026-08-01T00:34:31Z,-51.8181,-9.2264,f
2026-08-01T08:00:41Z,-30.6230,87.4976,u
2026-08-01T19:35:08Z,-2.4566,93.2240,u
2026-08-01T00:17:17Z,-22.8920,-54.7363,g
2026-08-01T13:30:11Z,-59.8963,-74.4245,y
2026-08-01T12:11:20Z,18.9779,-24.8256,v
2026-08-01T04:00:44Z,31.8653,25.4872,v
2026-08-01T05:40:42Z,21.7209,-44.0983,4
2026-08-01T07:06:57Z,39.9327,-92.9132,6
2026-08-01T08:13:20Z,12.8169,115.9041,x
2026-08-01T02:29:00Z,40.9021,155.6895,i
2026-08-01T18:59:02Z,-55.7738,141.3516,q
2026-08-01T22:15:08Z,-22.3465,-121.8102,8
2026-08-01T23:43:12Z,-22.9728,-55.4453,5
2026-08-01T14:06:44Z,-54.5676,-47.4596,g
2026-08-01T19:37:49Z,47.1690,112.7776,9
2026-08-01T01:06:47Z,24.6837,179.9993,7
2026-08-01T02:02:30Z,-38.2584,-20.5929,t
2026-08-01T06:11:18Z,-48.9183,45.7596,5
2026-08-01T13:47:12Z,45.8998,125.8329,0
2026-08-01T07:06:56Z,21.4613,-37.9773,{
2026-08-01T11:55:07Z,32.4894,-156.7703,g
2026-08-01T02:20:42Z,43.6102,-31.4445,g
2026-08-01T14:07:08Z,-52.6988,-52.9575,b
2026-08-01T15:48:37Z,-48.7004,-24.0335,n
2026-08-01T21:01:39Z,-16.5941,-10.2219,q
2026-08-01T10:30:51Z,-15.5514,-93.2415,}
2026-08-01T15:09:36Z,10.1224,163.7038,z
2026-08-01T21:15:05Z,45.8570,38.8679,o
2026-08-01T22:08:00Z,-42.7482,-140.9226,o
2026-08-01T14:59:13Z,-28.9148,-80.4526,v
2026-08-01T12:03:19Z,39.1326,126.5910,h
2026-08-01T18:43:01Z,-14.3312,-76.3785,g
2026-08-01T00:20:56Z,12.5741,-114.5568,a
2026-08-01T19:11:05Z,-4.5598,-57.3519,t
2026-08-01T02:49:19Z,-41.4598,40.9254,9
2026-08-01T05:38:54Z,6.4441,108.2900,m
2026-08-01T08:34:13Z,59.6711,-158.0266,n
2026-08-01T11:00:28Z,17.6030,-150.5827,s
2026-08-01T04:58:07Z,-2.4511,150.0367,o
2026-08-01T08:47:43Z,-5.2857,3.4876,2
2026-08-01T15:32:19Z,57.1826,-109.7592,j
2026-08-01T08:22:35Z,36.7461,150.7010,q
2026-08-01T07:41:34Z,-42.9109,4.4184,5
2026-08-01T20:29:40Z,-4.6802,-59.7517,b
2026-08-01T06:51:52Z,48.8384,-176.6648,d
2026-08-01T02:19:00Z,50.1010,-40.2284,9
2026-08-01T11:24:06Z,15.7580,70.9116,3
2026-08-01T21:35:46Z,-1.1084,93.8336,d
2026-08-01T21:39:32Z,13.3026,-173.3241,e
2026-08-01T12:01:43Z,4.7053,-136.5870,p
2026-08-01T17:53:37Z,52.5168,14.3570,f
2026-08-01T09:50:58Z,13.4926,99.6645,n
2026-08-01T16:49:53Z,0.5243,-122.2659,m
2026-08-01T11:36:36Z,43.3292,115.6641,h
2026-08-01T01:51:01Z,1.0255,167.2405,0
2026-08-01T18:08:46Z,-13.9083,-68.1746,j
2026-08-01T19:07:41Z,-18.9467,-69.3164,o
2026-08-01T06:57:37Z,-22.9568,168.6090,9
2026-08-01T10:32:48Z,24.1708,-138.6812,z
2026-08-01T05:24:44Z,-36.0175,-27.1390,c
2026-08-01T20:44:56Z,-3.5577,-88.4082,0
2026-08-01T17:18:28Z,-50.4412,-85.0480,q
2026-08-01T02:47:47Z,-23.5206,32.8900,t
2026-08-01T04:05:50Z,15.0735,-23.0000,b
2026-08-01T14:54:35Z,51.2252,121.4643,m
2026-08-01T01:16:09Z,-11.3674,72.4989,r
2026-08-01T01:14:57Z,-0.2233,120.1734,r
2026-08-01T06:06:44Z,-16.9199,50.3638,j
2026-08-01T15:01:37Z,16.6552,74.9704,}
2026-08-01T21:39:40Z,-19.6544,94.6619,k
2026-08-01T02:01:09Z,33.3708,-133.5553,c
2026-08-01T11:50:16Z,-55.2266,-63.2327,r
2026-08-01T02:32:49Z,11.4068,-2.2159,v
2026-08-01T14:01:41Z,-57.1288,-5.4676,r
2026-08-01T20:23:56Z,-55.4688,-162.4141,0
2026-08-01T06:44:00Z,27.6103,156.6237,t
2026-08-01T01:56:35Z,20.5697,-140.9430,t
2026-08-01T12:54:53Z,13.9154,42.1665,3
2026-08-01T15:14:22Z,-3.1739,176.7887,h
2026-08-01T03:41:41Z,49.3609,-137.7461,z
2026-08-01T11:19:43Z,6.2125,57.1694,f
2026-08-01T23:22:27Z,-41.1435,97.4981,w
2026-08-01T17:04:37Z,-35.9212,-164.7190,c
2026-08-01T10:55:03Z,17.3257,-62.8257,a
2026-08-01T16:17:39Z,58.6336,-14.3895,i
2026-08-01T13:36:41Z,15.6872,-155.8918,j
2026-08-01T01:32:50Z,-43.8760,159.1476,a
2026-08-01T04:03:21Z,55.1028,38.8467,f
2026-08-01T21:23:50Z,51.1974,55.7106,d
2026-08-01T10:01:35Z,14.7730,-21.6627,v
2026-08-01T18:19:32Z,43.4638,-151.3476,{
2026-08-01T00:24:49Z,33.7101,-114.3098,s
2026-08-01T10:47:02Z,-43.3422,-56.4412,h
2026-08-01T11:58:12Z,36.5740,-88.4968,a
2026-08-01T11:26:46Z,-14.2113,-137.8797,q
2026-08-01T15:44:02Z,-42.3436,-71.5097,q
2026-08-01T23:16:45Z,10.2438,-122.9148,x
2026-08-01T19:59:26Z,52.7930,179.2914,f
2026-08-01T19:07:57Z,-10.5732,-71.7454,i
2026-08-01T19:56:54Z,1.0693,105.2652,1
2026-08-01T02:25:07Z,-14.6253,96.8399,1
2026-08-01T21:56:22Z,-14.2431,86.7223,f
2026-08-01T22:24:10Z,11.6844,-99.5668,v
2026-08-01T02:05:03Z,45.2967,-122.7933,r
2026-08-01T03:19:50Z,-14.8623,106.2872,m
2026-08-01T07:35:01Z,-37.1596,-26.0434,0
2026-08-01T18:43:57Z,-12.8954,-68.3566,x
2026-08-01T22:19:57Z,-39.1800,127.2493,a
2026-08-01T22:18:58Z,-9.5446,-109.2395,g
2026-08-01T07:01:24Z,52.8517,-129.6154,d
2026-08-01T20:40:43Z,-17.3418,-88.6148,j
2026-08-01T05:04:32Z,15.2409,175.4901,t
2026-08-01T20:47:00Z,3.8159,-82.2572,0
2026-08-01T15:30:10Z,-36.4673,-138.9558,x
2026-08-01T23:33:17Z,-18.2486,71.4285,j
2026-08-01T23:12:18Z,-15.1480,72.0469,y
2026-08-01T20:15:12Z,-43.4111,150.8374,4
2026-08-01T15:28:53Z,2.7445,149.4364,h
2026-08-01T23:54:58Z,-3.6343,-132.7638,1
2026-08-01T12:43:59Z,-23.5540,12.7567,9
2026-08-01T20:56:57Z,32.5270,-60.5158,_
2026-08-01T08:47:08Z,47.6508,-49.1227,4
2026-08-01T17:09:28Z,-49.6323,-142.8644,_
2026-08-01T18:29:08Z,-21.4078,145.5143,9
2026-08-01T00:41:47Z,-59.1986,-142.4796,b
2026-08-01T12:23:23Z,-36.9001,-116.4925,m
2026-08-01T21:27:36Z,48.6004,-55.5111,{
2026-08-01T07:04:51Z,-25.1916,-151.4327,j
2026-08-01T08:22:30Z,-12.1272,-142.0438,q
2026-08-01T04:03:05Z,-36.7639,-134.2862,3
2026-08-01T05:36:44Z,24.4901,-54.4271,v
2026-08-01T04:55:56Z,-17.3720,151.5783,a
2026-08-01T07:28:09Z,-49.0621,-65.3088,w
2026-08-01T17:46:34Z,31.7686,-7.3837,6
2026-08-01T18:44:53Z,26.1951,-48.8265,0
2026-08-01T22:49:11Z,52.6927,-11.7601,r
2026-08-01T23:37:11Z,8.8355,-107.1216,i
2026-08-01T01:25:07Z,-14.3015,-76.5364,j
2026-08-01T01:03:27Z,44.1026,-156.6049,g
2026-08-01T11:57:00Z,33.5458,-149.1589,p
2026-08-01T08:53:42Z,1.9588,-90.4489,k
2026-08-01T17:54:57Z,12.7898,-7.8067,z
2026-08-01T06:45:23Z,29.0972,162.6263,a
2026-08-01T21:26:52Z,19.2437,70.6664,w
2026-08-01T19:12:37Z,33.0732,-164.5430,c
2026-08-01T04:06:14Z,21.6903,-25.9146,y
2026-08-01T13:33:19Z,-29.5696,-179.6249,y
2026-08-01T04:14:36Z,-13.2679,-7.8334,0
2026-08-01T05:22:38Z,5.0482,81.8860,r
2026-08-01T08:55:32Z,9.6530,-88.0717,f
2026-08-01T23:57:05Z,-2.2952,-14.6940,q
2026-08-01T11:29:24Z,-52.0539,93.7221,u
2026-08-01T13:32:29Z,20.6847,179.7645,8
2026-08-01T20:33:13Z,-33.6914,-114.7491,p
2026-08-01T05:02:25Z,-4.3938,-31.0448,z
2026-08-01T11:54:13Z,30.8459,-158.9365,x
2026-08-01T15:36:37Z,-53.2467,-108.8372,i
2026-08-01T19:01:51Z,-28.8530,-88.2892,w
2026-08-01T02:10:54Z,-38.0186,-61.2162,d
2026-08-01T12:38:30Z,3.7857,84.7668,x
2026-08-01T00:20:36Z,9.8663,-119.8460,}
2026-08-01T06:04:55Z,-51.6907,21.6751,7
2026-08-01T03:34:00Z,23.2927,-160.3540,j
2026-08-01T05:44:50Z,7.6029,-46.6870,m
2026-08-01T15:14:55Z,-1.8484,-177.8145,4
2026-08-01T15:34:33Z,-43.6943,-122.0365,w
2026-08-01T09:28:18Z,-40.6177,46.3786,8
2026-08-01T05:07:34Z,16.3571,174.3404,2
2026-08-01T15:19:59Z,-26.7370,-64.7701,c
2026-08-01T01:44:55Z,-19.2434,-164.1082,e
2026-08-01T19:29:58Z,54.6425,-8.4385,m
2026-08-01T11:54:59Z,-11.1239,-12.5583,7
2026-08-01T21:02:49Z,46.6134,129.7047,y
2026-08-01T23:59:51Z,11.4805,-117.3465,d
2026-08-01T04:32:43Z,-48.2681,53.2686,a
2026-08-01T21:46:47Z,-34.3330,113.1665,l
2026-08-01T19:44:19Z,-33.1516,50.7138,v
2026-08-01T08:55:37Z,-57.2844,-44.7813,l
2026-08-01T00:05:08Z,-41.8205,-161.0033,2
2026-08-01T23:19:25Z,-32.2473,84.4783,c
2026-08-01T14:57:43Z,0.6927,109.6579,1
2026-08-01T17:59:47Z,-3.6995,-14.1956,0
2026-08-01T18:37:48Z,-42.3053,161.7761,s
2026-08-01T00:52:45Z,23.2522,-16.4690,y
2026-08-01T14:07:40Z,-46.1699,-53.2319,g
2026-08-01T07:23:37Z,53.1697,132.3054,9
2026-08-01T04:15:13Z,22.8592,-17.5696,n
2026-08-01T20:23:18Z,-22.9940,-28.0718,g
2026-08-01T10:29:39Z,-37.8269,114.4214,7
2026-08-01T01:24:57Z,-55.5694,-13.6112,d
2026-08-01T20:03:53Z,-44.5775,126.3010,r
2026-08-01T06:37:07Z,6.0834,135.1311,k
2026-08-01T10:43:37Z,-36.0538,-73.4832,}
2026-08-01T21:30:04Z,9.9368,76.2739,9
2026-08-01T16:09:16Z,30.2823,-149.6940,3
2026-08-01T14:23:40Z,-34.7151,70.0180,b
2026-08-01T21:12:45Z,52.0070,16.0489,_
2026-08-01T09:11:59Z,-45.1250,-47.8395,c
2026-08-01T07:28:11Z,-56.2914,-161.2004,p
2026-08-01T12:11:09Z,-18.6137,-118.4880,9
2026-08-01T09:18:07Z,-9.4540,95.1355,x
2026-08-01T17:00:50Z,-13.0853,-35.7591,c
2026-08-01T23:36:43Z,-43.7201,176.0346,2
2026-08-01T22:23:56Z,10.4794,-99.0431,z
2026-08-01T14:35:00Z,20.5215,28.1882,0
2026-08-01T01:15:55Z,-47.1665,12.6886,n
2026-08-01T03:16:56Z,-19.5711,158.3562,v
2026-08-01T07:58:57Z,52.9010,-76.7338,k
2026-08-01T17:29:29Z,47.8543,-109.3056,4
2026-08-01T18:37:12Z,41.4134,-23.0090,_
2026-08-01T09:12:39Z,-49.6780,-79.3126,i
2026-08-01T08:27:49Z,-29.5112,-33.3723,d
2026-08-01T15:53:24Z,-31.4847,-27.3646,9
2026-08-01T03:02:06Z,37.1795,108.6291,e
2026-08-01T00:10:36Z,-52.1092,-129.1548,1
2026-08-01T21:45:52Z,18.7224,-10.9553,i
2026-08-01T09:19:18Z,-52.3990,-7.5756,h
2026-08-01T21:35:39Z,50.5532,-170.6214,z
2026-08-01T15:23:16Z,-20.7229,-157.3498,e
2026-08-01T17:22:16Z,-41.7600,-72.2906,7
2026-08-01T22:36:57Z,45.5543,-62.9800,v
2026-08-01T13:24:17Z,48.8715,161.4185,0
2026-08-01T15:06:16Z,-28.7572,46.4769,u
2026-08-01T06:40:45Z,53.5578,45.0572,h
2026-08-01T08:25:16Z,42.8225,157.4989,7
2026-08-01T20:11:31Z,-8.2247,-113.5596,m
2026-08-01T06:19:46Z,-16.8099,-139.8530,c
2026-08-01T01:23:11Z,-57.1317,107.3403,h
2026-08-01T03:54:46Z,50.0161,-53.4774,{
2026-08-01T05:52:01Z,-12.4367,-25.8082,r
2026-08-01T08:13:56Z,23.0390,7.3603,e
2026-08-01T18:04:26Z,-56.1824,33.1836,u
2026-08-01T06:23:47Z,-38.0746,107.3977,j
2026-08-01T02:35:12Z,27.2288,-61.3703,1
2026-08-01T09:57:44Z,36.1281,124.2351,x
2026-08-01T10:20:13Z,31.7820,-133.6253,w
2026-08-01T05:35:52Z,27.1224,-64.9545,l
2026-08-01T12:08:54Z,-5.0528,-127.6058,n
2026-08-01T01:28:16Z,-57.2381,128.6074,i
2026-08-01T07:32:12Z,-51.9001,-145.7001,_
2026-08-01T02:00:59Z,33.1017,-156.7666,1
2026-08-01T05:28:06Z,55.3410,-86.1030,i
2026-08-01T22:39:46Z,50.3007,-54.2341,o
2026-08-01T22:41:47Z,59.2469,-44.2372,f
2026-08-01T13:06:55Z,31.0446,72.8501,2
2026-08-01T07:21:06Z,-16.7082,-51.8853,c
2026-08-01T23:07:00Z,-26.9321,112.6683,n
2026-08-01T07:56:31Z,-40.5258,79.2436,6
2026-08-01T14:18:27Z,-46.5688,-4.7271,s
2026-08-01T16:21:50Z,16.3574,-35.8134,_
2026-08-01T16:08:25Z,35.9742,167.1179,a
2026-08-01T20:55:05Z,25.3061,-63.4903,k
2026-08-01T19:09:15Z,44.4799,65.9716,s
2026-08-01T22:55:58Z,-53.2008,-56.5295,d
2026-08-01T10:53:56Z,-1.2301,99.6410,3
2026-08-01T14:41:41Z,12.9675,-157.8552,0
2026-08-01T09:04:39Z,-20.7265,-60.3000,s
2026-08-01T15:08:53Z,17.6011,168.3836,j
2026-08-01T01:11:26Z,-36.2095,58.0564,x
2026-08-01T13:27:05Z,-0.5014,-91.7866,b
2026-08-01T17:41:34Z,56.9546,-169.6589,a
2026-08-01T08:34:58Z,52.6075,-145.7084,e
2026-08-01T19:06:22Z,24.7123,-140.8611,o
2026-08-01T18:51:25Z,-43.6614,-126.7743,2
2026-08-01T14:43:51Z,-9.9320,134.1424,{
2026-08-01T00:20:54Z,45.3526,-10.2467,4
2026-08-01T19:51:55Z,25.8744,88.4100,s
2026-08-01T15:56:36Z,-18.2099,-27.5629,v
2026-08-01T18:18:29Z,42.0644,-162.4768,h
2026-08-01T22:47:31Z,42.3172,-108.3991,z
2026-08-01T11:27:12Z,32.0250,74.1400,a
2026-08-01T11:11:22Z,-19.9908,44.8234,2
2026-08-01T17:18:43Z,-6.6611,-102.5365,5
2026-08-01T16:40:14Z,26.4180,127.1458,6
2026-08-01T08:27:38Z,33.0650,57.1100,e
2026-08-01T09:11:35Z,-39.0440,-44.0563,5
2026-08-01T19:37:01Z,9.0919,162.6660,x
2026-08-01T17:12:23Z,-39.3470,155.7872,x
2026-08-01T00:46:05Z,45.9831,-9.7665,c
2026-08-01T18:53:26Z,-45.4541,-110.4569,6
2026-08-01T14:41:28Z,26.2085,146.7263,5
2026-08-01T23:19:55Z,-35.6453,84.6274,7
2026-08-01T09:22:31Z,6.7633,-27.1338,c
2026-08-01T18:29:06Z,-16.3406,141.4705,u
2026-08-01T01:48:48Z,-2.3667,-153.5478,j
2026-08-01T11:02:09Z,-12.1624,-79.3932,5
2026-08-01T10:27:24Z,19.0399,-116.1353,5
2026-08-01T14:43:42Z,40.2330,58.9596,x
2026-08-01T17:37:56Z,-4.4612,-38.4771,o
2026-08-01T09:53:33Z,11.7480,-58.1564,e
2026-08-01T02:41:41Z,-51.0078,123.6479,7
2026-08-01T00:03:22Z,-34.7824,-160.9863,l
2026-08-01T14:45:54Z,51.9428,63.8248,5
2026-08-01T14:16:31Z,59.1742,92.6406,7
2026-08-01T19:46:05Z,1.8056,160.1353,x
2026-08-01T06:45:28Z,-26.8000,86.2290,x
2026-08-01T01:44:25Z,-18.1720,-168.8409,k
2026-08-01T02:01:06Z,-54.2146,39.8022,6
2026-08-01T01:12:37Z,-33.3413,51.6829,3
2026-08-01T14:09:27Z,-40.2532,-39.7452,k
2026-08-01T14:57:24Z,8.7815,-129.8429,q
2026-08-01T02:46:02Z,-30.8067,37.1072,a
2026-08-01T07:47:20Z,-45.2365,33.3100,l
2026-08-01T02:50:56Z,-9.6208,57.6130,c
2026-08-01T02:19:18Z,-2.5692,50.3845,3
2026-08-01T16:44:16Z,13.2896,142.1472,{
2026-08-01T12:00:42Z,-16.6965,-164.6583,{
2026-08-01T05:32:32Z,50.1700,-95.6276,9
2026-08-01T05:03:58Z,15.5846,166.0648,e
2026-08-01T15:21:39Z,25.1739,171.7627,d
2026-08-01T06:44:30Z,22.5278,154.5445,d
2026-08-01T05:48:42Z,55.7919,54.8947,n
2026-08-01T13:18:54Z,-29.9301,-37.9355,9
2026-08-01T02:23:13Z,45.3252,-20.6542,u
2026-08-01T18:43:16Z,-47.7203,-173.2648,4
2026-08-01T18:58:02Z,43.4561,-9.5010,m
2026-08-01T02:19:57Z,22.7788,87.4241,w
2026-08-01T15:31:14Z,-45.5088,-136.8698,b
2026-08-01T20:17:29Z,-35.7562,-125.7259,v
2026-08-01T23:16:18Z,1.1902,29.6172,h
2026-08-01T22:20:39Z,-1.1918,-110.4819,0
2026-08-01T03:37:53Z,-24.9652,73.6493,r
2026-08-01T01:31:03Z,-50.4155,139.9374,z
2026-08-01T09:27:17Z,-42.5134,46.8575,c
2026-08-01T21:05:00Z,49.7289,-34.3763,r
2026-08-01T20:55:14Z,24.3663,-71.4684,0
2026-08-01T10:44:47Z,-38.1646,-65.0820,p
2026-08-01T23:19:04Z,-23.7352,84.2792,9
2026-08-01T11:10:51Z,-22.8403,1.6728,6
2026-08-01T01:20:48Z,-46.7400,89.2941,q
2026-08-01T03:49:19Z,54.0457,-89.8962,8
2026-08-01T10:31:36Z,0.2939,-101.3034,0
2026-08-01T04:20:02Z,-20.1266,8.1520,q
2026-08-01T17:56:41Z,6.2656,-19.4786,i
2026-08-01T14:10:30Z,-50.1597,-34.8392,h
2026-08-01T04:00:19Z,4.8931,-156.9571,2
2026-08-01T17:31:28Z,16.8985,-130.7866,q
2026-08-01T14:52:11Z,4.0041,79.9192,4
2026-08-01T05:24:04Z,50.2541,-116.3084,2
2026-08-01T21:39:17Z,14.1533,-69.9168,s
2026-08-01T05:46:19Z,30.3408,-47.2772,6
2026-08-01T23:17:05Z,-23.4860,82.7340,b
2026-08-01T04:08:28Z,-30.1292,133.4992,5
2026-08-01T19:52:50Z,29.6072,-52.6783,y
2026-08-01T05:40:36Z,43.0476,9.5689,l
2026-08-01T02:33:58Z,-30.9935,49.1783,}
2026-08-01T15:26:58Z,22.7552,76.0971,2
2026-08-01T11:09:14Z,-19.6842,15.1980,{
2026-08-01T12:37:55Z,-32.6348,-77.9577,7
2026-08-01T19:21:49Z,36.6663,-36.8500,m
2026-08-01T16:33:55Z,22.7969,172.3533,w
2026-08-01T11:40:10Z,-55.4837,-89.3852,n
2026-08-01T11:17:08Z,-3.4202,61.3478,u
2026-08-01T03:46:08Z,58.4999,-104.0563,v
2026-08-01T02:12:32Z,53.0724,-78.4362,x
2026-08-01T20:50:20Z,8.8025,-71.4522,f
2026-08-01T01:25:52Z,14.5680,168.0577,f
2026-08-01T13:42:59Z,-9.4679,-150.2450,m
2026-08-01T12:38:24Z,-34.0114,-0.5288,6
2026-08-01T03:13:41Z,-20.7849,128.6863,m
2026-08-01T02:44:48Z,-28.5828,26.3909,x
2026-08-01T09:46:35Z,4.6582,84.0041,r
2026-08-01T05:59:33Z,-32.1948,-7.9345,i
2026-08-01T15:37:52Z,-15.2724,39.3912,r
2026-08-01T07:40:57Z,-50.6786,-0.0857,i
2026-08-01T14:59:34Z,12.3311,-69.5960,q
2026-08-01T08:59:41Z,36.9456,-168.7771,u
2026-08-01T13:19:26Z,-1.7073,-97.5271,z
2026-08-01T00:23:06Z,22.9087,-111.5197,h
2026-08-01T07:52:34Z,-53.6415,60.8137,u
2026-08-01T00:59:25Z,-32.2965,173.4377,v
2026-08-01T00:18:34Z,-8.0112,148.2674,i
2026-08-01T23:31:57Z,-29.4825,-113.4944,j
2026-08-01T14:21:44Z,51.0228,140.8709,w
2026-08-01T11:21:39Z,57.5636,13.0138,i
2026-08-01T22:31:06Z,36.6315,-87.8764,3
2026-08-01T11:47:54Z,-54.8958,-51.3446,z
2026-08-01T11:48:19Z,45.7020,-179.2283,6
2026-08-01T21:46:52Z,-37.2303,117.3071,x
2026-08-01T13:31:54Z,-55.6292,-124.0922,{
2026-08-01T02:57:44Z,-48.5529,79.1925,c
2026-08-01T21:28:03Z,-0.7771,143.9663,m
2026-08-01T18:01:45Z,49.7425,60.2344,7
2026-08-01T21:05:18Z,-57.5068,57.0966,o
2026-08-01T09:37:40Z,-22.4242,-59.1957,c
2026-08-01T10:08:08Z,-12.9675,17.8546,h
2026-08-01T19:27:44Z,46.1198,-8.7492,y
2026-08-01T23:29:11Z,35.2616,145.6233,z
2026-08-01T04:10:50Z,-3.7413,-17.1525,e
2026-08-01T03:38:14Z,37.2966,-145.9820,e
2026-08-01T09:51:39Z,49.4238,75.4288,7
2026-08-01T04:24:15Z,24.4283,-8.4812,7
2026-08-01T07:45:15Z,-46.0790,22.8160,t
2026-08-01T06:23:11Z,-39.8380,107.8537,}
2026-08-01T04:02:21Z,29.0517,-32.5821,2
2026-08-01T01:57:06Z,19.6102,-148.0860,m
2026-08-01T14:58:48Z,-54.1730,-151.0071,g
2026-08-01T23:33:12Z,20.4877,-32.5868,x
2026-08-01T09:22:25Z,-49.9581,43.5750,0
2026-08-01T04:24:23Z,51.3373,-52.8111,p
2026-08-01T05:52:43Z,14.8704,121.4170,a
2026-08-01T20:44:44Z,-9.6501,-87.5667,s
2026-08-01T03:08:26Z,35.8144,-74.1359,f
2026-08-01T17:44:25Z,19.4387,-18.1076,6
2026-08-01T14:37:08Z,25.0460,34.6576,b
2026-08-01T19:33:16Z,-7.0834,60.3500,3
2026-08-01T08:50:41Z,17.3686,-89.2575,2
2026-08-01T09:42:03Z,1.3290,79.9460,c
2026-08-01T06:00:09Z,-19.0069,-115.7640,k
2026-08-01T21:14:25Z,50.6769,24.4427,1
2026-08-01T10:00:15Z,51.3962,132.2602,l
2026-08-01T23:34:14Z,-58.6329,155.5611,o
2026-08-01T06:41:48Z,24.0684,149.3913,t
2026-08-01T09:35:35Z,51.3713,178.7628,}
2026-08-01T16:24:01Z,52.7622,62.7519,i
2026-08-01T16:36:49Z,36.0886,123.4628,4
2026-08-01T03:43:36Z,46.2073,-119.7593,1
2026-08-01T09:33:58Z,45.9089,-85.8957,c
2026-08-01T13:19:09Z,12.1574,-165.0435,g
2026-08-01T21:01:41Z,39.5150,-49.4169,n
2026-08-01T17:35:36Z,-8.8366,-31.3034,b
2026-08-01T15:35:10Z,30.8245,-7.4679,b
2026-08-01T19:14:50Z,-43.6254,-78.4405,}
2026-08-01T13:56:17Z,-38.1338,-118.8285,j
2026-08-01T16:19:42Z,44.0028,38.0908,{
2026-08-01T23:07:46Z,-2.2429,61.8656,9
2026-08-01T16:14:51Z,34.0915,22.7314,i
2026-08-01T23:29:20Z,-53.9564,130.6225,k
2026-08-01T01:56:43Z,59.2052,38.6564,e
2026-08-01T07:34:34Z,-34.8905,-25.2550,r
2026-08-01T09:38:29Z,-2.0997,-127.3586,b
2026-08-01T19:28:14Z,-28.2742,-171.3369,p
2026-08-01T13:22:36Z,55.3978,116.5856,7
2026-08-01T04:09:32Z,1.5368,-22.7512,r
2026-08-01T13:41:08Z,2.7479,-153.6613,b
2026-08-01T18:11:59Z,37.0206,104.6996,a
2026-08-01T12:07:21Z,7.4694,11.6035,4
2026-08-01T03:33:40Z,57.7568,-113.0858,h
2026-08-01T19:09:40Z,31.7993,120.2474,u
2026-08-01T04:23:21Z,-33.7279,16.4281,x
2026-08-01T01:23:31Z,-54.3168,-119.8898,w
2026-08-01T15:08:31Z,-50.7964,119.7593,k
2026-08-01T08:14:15Z,14.8259,123.8035,q
2026-08-01T06:34:56Z,1.5685,139.9289,e
2026-08-01T06:43:05Z,33.0812,150.4175,5
2026-08-01T03:19:19Z,-11.4238,170.4649,o
2026-08-01T13:49:37Z,-49.6983,155.7334,a
2026-08-01T09:32:21Z,-46.4665,104.7517,k
2026-08-01T09:51:04Z,-25.3925,-10.5329,z
2026-08-01T18:21:57Z,4.1703,124.0426,8
2026-08-01T22:29:15Z,24.0118,-91.1209,k
2026-08-01T05:26:09Z,54.7812,-100.1899,a
2026-08-01T18:31:03Z,-24.7302,141.4030,c
2026-08-01T23:07:57Z,-2.0792,54.9008,t
2026-08-01T15:42:05Z,-57.5770,-73.7217,j
2026-08-01T21:11:08Z,56.6446,1.5367,x
2026-08-01T17:38:14Z,3.3026,-30.7119,z
2026-08-01T06:52:52Z,46.6802,-170.3655,c
2026-08-01T06:37:53Z,47.0109,145.1408,7
2026-08-01T18:23:57Z,-0.6080,130.3515,s
2026-08-01T07:10:34Z,-35.5300,-106.9480,2
2026-08-01T03:17:58Z,-22.9790,169.5255,t
2026-08-01T15:23:08Z,-25.4980,-160.3988,r
2026-08-01T12:12:23Z,-57.5198,-48.4349,5
2026-08-01T04:05:46Z,14.7093,-18.0870,a
2026-08-01T10:26:44Z,42.8807,-144.4694,j
2026-08-01T11:23:52Z,-13.0699,-83.5947,m
2026-08-01T19:07:05Z,-28.8258,-73.9326,9
2026-08-01T15:12:59Z,-54.6472,15.1685,x
2026-08-01T05:39:37Z,-12.0832,-65.5759,8
2026-08-01T17:56:54Z,33.8327,-142.8233,p
2026-08-01T15:44:09Z,56.2120,145.0562,5
2026-08-01T19:33:28Z,15.0131,154.6083,e
2026-08-01T08:07:05Z,-28.8967,156.4729,1
2026-08-01T08:01:37Z,-41.0090,-55.8252,3
2026-08-01T05:41:51Z,15.5634,-44.8198,9
2026-08-01T12:25:34Z,-50.4867,-72.7319,7
2026-08-01T13:07:09Z,39.3994,66.9205,{
2026-08-01T03:00:37Z,6.4024,100.5505,g
2026-08-01T07:41:51Z,-53.0491,3.5228,u
2026-08-01T09:46:07Z,-14.1493,10.5437,4
2026-08-01T20:21:49Z,-18.5750,69.0344,c
2026-08-01T00:33:38Z,50.6831,-85.2945,e
2026-08-01T09:27:49Z,50.7268,-104.2130,c
2026-08-01T00:43:44Z,29.4117,-82.1332,i
2026-08-01T19:07:27Z,-32.1555,77.5545,n
2026-08-01T17:45:57Z,-52.3369,-91.9747,8
2026-08-01T02:31:19Z,11.9027,-4.1289,t
2026-08-01T03:01:12Z,-58.1875,98.9916,y
2026-08-01T10:06:02Z,56.3826,168.8440,s
2026-08-01T13:06:59Z,41.5070,65.7041,1
2026-08-01T10:40:55Z,-33.0987,-91.2458,0
2026-08-01T15:10:12Z,15.4760,166.6485,d
2026-08-01T19:28:58Z,45.5047,-11.0948,q
2026-08-01T05:48:31Z,-27.4858,-78.4188,f
2026-08-01T06:13:08Z,-53.2416,63.3737,a
2026-08-01T14:46:57Z,-6.9131,135.5977,w
2026-08-01T19:21:36Z,28.6402,-44.8063,x
2026-08-01T00:59:33Z,45.1792,-38.3319,x
2026-08-01T15:30:05Z,-37.0841,-140.0879,t
2026-08-01T08:38:33Z,44.0211,-142.5375,4
2026-08-01T16:30:24Z,47.4005,99.2875,a
2026-08-01T21:17:14Z,44.6818,41.5127,6
2026-08-01T11:55:41Z,2.8635,53.8824,g
2026-08-01T23:06:47Z,57.6055,-129.4165,8
2026-08-01T15:07:53Z,-45.2978,-60.5695,7
2026-08-01T12:44:19Z,42.2912,170.9397,y
2026-08-01T00:05:22Z,-32.8892,-150.9304,x
2026-08-01T18:53:05Z,-53.4618,-112.1247,t
2026-08-01T04:59:05Z,4.6429,-61.2439,c
2026-08-01T17:21:26Z,1.9159,154.0375,a
2026-08-01T17:15:38Z,-48.6373,-172.8007,c
2026-08-01T23:05:34Z,10.6437,48.9288,9
2026-08-01T05:47:07Z,2.6561,-39.9475,u
2026-08-01T14:43:58Z,49.3533,61.0905,8
2026-08-01T23:37:40Z,-21.0212,87.1335,}
2026-08-01T01:52:40Z,10.2702,-143.2707,b
2026-08-01T00:19:15Z,14.9967,-127.0335,m
2026-08-01T10:16:15Z,-46.4718,67.8984,b
2026-08-01T14:25:09Z,6.2350,142.5505,e
2026-08-01T16:20:58Z,46.9450,44.8216,n
2026-08-01T16:23:33Z,15.8004,30.4690,z
2026-08-01T16:30:54Z,10.0834,140.5308,b
2026-08-01T23:36:50Z,-18.5126,141.2726,z
2026-08-01T17:05:09Z,-26.5645,56.8098,a
2026-08-01T10:39:14Z,-54.1070,-125.4628,n
2026-08-01T19:20:49Z,30.4902,-39.9588,c
2026-08-01T20:29:37Z,-46.0500,-129.2286,3
2026-08-01T00:03:03Z,-40.4918,-161.3455,d
2026-08-01T07:20:04Z,-24.9159,133.2792,z
2026-08-01T11:33:57Z,41.6534,101.8825,7
2026-08-01T13:37:33Z,-10.0850,-37.2896,d
2026-08-01T12:56:02Z,13.9512,49.3762,i
2026-08-01T01:07:16Z,10.6256,-121.9180,}
2026-08-01T23:31:20Z,42.0914,-7.8651,k
2026-08-01T09:20:14Z,-51.9658,-0.7299,c
2026-08-01T18:45:11Z,-35.9169,146.2076,e
2026-08-01T04:25:26Z,30.1804,136.4140,a
2026-08-01T20:29:04Z,56.1246,-79.6244,d
2026-08-01T23:31:58Z,-52.4964,148.2420,r
2026-08-01T20:07:03Z,-22.4039,-94.4229,k
2026-08-01T19:35:58Z,53.6151,26.2933,_
2026-08-01T00:14:00Z,0.9883,124.0315,{
2026-08-01T21:06:52Z,47.2887,-15.2883,2
2026-08-01T20:03:13Z,-26.7504,40.1258,e
2026-08-01T21:19:47Z,32.5232,51.7768,}
2026-08-01T06:11:15Z,-49.5899,51.6693,z
2026-08-01T08:24:54Z,30.8324,-78.4190,d
2026-08-01T11:57:50Z,15.4481,-167.2901,w
2026-08-01T12:44:42Z,-36.7123,40.8481,0
2026-08-01T01:08:06Z,-49.8619,171.4538,5
2026-08-01T10:41:23Z,-30.3391,-77.1275,d
2026-08-01T07:53:22Z,33.6760,-176.9759,r
2026-08-01T14:55:08Z,-23.8212,10.0499,n
2026-08-01T07:33:34Z,-39.8431,-24.3878,3
2026-08-01T10:57:53Z,-50.4386,-3.6652,i
2026-08-01T06:59:34Z,54.8814,-140.9159,o
2026-08-01T12:38:59Z,-19.7380,24.1436,4
2026-08-01T18:33:43Z,-31.2043,153.4014,i
2026-08-01T16:54:17Z,-18.4164,-39.3428,a
2026-08-01T16:24:02Z,56.3198,140.8893,h
2026-08-01T23:55:07Z,-1.6341,-135.1841,h
2026-08-01T04:57:02Z,-11.5378,146.1273,x
2026-08-01T18:49:20Z,53.3446,-171.1590,0
2026-08-01T09:48:47Z,41.5534,-122.1426,3
2026-08-01T16:18:23Z,42.0882,28.1767,5
2026-08-01T03:54:24Z,-3.4967,-25.6285,h
2026-08-01T08:02:41Z,48.4276,-73.5247,q
2026-08-01T06:40:08Z,51.2845,-51.6800,q
2026-08-01T10:00:53Z,-22.9927,-105.1738,v
2026-08-01T18:26:25Z,36.4885,-175.1399,u
2026-08-01T18:01:21Z,52.2841,53.0076,j
2026-08-01T12:06:33Z,-2.5196,-128.1560,x
2026-08-01T13:41:30Z,6.6070,-130.9558,t
2026-08-01T02:45:17Z,-28.9794,24.2699,y
2026-08-01T10:22:30Z,44.9961,134.7819,1
2026-08-01T14:37:27Z,28.1292,36.9852,o
2026-08-01T23:00:24Z,22.6153,46.2331,g
2026-08-01T01:09:59Z,46.5134,58.4584,w
2026-08-01T09:16:52Z,-48.1654,-13.5831,n
2026-08-01T03:15:38Z,-26.0914,160.7371,y
2026-08-01T14:31:48Z,15.1386,21.9773,1
2026-08-01T20:16:49Z,3.1367,130.3754,m
2026-08-01T18:36:51Z,34.5921,174.7351,y
2026-08-01T06:41:22Z,14.1067,-80.0128,9
2026-08-01T11:38:51Z,54.4112,126.5962,m
2026-08-01T00:48:23Z,42.0804,77.0861,b
2026-08-01T18:20:33Z,15.5377,126.7872,7
2026-08-01T10:35:41Z,-13.3045,97.1488,g
2026-08-01T08:51:13Z,4.4515,168.6645,q
2026-08-01T21:10:45Z,48.7856,1.7332,l
2026-08-01T16:04:05Z,-0.6619,-23.4187,{
2026-08-01T08:27:32Z,47.8645,165.4254,c
2026-08-01T20:04:28Z,-13.2894,118.9371,a
2026-08-01T09:11:24Z,-40.7741,-35.6626,1
2026-08-01T05:03:11Z,2.2337,165.6442,}
2026-08-01T12:34:15Z,-13.1665,-158.9814,z
2026-08-01T15:53:15Z,-21.7392,-36.0167,b
2026-08-01T16:01:38Z,-33.9492,90.5929,p
2026-08-01T21:39:20Z,-20.2448,96.4880,1
2026-08-01T14:47:34Z,58.5806,-118.3489,a
2026-08-01T02:49:27Z,-53.7328,-70.8657,g
2026-08-01T04:52:34Z,-17.7814,140.4151,4
2026-08-01T15:49:09Z,-21.1404,40.4662,5
2026-08-01T23:42:58Z,-42.3710,-160.0350,1
2026-08-01T15:19:54Z,-28.6334,-112.1893,5
2026-08-01T08:24:27Z,36.1648,154.7862,p
2026-08-01T01:42:59Z,-14.4644,-22.7855,g
2026-08-01T08:38:06Z,32.5899,-172.0015,c
2026-08-01T10:46:40Z,-3.2568,83.6583,t
2026-08-01T05:11:51Z,-34.4768,-98.5618,9
2026-08-01T05:45:35Z,1.9411,-33.0301,2
2026-08-01T07:44:48Z,-57.6854,20.6688,u
2026-08-01T23:49:58Z,-18.4478,-142.9369,a
2026-08-01T06:39:52Z,19.5765,140.6222,0
2026-08-01T04:03:39Z,25.6084,102.9421,2
2026-08-01T20:38:57Z,-15.7893,-101.6753,h
2026-08-01T12:21:41Z,49.2129,77.1318,{
2026-08-01T23:01:20Z,55.9351,43.1850,5
2026-08-01T00:43:41Z,58.2554,-19.8394,f
2026-08-01T17:26:43Z,0.5005,135.3523,n
2026-08-01T08:56:58Z,2.1080,-85.0783,y
2026-08-01T23:54:15Z,-11.6090,-146.7359,i
2026-08-01T08:38:01Z,53.5593,-133.2508,b
2026-08-01T00:47:22Z,43.3678,-4.2980,t
2026-08-01T22:10:21Z,-28.4017,-130.9537,{
2026-08-01T07:03:41Z,42.7038,-114.5225,a
2026-08-01T23:20:32Z,-11.5665,-96.9515,d
2026-08-01T19:56:17Z,-55.6443,-12.4385,}
2026-08-01T05:24:51Z,-27.0185,31.0765,b
2026-08-01T23:18:47Z,23.3476,45.6244,j
2026-08-01T02:07:42Z,-40.4743,123.0838,6
2026-08-01T17:27:08Z,-29.2170,-56.2739,_
2026-08-01T03:28:41Z,-38.9545,70.0126,m
2026-08-01T16:16:00Z,40.0117,14.4576,x
2026-08-01T20:09:32Z,-5.9428,79.6126,{
2026-08-01T03:24:29Z,-4.1342,177.5158,r
2026-08-01T22:36:06Z,44.8489,-64.1758,c
2026-08-01T05:54:14Z,-1.0414,-34.7734,j
2026-08-01T02:55:16Z,-23.9998,-111.1031,f
2026-08-01T20:17:26Z,-43.8007,169.5357,r
2026-08-01T18:41:03Z,-1.4983,96.4987,v
2026-08-01T16:36:22Z,37.5464,122.6746,0
2026-08-01T06:53:46Z,4.1152,20.0682,}
2026-08-01T04:55:14Z,-58.1612,32.3583,9
2026-08-01T02:17:53Z,52.2901,155.2134,x
2026-08-01T03:44:01Z,-34.0689,157.8020,0
2026-08-01T09:02:34Z,-23.6285,-68.0046,9
2026-08-01T14:20:45Z,-7.1484,41.9591,t
2026-08-01T11:52:44Z,-50.6278,-2.6036,m
2026-08-01T19:44:36Z,32.1915,15.5661,9
2026-08-01T02:28:06Z,30.1139,-5.4274,j
2026-08-01T07:54:13Z,-39.1937,61.9053,z
2026-08-01T12:44:10Z,-19.4284,20.7812,o
2026-08-01T13:33:55Z,45.4605,12.1312,g
2026-08-01T12:07:08Z,0.8504,-128.7417,o
2026-08-01T07:25:54Z,-8.6385,-58.1055,2
2026-08-01T10:26:55Z,29.7904,-11.0502,y
2026-08-01T00:29:13Z,17.4532,-86.1293,2
2026-08-01T13:10:56Z,-19.7162,119.6062,a
2026-08-01T03:50:44Z,59.8272,-78.7805,n
2026-08-01T14:10:19Z,-50.7255,-33.3893,l
2026-08-01T06:39:19Z,-25.8591,66.4387,2
2026-08-01T22:32:10Z,-37.9152,70.6201,e
2026-08-01T06:38:00Z,19.4510,140.5047,d
2026-08-01T13:19:12Z,6.1407,-143.0426,7
2026-08-01T08:56:17Z,-0.6391,-84.3849,n
2026-08-01T11:06:00Z,-44.7120,29.5243,f
2026-08-01T04:48:44Z,-50.3784,-4.8045,i
2026-08-01T08:17:20Z,-35.6165,-72.6113,q
2026-08-01T20:39:15Z,-44.8153,-26.6528,l
2026-08-01T23:46:23Z,-21.1319,-151.1985,r
2026-08-01T03:37:52Z,-50.4559,168.1835,1
2026-08-01T01:38:14Z,-27.6433,174.0492,i
2026-08-01T11:16:09Z,10.9597,160.9772,j
2026-08-01T16:31:40Z,54.2618,101.6815,7
2026-08-01T19:17:08Z,48.2319,168.3429,z
2026-08-01T00:03:03Z,-32.3535,-161.8212,0
2026-08-01T01:45:10Z,-13.3259,-164.7288,9
2026-08-01T14:47:09Z,50.0914,70.2040,v
2026-08-01T22:55:43Z,-44.8310,169.6686,k
2026-08-01T23:54:51Z,-9.6711,-128.9357,0
2026-08-01T01:26:51Z,-57.2169,120.0245,f
2026-08-01T14:14:37Z,-4.4827,140.7257,x
2026-08-01T12:03:02Z,6.3395,105.9926,j
2026-08-01T21:05:40Z,-48.8211,-77.7599,v
2026-08-01T13:44:43Z,-7.3644,133.3776,5
2026-08-01T01:06:07Z,18.9713,-175.0516,i
2026-08-01T05:24:40Z,56.3190,-118.0479,g
2026-08-01T16:16:11Z,5.9802,47.1296,t
2026-08-01T12:21:08Z,-41.9265,-94.0558,v
2026-08-01T13:28:12Z,-41.8137,113.6960,u
2026-08-01T05:50:12Z,-12.0180,-33.4191,m
2026-08-01T03:55:50Z,4.1813,169.2331,l
2026-08-01T21:48:17Z,-35.3783,116.2130,f
2026-08-01T01:39:52Z,-27.7863,-174.3350,j
2026-08-01T13:38:32Z,2.2272,-155.1606,5
2026-08-01T11:09:47Z,-27.7137,39.9857,h
2026-08-01T02:43:59Z,-20.1287,30.6027,z
2026-08-01T22:02:26Z,-5.3960,-147.3992,9
2026-08-01T19:01:01Z,22.0612,-165.7660,1
2026-08-01T06:10:08Z,-48.2714,46.0581,2
2026-08-01T13:53:51Z,-36.3960,-123.2332,y
2026-08-01T19:43:03Z,47.8092,70.2750,7
2026-08-01T11:02:24Z,-46.9833,19.5750,9
2026-08-01T16:54:51Z,-15.1785,165.0249,i
2026-08-01T10:54:19Z,-7.9991,-176.9504,3
2026-08-01T10:05:22Z,50.7607,164.8187,f
2026-08-01T15:17:56Z,-6.1826,-167.2729,{
2026-08-01T09:20:08Z,-51.9885,-2.3513,p
2026-08-01T01:47:45Z,-13.5386,-155.0386,x
2026-08-01T07:55:13Z,-39.3019,72.5906,4
2026-08-01T01:02:35Z,-7.0983,32.2079,m
2026-08-01T20:57:43Z,28.5546,-58.2746,5
2026-08-01T02:17:09Z,-54.1450,-157.3918,s
2026-08-01T06:06:38Z,49.2101,-63.9779,6
2026-08-01T16:58:10Z,-32.9313,174.5057,4
2026-08-01T16:50:54Z,-4.3224,160.1822,o
2026-08-01T14:05:20Z,-56.0615,-69.6185,j
2026-08-01T15:06:03Z,20.8511,156.4571,f
2026-08-01T18:15:05Z,32.8147,-87.5096,e
2026-08-01T17:30:32Z,-18.3055,-52.4482,0
2026-08-01T08:33:10Z,24.2410,-172.7848,v
2026-08-01T09:31:32Z,36.2260,-168.4986,a
2026-08-01T22:50:26Z,48.4723,6.3770,y
2026-08-01T04:03:24Z,-7.3531,-112.3894,y
2026-08-01T14:52:41Z,61.0718,106.5980,t
2026-08-01T11:58:43Z,31.2101,0.8022,b
2026-08-01T05:38:18Z,21.0603,-59.2873,8
2026-08-01T01:27:46Z,-52.2496,120.0474,1
2026-08-01T04:01:03Z,17.6933,-138.5536,z
2026-08-01T13:55:04Z,-41.9524,-118.6990,u
2026-08-01T20:33:12Z,-27.8918,173.9841,e
2026-08-01T19:16:56Z,-10.1610,-101.4455,g
2026-08-01T18:44:53Z,-40.7747,153.9271,7
2026-08-01T12:32:49Z,-25.0797,-63.3014,y
2026-08-01T15:21:38Z,-12.7959,-160.7995,q
2026-08-01T20:00:25Z,27.2372,-164.2869,a
2026-08-01T06:18:52Z,-43.2948,90.1142,0
2026-08-01T10:21:39Z,22.6466,-123.8296,s
2026-08-01T11:59:32Z,23.7175,-141.1133,m
2026-08-01T22:54:58Z,-50.8223,-65.1209,b
2026-08-01T12:33:35Z,-45.1212,-44.3352,x
2026-08-01T10:03:03Z,34.1394,21.5034,j
2026-08-01T10:41:15Z,4.7863,-44.4672,_
2026-08-01T00:45:12Z,0.6061,-141.2623,h
2026-08-01T19:52:45Z,21.4325,96.3871,c
2026-08-01T10:43:24Z,48.0047,168.3365,p
2026-08-01T03:20:53Z,7.8807,151.3592,9
2026-08-01T06:42:05Z,22.4839,25.8766,s
2026-08-01T20:52:29Z,-40.2465,71.6931,u
2026-08-01T08:15:05Z,21.4515,126.6662,t
2026-08-01T15:07:59Z,20.4507,158.7112,q
2026-08-01T07:33:28Z,48.6265,-120.9676,r
2026-08-01T20:05:56Z,-18.5638,130.6005,e
2026-08-01T21:32:39Z,-50.7160,-16.8482,y
2026-08-01T09:50:30Z,49.6477,64.1708,j
2026-08-01T16:24:00Z,49.3647,61.2164,e
2026-08-01T16:30:16Z,47.4349,96.5150,0
2026-08-01T08:05:36Z,-7.6253,101.2854,g
2026-08-01T03:24:06Z,-9.0531,176.3840,i
2026-08-01T10:41:54Z,59.0839,132.1457,l
2026-08-01T01:02:46Z,-1.2690,37.8846,h
2026-08-01T16:33:08Z,43.3885,104.8629,6
2026-08-01T10:32:27Z,-48.9528,14.1088,d
2026-08-01T03:04:40Z,-36.4933,-122.1305,d
2026-08-01T03:26:24Z,34.9770,-52.1809,8
2026-08-01T08:29:39Z,48.0249,174.4644,y
2026-08-01T08:33:10Z,54.2850,-167.5883,{
2026-08-01T10:36:40Z,-47.9639,52.6112,e
2026-08-01T21:50:17Z,-59.0757,-75.9293,d
2026-08-01T13:40:40Z,1.1707,-151.2545,e
2026-08-01T10:23:52Z,17.2498,-122.7127,1
2026-08-01T09:53:37Z,-56.2884,108.5157,}
2026-08-01T22:41:34Z,-12.0881,90.0096,j
2026-08-01T06:57:00Z,53.2161,-151.0415,8
2026-08-01T23:47:49Z,54.1088,-49.5923,4
2026-08-01T15:26:02Z,6.3416,-74.7462,a
2026-08-01T22:11:42Z,-15.7491,58.7629,k
2026-08-01T23:32:07Z,-46.2328,143.2970,x
2026-08-01T22:36:30Z,-33.0332,139.2192,z
2026-08-01T13:05:22Z,27.7917,65.3433,g
2026-08-01T08:26:58Z,47.4408,163.6501,k
2026-08-01T02:20:38Z,52.0084,43.3322,0
2026-08-01T12:51:33Z,-16.6806,39.6912,3
2026-08-01T22:00:13Z,-53.9549,-178.9555,r
2026-08-01T06:40:41Z,-35.0889,-6.2751,o
2026-08-01T06:18:35Z,-39.0940,96.5123,4
2026-08-01T07:46:37Z,-48.3536,129.5316,j
2026-08-01T14:06:41Z,-51.2090,-63.2773,0
2026-08-01T03:26:51Z,54.3959,47.2845,6
2026-08-01T14:35:50Z,30.5236,28.2315,6
2026-08-01T08:03:56Z,-11.9190,100.0759,n
2026-08-01T06:03:29Z,47.4794,41.3757,y
2026-08-01T12:32:39Z,23.0546,67.8612,e
2026-08-01T06:06:49Z,-46.6676,23.2222,2
2026-08-01T07:38:52Z,26.7442,-144.5670,3
2026-08-01T17:33:53Z,-15.5777,-44.6718,a
2026-08-01T07:21:56Z,4.7284,-64.6099,m
2026-08-01T10:20:00Z,26.7696,-127.9340,a
2026-08-01T06:07:39Z,33.0812,19.9354,n
2026-08-01T01:12:01Z,51.5236,132.5992,p
2026-08-01T19:40:35Z,49.5961,57.6730,f
2026-08-01T08:41:42Z,37.1937,-114.4843,o
2026-08-01T02:24:08Z,7.6796,-139.2178,e
2026-08-01T21:59:40Z,-54.0936,-171.4887,l
2026-08-01T22:50:38Z,42.5945,9.0647,t
2026-08-01T21:45:56Z,-40.2115,111.6192,a
2026-08-01T22:29:21Z,25.6707,-89.2764,y
2026-08-01T23:13:53Z,-28.9849,141.1352,9
2026-08-01T08:30:48Z,-6.9079,8.2469,l
2026-08-01T04:32:11Z,-56.9320,45.8106,g
2026-08-01T18:00:42Z,-45.0941,152.6839,k
2026-08-01T09:15:04Z,-3.3411,113.2400,w
2026-08-01T15:58:25Z,11.2612,19.8902,n
2026-08-01T02:22:37Z,39.4802,-25.4288,2
2026-08-01T08:33:34Z,-29.9860,-70.2638,o
2026-08-01T16:49:19Z,-2.1948,152.5939,g
2026-08-01T03:14:11Z,-32.7877,155.9040,r
2026-08-01T12:29:48Z,55.1721,179.1207,l
2026-08-01T00:27:00Z,13.1012,138.8035,o
2026-08-01T14:17:17Z,-56.1999,125.2118,q
2026-08-01T02:53:51Z,-40.8355,58.8577,_
2026-08-01T16:30:35Z,47.9962,96.3751,}
2026-08-01T17:33:42Z,21.2413,133.6871,n
2026-08-01T09:43:28Z,5.5416,88.4729,a
2026-08-01T15:50:26Z,-34.4843,-31.8472,r
2026-08-01T09:20:38Z,-52.2899,1.9403,5
2026-08-01T09:33:14Z,-22.0588,61.1527,4
2026-08-01T16:23:05Z,25.9078,-12.9670,o
2026-08-01T17:16:27Z,-53.5230,-103.8851,8
2026-08-01T15:51:47Z,-31.9184,-37.4724,p
2026-08-01T10:05:10Z,54.0535,163.5197,h
2026-08-01T15:12:17Z,-59.3988,-153.8697,0
2026-08-01T20:29:09Z,-50.9700,-138.2788,x
2026-08-01T04:38:48Z,-27.0028,-89.0573,m
2026-08-01T22:37:08Z,40.6602,-59.4088,1
2026-08-01T07:11:29Z,32.4725,98.8581,a
2026-08-01T22:07:44Z,-44.6768,-136.0654,6
2026-08-01T08:26:52Z,49.9950,157.1134,g
2026-08-01T00:42:25Z,56.3639,-31.2622,3
2026-08-01T05:49:46Z,-9.3140,-25.9209,8
2026-08-01T14:07:18Z,-58.2289,174.9728,o
2026-08-01T05:16:11Z,48.6437,-151.9192,l
2026-08-01T14:28:56Z,-8.9674,13.4250,3
2026-08-01T21:46:58Z,-41.4739,117.5616,3
2026-08-01T20:20:36Z,-52.4494,177.5780,b
2026-08-01T04:32:48Z,27.9031,-64.8329,1
2026-08-01T05:13:55Z,-22.9189,14.4525,b
2026-08-01T15:59:10Z,-18.5113,-20.2769,b
2026-08-01T15:29:53Z,2.3650,-2.6012,s
2026-08-01T02:58:17Z,-59.2142,156.5647,e
2026-08-01T12:50:40Z,58.8226,67.0517,o
2026-08-01T10:57:20Z,-39.6799,-19.2639,u
2026-08-01T22:42:16Z,52.0003,-46.7372,p
2026-08-01T13:29:54Z,32.0879,-174.4845,8
2026-08-01T10:11:31Z,21.1502,84.6664,v
2026-08-01T05:18:44Z,44.3521,-8.9433,y
2026-08-01T08:46:39Z,-5.0533,17.6146,g
2026-08-01T04:21:47Z,53.1316,80.0482,d
2026-08-01T05:31:44Z,-15.7999,64.6857,1
2026-08-01T22:29:49Z,29.6447,-83.2030,i
2026-08-01T10:12:03Z,44.6230,-161.0773,_
2026-08-01T10:43:30Z,-36.5035,-78.9925,y
2026-08-01T08:07:14Z,-4.8958,110.5063,q
2026-08-01T09:32:42Z,-25.5262,64.1819,n
2026-08-01T13:24:06Z,38.0189,162.9157,x
2026-08-01T00:18:08Z,-37.5915,77.4687,l
2026-08-01T02:32:26Z,10.8747,146.4400,{
2026-08-01T08:18:03Z,36.2236,-170.7710,l
2026-08-01T05:20:08Z,48.9480,-130.7187,9
2026-08-01T02:24:28Z,33.2343,-25.2190,t
2026-08-01T00:57:58Z,8.3604,30.9363,d
2026-08-01T06:13:00Z,-56.6065,62.7144,v
2026-08-01T12:23:50Z,31.3832,60.4756,5
2026-08-01T14:39:04Z,29.8521,27.2671,s
2026-08-01T18:26:27Z,-29.1844,-177.7048,g
2026-08-01T03:48:39Z,55.5182,-90.9435,b
2026-08-01T05:36:05Z,33.2740,-61.2194,_
2026-08-01T18:33:30Z,11.9444,114.3794,p
2026-08-01T05:29:59Z,47.4736,-82.1953,}
2026-08-01T05:14:47Z,-11.5956,2.0852,1
2026-08-01T08:02:24Z,-0.1504,77.3406,4
2026-08-01T21:17:43Z,-38.5958,79.2766,b
2026-08-01T06:08:21Z,-10.5953,-23.8182,m
2026-08-01T12:14:50Z,-34.1070,-108.9072,h
2026-08-01T19:48:47Z,57.7761,-15.7491,1
2026-08-01T01:27:55Z,23.2764,38.4962,l
2026-08-01T01:12:01Z,-23.4919,57.4896,{
2026-08-01T12:52:00Z,45.6085,-158.5035,q
2026-08-01T01:34:49Z,-41.5548,165.3382,b
2026-08-01T22:57:58Z,-58.7363,143.2671,o
2026-08-01T15:54:24Z,2.0980,75.5001,m
2026-08-01T02:41:06Z,-25.5614,-170.7727,6
2026-08-01T19:16:31Z,-40.6316,-168.9760,l
2026-08-01T08:34:29Z,9.7618,127.1903,l
2026-08-01T19:23:56Z,57.6999,151.0016,w
2026-08-01T02:27:01Z,33.9620,-7.5748,_
2026-08-01T17:11:14Z,54.4308,19.2541,r
2026-08-01T05:35:26Z,37.4692,-172.3254,_
2026-08-01T21:52:24Z,11.6847,169.7417,{
2026-08-01T10:04:42Z,51.5648,159.1617,z
2026-08-01T14:37:47Z,29.6773,27.9019,1
2026-08-01T09:10:25Z,56.8895,175.5638,u
2026-08-01T18:12:58Z,39.5742,-91.6918,t
2026-08-01T05:19:31Z,54.6026,-142.4568,x
2026-08-01T16:09:12Z,-13.7168,19.7202,y
2026-08-01T20:17:25Z,-44.0604,160.4052,}
2026-08-01T17:44:20Z,22.7952,-22.5452,k
2026-08-01T17:55:45Z,44.6285,15.9165,l
2026-08-01T15:22:04Z,-46.3890,-6.2018,l
2026-08-01T15:02:15Z,36.4362,141.2019,y
2026-08-01T14:54:49Z,-30.3506,161.6677,6
2026-08-01T04:46:21Z,-31.6629,15.5253,8
2026-08-01T05:19:21Z,8.4930,-146.1336,5
2026-08-01T11:20:45Z,42.1364,4.4121,m
2026-08-01T15:20:28Z,29.1901,-177.2005,w
2026-08-01T09:29:22Z,46.6160,-134.9269,c
2026-08-01T21:04:17Z,50.4274,-28.7208,p
2026-08-01T08:55:24Z,-11.6001,104.6042,s
2026-08-01T15:55:59Z,5.9333,-129.1545,f
2026-08-01T04:58:35Z,-5.7071,157.6350,m
2026-08-01T08:44:50Z,-37.7659,-42.9498,g
2026-08-01T20:58:04Z,41.1816,127.1971,a
2026-08-01T03:27:55Z,12.1063,-178.2933,e
2026-08-01T22:32:11Z,-14.4102,-130.7616,i
2026-08-01T00:01:23Z,-39.5115,-166.5502,_
2026-08-01T06:18:19Z,16.6831,115.2939,2
2026-08-01T08:31:42Z,53.6367,-171.7152,f
2026-08-01T16:32:09Z,43.4039,-133.3760,3
2026-08-01T21:10:25Z,54.1906,-0.0870,m
2026-08-01T15:53:37Z,38.9614,-110.4152,2
2026-08-01T04:13:09Z,-7.3013,-3.4698,9
2026-08-01T16:57:42Z,24.7302,-55.5645,y
2026-08-01T07:29:16Z,-23.6008,-43.9520,n
2026-08-01T15:20:31Z,-26.7945,64.4539,u
2026-08-01T07:58:42Z,-5.7517,50.0612,6
2026-08-01T22:51:04Z,45.2147,16.1590,{
2026-08-01T23:36:22Z,-54.5223,169.3786,_
2026-08-01T03:24:07Z,-1.2862,-176.1654,_
2026-08-01T22:38:04Z,48.0425,-63.1141,x
2026-08-01T19:58:43Z,-1.9860,112.9785,i
2026-08-01T22:55:04Z,39.9064,25.6166,8
2026-08-01T07:51:09Z,26.8992,136.5796,a
2026-08-01T02:24:54Z,38.2082,-21.9447,e
2026-08-01T11:30:20Z,-33.2565,-108.1450,9
2026-08-01T18:26:02Z,-45.4469,175.1171,_
2026-08-01T11:41:57Z,49.2609,138.9753,k
2026-08-01T01:44:07Z,-34.0807,-121.6810,b
2026-08-01T16:19:48Z,-19.6513,-142.4419,2
2026-08-01T12:57:12Z,9.2109,41.8228,j
2026-08-01T07:56:20Z,57.0446,0.5451,f
2026-08-01T14:27:54Z,-3.5333,10.9288,4
2026-08-01T21:20:09Z,38.1554,51.7252,g
2026-08-01T01:02:27Z,36.4284,80.7861,k
2026-08-01T12:05:55Z,-42.0871,60.7228,b
2026-08-01T12:07:48Z,8.0771,112.3673,p
2026-08-01T23:43:21Z,-42.4135,-159.3376,b
2026-08-01T16:48:11Z,3.9680,-104.1695,z
2026-08-01T16:24:46Z,-35.7139,-140.5829,o
2026-08-01T06:47:26Z,13.7482,26.7166,a
2026-08-01T11:33:40Z,48.9331,96.6525,d
2026-08-01T20:14:32Z,-38.6560,148.6628,p
2026-08-01T03:14:28Z,23.9315,66.7292,7
2026-08-01T05:33:23Z,36.8349,-67.9678,s
2026-08-01T03:48:25Z,57.4541,-100.7170,}
2026-08-01T02:45:12Z,-48.8708,157.7999,a
2026-08-01T04:09:39Z,-13.3540,-95.2769,8
2026-08-01T13:58:02Z,-53.2103,-104.0108,y
2026-08-01T16:54:51Z,-35.9043,-122.8068,1
2026-08-01T21:10:33Z,-19.5400,-75.2715,4
2026-08-01T03:48:25Z,60.9126,-92.6532,t
2026-08-01T07:29:34Z,-20.3888,-37.1212,3
2026-08-01T08:13:41Z,11.9793,122.7369,x
2026-08-01T21:17:55Z,47.4071,46.4135,z
2026-08-01T14:10:31Z,-46.8869,-32.9784,w
2026-08-01T03:46:29Z,46.7374,-112.8233,4
2026-08-01T06:43:46Z,27.0963,144.8328,k
2026-08-01T22:06:07Z,-17.6566,-174.7556,o
2026-08-01T11:48:32Z,50.8329,177.7383,4
2026-08-01T02:07:50Z,3.3338,-80.7951,e
2026-08-01T16:10:07Z,25.5700,5.4170,2
2026-08-01T12:23:14Z,-48.2595,-79.0271,2
2026-08-01T13:06:02Z,-33.9849,-137.8948,d
2026-08-01T07:01:41Z,-31.1096,-161.9729,8
2026-08-01T04:00:02Z,-40.0617,-93.7732,u
2026-08-01T03:32:41Z,24.9778,-161.4031,4
2026-08-01T13:49:47Z,-21.2344,-132.9153,4
2026-08-01T22:40:31Z,-54.7635,-19.2056,}
2026-08-01T20:55:17Z,30.7000,-66.5082,h
2026-08-01T04:53:36Z,-15.7041,147.5203,q
2026-08-01T04:51:42Z,34.9680,-107.3266,b
2026-08-01T05:14:01Z,32.0335,17.2777,m
2026-08-01T22:17:36Z,3.4552,-119.1054,4
2026-08-01T07:09:33Z,42.6344,-90.2012,g
2026-08-01T07:04:39Z,-46.5447,136.5257,f
2026-08-01T06:26:21Z,-24.8671,123.0263,f
2026-08-01T20:17:26Z,-0.4095,104.9026,_
2026-08-01T23:31:34Z,-36.9688,54.1842,_
2026-08-01T21:09:13Z,56.9047,15.8468,5
2026-08-01T09:17:12Z,-51.1343,-12.6480,o
2026-08-01T01:08:56Z,-11.7331,47.1960,4
2026-08-01T07:34:19Z,-34.6440,-32.3057,r
2026-08-01T14:20:38Z,-22.1065,-5.2947,j
2026-08-01T12:21:24Z,-45.5850,-90.8541,_
2026-08-01T18:40:47Z,4.9549,-158.7327,8
2026-08-01T00:57:20Z,15.8463,21.3823,t
2026-08-01T11:18:07Z,22.4219,45.0823,e
2026-08-01T11:06:25Z,-39.5406,37.6677,k
2026-08-01T04:36:25Z,50.1526,156.9612,8
2026-08-01T06:32:44Z,-1.3767,136.9774,3
2026-08-01T01:15:37Z,-58.8238,-138.4953,v
2026-08-01T04:57:09Z,-9.5765,146.9602,x
2026-08-01T11:19:20Z,6.3232,62.4644,q
2026-08-01T18:24:33Z,-4.5552,134.3301,t
2026-08-01T14:43:54Z,20.1417,-153.6009,h
2026-08-01T05:13:46Z,41.2317,-162.5109,a
2026-08-01T23:26:57Z,-41.0474,112.4033,9
2026-08-01T14:50:44Z,-28.9409,-102.9535,f
2026-08-01T00:27:16Z,35.9965,-108.7827,g
2026-08-01T23:06:25Z,14.4909,57.1587,f
2026-08-01T22:22:19Z,3.2523,-104.5233,e
2026-08-01T20:27:45Z,36.9494,108.0350,r
2026-08-01T22:08:06Z,-35.6393,-146.7370,v
2026-08-01T14:41:02Z,31.1130,39.9303,6
2026-08-01T18:18:28Z,28.5976,-58.3605,d
2026-08-01T21:49:59Z,-45.4565,122.5166,c
2026-08-01T15:22:43Z,5.4340,139.9374,f
2026-08-01T05:00:48Z,3.7941,161.5960,g
2026-08-01T23:56:26Z,30.2424,147.7638,x
2026-08-01T02:36:53Z,55.9930,162.7519,_
2026-08-01T01:56:38Z,15.7602,-140.6014,i
2026-08-01T08:19:55Z,30.8075,137.2259,s
2026-08-01T15:23:51Z,-24.3650,-154.8330,3
2026-08-01T22:31:07Z,34.1129,-86.8725,r
2026-08-01T01:01:05Z,-48.8331,125.3252,d
2026-08-01T11:51:16Z,44.5071,-161.8556,y
2026-08-01T03:46:59Z,48.4606,-112.3353,7
2026-08-01T09:57:34Z,46.5744,120.9429,a
2026-08-01T22:04:33Z,-16.8763,150.6243,}
2026-08-01T13:50:08Z,-33.6856,-139.4155,h
2026-08-01T21:48:12Z,44.7068,-61.8852,6
2026-08-01T17:44:21Z,19.8561,-23.7110,p
2026-08-01T15:57:06Z,-25.4661,-105.4171,e
2026-08-01T07:55:31Z,-40.2686,72.2182,g
2026-08-01T02:17:53Z,-35.6997,48.6791,t
2026-08-01T19:34:57Z,53.1124,21.4271,k
2026-08-01T07:13:51Z,-9.5928,-53.7823,e
2026-08-01T15:56:06Z,-35.9968,-49.0406,u
2026-08-01T06:33:57Z,20.6413,-70.2482,h
2026-08-01T07:00:43Z,-11.8382,-173.3227,r
2026-08-01T21:03:09Z,-0.1680,-123.0937,u
2026-08-01T06:58:02Z,32.6492,101.4377,x
2026-08-01T22:21:53Z,-0.1543,-113.3327,m
2026-08-01T14:02:50Z,-1.2887,-85.5203,z
2026-08-01T20:00:45Z,-5.0156,113.0501,1
2026-08-01T17:09:14Z,-48.3288,-151.7208,e
2026-08-01T00:23:08Z,-11.8687,-74.0652,5
2026-08-01T03:34:51Z,-17.3961,-117.7071,m
2026-08-01T23:12:24Z,-52.5093,-81.7312,q
2026-08-01T19:57:31Z,-0.5909,106.7110,b
2026-08-01T09:08:43Z,22.2374,-174.0040,4
2026-08-01T02:52:35Z,-11.6166,-173.8524,t
2026-08-01T14:20:02Z,-21.5306,172.2126,j
2026-08-01T13:40:32Z,0.9555,-163.7980,j
2026-08-01T00:46:54Z,47.0237,0.4126,t
2026-08-01T13:56:31Z,-44.0294,-110.0822,h
2026-08-01T13:53:35Z,48.1716,-134.9334,x
2026-08-01T16:09:10Z,19.7449,8.0740,2
2026-08-01T16:56:20Z,-20.7392,176.3285,{
2026-08-01T04:10:55Z,4.4792,-12.5790,g
2026-08-01T15:50:05Z,-35.9357,-44.1586,m
2026-08-01T11:58:32Z,19.6213,-146.8668,f
2026-08-01T07:16:51Z,-57.8038,-177.9187,j
2026-08-01T15:55:00Z,-58.2995,-179.5802,}
2026-08-01T09:29:37Z,-20.0077,-71.6462,i
2026-08-01T02:43:01Z,-16.5714,18.0790,7
2026-08-01T03:15:57Z,-32.8508,147.3287,b
2026-08-01T14:25:28Z,-0.7678,10.3459,a
2026-08-01T10:51:42Z,-51.2037,-49.1908,w
2026-08-01T20:28:19Z,-52.5590,-136.5381,v
2026-08-01T16:41:28Z,22.2639,135.7302,k
2026-08-01T00:57:22Z,15.8616,18.8075,u
2026-08-01T08:34:25Z,40.2223,117.0135,b
2026-08-01T00:19:32Z,37.4313,-121.8406,j
2026-08-01T15:36:42Z,-51.1993,-103.0905,g
2026-08-01T09:36:18Z,-20.8325,76.3800,f
2026-08-01T08:28:11Z,46.7446,172.7337,g
2026-08-01T17:00:35Z,-1.1835,46.9654,9
2026-08-01T17:10:15Z,17.4300,-139.7268,2
2026-08-01T00:24:58Z,20.8804,-108.6496,q
2026-08-01T23:49:30Z,-18.9443,-143.6009,}
2026-08-01T16:50:13Z,-5.8539,-70.4970,r
2026-08-01T22:48:31Z,2.2443,150.9898,{
2026-08-01T13:52:20Z,-38.4264,-124.6693,{
2026-08-01T11:14:09Z,-13.9354,51.5257,c
2026-08-01T04:53:08Z,35.6281,126.6001,d
2026-08-01T00:42:45Z,-46.5790,33.9740,v
2026-08-01T08:20:03Z,38.0821,131.5007,x
2026-08-01T13:09:48Z,42.1680,89.1831,2
2026-08-01T21:32:32Z,11.4783,86.2544,j
2026-08-01T00:53:43Z,24.8376,8.2121,3
2026-08-01T09:33:17Z,-23.8860,62.3533,6
2026-08-01T02:04:26Z,-29.4928,-42.8571,e
2026-08-01T23:56:24Z,-1.6913,-126.2219,5
2026-08-01T00:20:01Z,13.6649,-125.9530,s
2026-08-01T19:47:21Z,38.5270,86.8823,r
2026-08-01T11:55:27Z,28.4760,-151.6877,}
2026-08-01T19:34:24Z,-8.7642,-86.0403,_
2026-08-01T03:26:58Z,16.8015,-63.0572,f
2026-08-01T07:14:59Z,16.6184,-71.5939,k
2026-08-01T10:04:08Z,54.3858,153.5965,o
2026-08-01T03:35:49Z,22.3375,-142.0763,}
2026-08-01T12:58:23Z,12.1783,43.0779,{
2026-08-01T20:24:06Z,-58.8629,-157.8547,d
2026-08-01T16:14:58Z,34.8737,16.6370,}
2026-08-01T11:00:18Z,-17.9996,-71.1534,2
2026-08-01T07:52:49Z,-41.7518,153.3652,1
2026-08-01T15:39:46Z,12.4001,-159.8279,c
2026-08-01T08:30:59Z,54.5297,-177.7351,r
2026-08-01T13:51:43Z,-38.0480,-127.5229,_
2026-08-01T04:41:59Z,-46.4962,148.9304,v
2026-08-01T15:20:52Z,-11.0849,-165.7057,l
2026-08-01T20:21:01Z,51.8052,-97.2716,3
2026-08-01T00:00:18Z,-14.2420,-113.2934,k
2026-08-01T05:23:56Z,-1.2761,-87.0416,w
2026-08-01T15:15:57Z,-1.5500,179.6940,s
2026-08-01T20:27:13Z,-53.6121,-144.4299,4
2026-08-01T05:07:22Z,22.0288,172.7111,6
2026-08-01T22:05:34Z,8.2826,7.4932,6
2026-08-01T18:43:35Z,-25.0683,37.1889,q
2026-08-01T03:50:31Z,58.5551,-84.0996,i
2026-08-01T01:01:44Z,1.6075,33.0254,p
2026-08-01T20:47:25Z,39.2703,-164.3622,f
2026-08-01T16:54:26Z,-18.3390,166.0373,k
2026-08-01T11:16:47Z,-6.6906,65.2977,g
2026-08-01T03:00:37Z,-59.1519,14.7679,k
2026-08-01T10:03:03Z,50.9702,141.3645,h
2026-08-01T10:43:52Z,-33.6007,-73.7282,i
2026-08-01T08:05:07Z,-16.4176,104.6107,k
2026-08-01T14:26:29Z,14.1700,78.1254,2
2026-08-01T01:00:52Z,9.5244,31.8536,9
2026-08-01T17:17:21Z,-50.6651,-93.9953,z
2026-08-01T14:08:23Z,-36.5182,-126.9969,z
2026-08-01T02:55:31Z,32.3435,-57.7093,z
2026-08-01T08:14:09Z,35.3737,-140.1560,a
2026-08-01T20:30:56Z,50.5358,159.2031,f
2026-08-01T18:18:08Z,56.2766,-49.7813,z
2026-08-01T09:42:23Z,40.3381,144.9405,9
2026-08-01T03:01:17Z,-22.7977,94.0296,n
2026-08-01T09:11:03Z,-31.4577,139.2838,o
2026-08-01T10:42:16Z,-34.9712,-76.5663,1
2026-08-01T18:04:27Z,-5.2580,169.3295,w
2026-08-01T14:51:40Z,52.6168,90.9471,j
2026-08-01T09:41:32Z,2.7384,64.8791,h
2026-08-01T17:53:08Z,47.0368,7.7649,2
2026-08-01T07:44:01Z,47.2200,-105.9972,o
2026-08-01T16:16:58Z,41.9312,19.0912,7
2026-08-01T23:31:55Z,-52.1612,92.3224,b
2026-08-01T02:43:25Z,-16.1689,23.3669,3
2026-08-01T10:01:28Z,46.3733,135.1429,h
2026-08-01T00:14:02Z,8.8632,-126.4332,z
2026-08-01T05:24:50Z,-1.2392,118.0585,{
2026-08-01T04:43:55Z,7.8115,67.5433,{
2026-08-01T22:28:54Z,24.8641,-85.6569,3
2026-08-01T06:47:02Z,44.5631,163.8376,j
2026-08-01T17:16:16Z,16.1995,-142.0218,_
2026-08-01T09:36:58Z,-14.4057,65.6521,w
2026-08-01T04:09:55Z,12.1716,-17.3527,}
2026-08-01T22:23:50Z,-45.0219,54.5342,w
2026-08-01T04:58:25Z,-54.3846,-11.2959,f
2026-08-01T09:29:59Z,-40.2582,50.5123,4
2026-08-01T21:56:30Z,1.9279,-156.6978,c
2026-08-01T19:56:04Z,28.3979,170.0513,y
2026-08-01T18:27:15Z,-1.0684,136.5686,f
2026-08-01T05:32:57Z,48.8739,-166.0801,{
2026-08-01T03:00:31Z,-24.9279,-60.8153,8
2026-08-01T06:11:29Z,27.8960,112.8204,p
2026-08-01T23:00:49Z,23.0647,154.7661,2
2026-08-01T17:13:44Z,-22.5966,-66.0246,a
2026-08-01T04:34:11Z,-57.2949,60.1726,}
2026-08-01T13:32:58Z,24.0117,-177.8142,u
2026-08-01T16:08:42Z,-58.1703,-45.2715,l
2026-08-01T15:20:33Z,49.0248,-88.4959,d
2026-08-01T09:06:40Z,-27.3448,-63.9405,e
2026-08-01T06:39:30Z,15.4445,152.0525,n
2026-08-01T08:31:45Z,-2.6508,118.0381,3
2026-08-01T12:45:27Z,-38.1462,73.7481,g
2026-08-01T21:14:45Z,54.8238,32.4737,3
2026-08-01T17:08:03Z,-44.7278,-150.8940,z
2026-08-01T13:12:49Z,48.5278,99.8778,v
2026-08-01T02:45:35Z,-31.8575,28.0408,5
2026-08-01T20:22:47Z,42.5637,-133.8086,b
2026-08-01T13:17:21Z,50.5307,120.8472,0
2026-08-01T10:31:08Z,10.7744,58.6692,g
2026-08-01T21:38:28Z,-16.4798,94.6146,2
2026-08-01T18:20:16Z,19.9159,125.5649,a
2026-08-01T03:47:43Z,45.9890,-102.9292,e
2026-08-01T05:26:50Z,47.1468,-105.2696,a
2026-08-01T17:25:56Z,26.1027,-92.1410,f
2026-08-01T00:35:53Z,45.9036,-64.7357,t
2026-08-01T09:27:33Z,22.3309,28.9982,v
2026-08-01T02:50:05Z,11.4214,117.2125,8
2026-08-01T10:14:48Z,-26.3306,-94.9887,r
2026-08-01T20:57:09Z,28.3013,-54.4804,2
2026-08-01T17:19:11Z,38.9482,-36.3079,g
2026-08-01T17:51:47Z,42.6243,8.1980,{
2026-08-01T12:44:55Z,17.3365,24.7597,n
2026-08-01T16:03:05Z,57.9136,97.0929,b
2026-08-01T13:04:45Z,32.9695,62.2862,7
2026-08-01T21:08:38Z,50.1024,-10.3961,9
2026-08-01T16:23:56Z,46.5978,61.5828,w
2026-08-01T05:33:08Z,34.1861,-73.7214,s
2026-08-01T15:13:21Z,-25.3682,-15.0783,6
2026-08-01T20:07:10Z,57.1061,14.3233,z
2026-08-01T10:32:20Z,-23.3177,-10.4566,4
2026-08-01T04:12:31Z,20.8788,-60.1289,0
2026-08-01T23:15:15Z,-14.6673,80.7247,7
2026-08-01T12:17:20Z,-33.1290,-104.6313,m
2026-08-01T17:18:01Z,52.3248,81.0110,f
2026-08-01T14:04:49Z,13.9029,-127.4986,i
2026-08-01T19:47:02Z,36.2829,80.9418,x
2026-08-01T11:55:52Z,-57.3844,113.4467,o
2026-08-01T16:11:00Z,40.7346,100.2233,r
2026-08-01T00:08:15Z,-6.2731,84.4411,4
2026-08-01T01:21:18Z,-48.0316,90.1578,y
2026-08-01T19:47:10Z,-49.5061,-76.7368,1
2026-08-01T18:03:13Z,54.6945,62.3524,g
2026-08-01T15:18:10Z,-27.1644,-37.7863,f
2026-08-01T14:44:08Z,46.4476,60.8154,d
2026-08-01T06:56:31Z,50.2597,-154.1699,e
2026-08-01T03:32:50Z,-2.7894,-92.7194,{
2026-08-01T08:52:55Z,9.7798,-91.6299,d
2026-08-01T07:46:35Z,-14.7726,-41.9077,1
2026-08-01T15:19:39Z,-6.6775,-169.5254,b
2026-08-01T09:50:09Z,-16.6723,-72.1534,i
2026-08-01T20:27:19Z,40.5642,-53.8081,k
2026-08-01T23:22:17Z,16.1803,-173.6789,1
2026-08-01T04:14:44Z,36.9094,112.9538,b
2026-08-01T01:45:42Z,-57.0431,54.5335,8
2026-08-01T07:30:30Z,-26.7807,-33.7860,_
2026-08-01T03:24:55Z,52.5260,-37.5322,k
2026-08-01T12:58:46Z,-17.4396,-42.1037,d
2026-08-01T14:13:43Z,59.2880,-119.0135,3
2026-08-01T09:30:52Z,41.3485,-160.5075,i
2026-08-01T04:39:19Z,-54.8101,92.5807,8
2026-08-01T19:16:27Z,5.6138,-49.1562,n
2026-08-01T10:27:28Z,57.6849,-150.4330,9
2026-08-01T11:17:42Z,2.3572,54.5560,h
2026-08-01T21:35:06Z,-4.5271,79.8613,y
2026-08-01T19:07:50Z,-17.6017,-45.6021,t
2026-08-01T08:18:35Z,31.0748,137.5521,8
2026-08-01T04:29:32Z,-48.2283,35.4246,p
2026-08-01T08:50:00Z,15.1482,-89.2545,n
2026-08-01T23:14:53Z,-15.2515,72.2422,r
2026-08-01T00:38:20Z,55.6627,-53.5529,o
2026-08-01T17:03:21Z,-36.3516,-164.6531,6
2026-08-01T10:10:43Z,47.3923,-21.3894,s
2026-08-01T18:31:27Z,-19.0244,141.3373,7
2026-08-01T06:00:29Z,-12.2889,33.5424,8
2026-08-01T12:42:47Z,46.6427,60.4899,s
2026-08-01T14:00:47Z,-50.8261,-93.4315,v
2026-08-01T19:48:28Z,31.8103,80.3475,a
2026-08-01T16:10:57Z,-49.1040,3.9452,w
2026-08-01T21:00:15Z,-7.0853,-87.7084,4
2026-08-01T06:57:08Z,53.2957,-155.8892,u
2026-08-01T07:32:35Z,53.9735,-10.6747,w
2026-08-01T23:04:57Z,15.7957,55.4502,z
2026-08-01T21:57:24Z,-54.5212,166.5029,a
2026-08-01T00:41:13Z,-25.1651,-168.0863,q
2026-08-01T10:52:55Z,52.5941,76.0275,f
2026-08-01T19:50:20Z,-2.8741,-142.4570,b
2026-08-01T02:35:06Z,42.0849,132.3564,l
2026-08-01T06:15:59Z,-48.0310,73.8188,8
2026-08-01T08:26:25Z,46.6962,156.6817,u
2026-08-01T20:16:46Z,-49.0686,164.8010,1
2026-08-01T12:14:22Z,-28.5583,-114.2406,o
2026-08-01T14:12:59Z,-36.4006,-29.5505,g
2026-08-01T02:40:06Z,15.3329,67.8306,r
2026-08-01T15:07:10Z,24.0614,161.6893,n
2026-08-01T19:11:26Z,-2.5953,-65.3178,d
2026-08-01T12:17:49Z,-40.4587,110.1998,q
2026-08-01T09:00:56Z,-9.0339,-79.5306,o
2026-08-01T06:38:38Z,9.9344,146.8172,v
2026-08-01T23:54:13Z,-8.0377,-130.8593,4
2026-08-01T02:34:46Z,15.5201,11.0968,{
2026-08-01T15:34:56Z,-56.0918,-121.9148,v
2026-08-01T18:53:01Z,-54.9053,-120.6341,y
2026-08-01T12:18:41Z,-27.5209,54.9930,j
2026-08-01T02:26:06Z,31.3735,-13.3834,7
2026-08-01T11:14:18Z,-13.6980,50.6825,6
2026-08-01T12:53:14Z,1.7582,35.5277,4
2026-08-01T14:22:39Z,10.6145,113.6377,w
2026-08-01T10:45:44Z,-38.8586,-15.3148,w
2026-08-01T11:57:09Z,29.6519,-148.9590,1
2026-08-01T15:06:49Z,52.6272,70.9715,v
2026-08-01T22:41:42Z,-22.1721,122.9001,b
2026-08-01T21:27:37Z,-53.8463,-66.2692,p
2026-08-01T09:54:11Z,22.6092,111.1355,d
2026-08-01T11:49:52Z,3.6319,145.0070,{
2026-08-01T15:59:31Z,-11.9601,-15.7798,9
2026-08-01T17:45:07Z,26.0757,-16.8634,u
2026-08-01T11:05:52Z,-32.1955,30.2533,y
2026-08-01T21:29:17Z,12.0750,74.9278,{
2026-08-01T23:14:02Z,-15.5004,69.1583,b
2026-08-01T05:41:41Z,16.7852,-44.9633,4
2026-08-01T06:24:49Z,-29.1488,117.3551,3
2026-08-01T00:29:26Z,40.0494,33.5690,2
2026-08-01T05:39:19Z,57.0795,-45.4900,v
2026-08-01T19:38:30Z,59.6781,41.3984,p
2026-08-01T08:43:09Z,39.2045,-117.9474,f
2026-08-01T22:12:33Z,-19.6494,62.6992,b
2026-08-01T02:21:55Z,42.3360,-28.9721,p
2026-08-01T03:53:49Z,-17.2965,-174.9203,v
2026-08-01T22:46:36Z,48.4508,28.4057,_
2026-08-01T13:24:51Z,46.5436,164.6569,y
2026-08-01T22:41:05Z,8.3739,99.1608,f
2026-08-01T02:40:26Z,23.2321,54.7216,u
2026-08-01T05:51:32Z,55.6345,-70.9622,0
2026-08-01T07:38:50Z,-49.5998,-13.0153,x
2026-08-01T06:00:04Z,-53.6120,142.7318,o
2026-08-01T14:08:47Z,-23.7028,27.4235,8
2026-08-01T05:07:12Z,-55.5577,161.2957,w
2026-08-01T23:43:47Z,-56.3562,33.5710,z
2026-08-01T22:03:10Z,56.2357,-69.0896,z
2026-08-01T08:12:00Z,-15.4928,66.2146,8
2026-08-01T11:52:17Z,13.1632,-118.9157,d
2026-08-01T12:30:12Z,-56.3060,-44.5834,r
2026-08-01T09:26:49Z,-57.5575,127.5635,q
2026-08-01T06:56:32Z,-25.5579,-160.8763,2
2026-08-01T16:08:10Z,13.8180,1.2259,y
2026-08-01T04:08:35Z,7.8348,-22.5531,i
2026-08-01T02:13:57Z,60.9585,-67.8573,i
2026-08-01T02:46:06Z,-14.1107,131.7802,9
2026-08-01T18:14:42Z,27.8926,109.9043,k
2026-08-01T02:47:03Z,-45.5362,20.9683,h
2026-08-01T09:37:21Z,31.1258,23.9996,m
2026-08-01T10:19:43Z,2.1581,45.2294,e
2026-08-01T01:47:36Z,-5.8191,-162.4878,3
2026-08-01T03:26:22Z,7.4168,-176.8414,b
2026-08-01T22:20:01Z,54.0347,36.7725,1
2026-08-01T09:54:11Z,-13.8754,165.3209,3
2026-08-01T09:30:28Z,-34.0613,55.6367,s
2026-08-01T04:57:15Z,0.6090,152.7350,j
2026-08-01T00:31:53Z,48.9670,-89.1387,z
2026-08-01T01:16:54Z,47.9304,114.1022,y
2026-08-01T12:29:56Z,37.5320,128.3077,d
2026-08-01T08:13:01Z,-11.0950,-8.3700,j
2026-08-01T20:14:06Z,-37.4358,149.2840,4
2026-08-01T11:51:54Z,38.5108,-169.3972,n
2026-08-01T15:51:38Z,59.3741,49.3198,2
2026-08-01T07:09:34Z,-15.8127,-0.6045,7
2026-08-01T12:54:04Z,19.7907,84.4256,t
2026-08-01T05:52:31Z,39.0786,144.6639,}
2026-08-01T22:57:35Z,48.6100,-116.5098,2
2026-08-01T17:56:56Z,36.6618,-130.2277,}
2026-08-01T00:26:16Z,47.1848,-21.8643,9
2026-08-01T14:55:30Z,52.3263,-59.6613,1
2026-08-01T14:21:11Z,18.5199,-118.0363,1
2026-08-01T04:25:07Z,-44.8225,44.4814,l
2026-08-01T20:35:03Z,55.4778,-159.8511,0
2026-08-01T14:37:27Z,-48.4645,-53.1813,g
2026-08-01T23:04:18Z,17.2484,55.2075,s
2026-08-01T10:23:12Z,21.7577,-123.1520,_
2026-08-01T10:59:18Z,-51.9508,-2.3576,h
2026-08-01T14:56:34Z,48.4425,129.1434,2
2026-08-01T03:00:33Z,-56.0578,96.4312,p
2026-08-01T05:11:46Z,33.8728,-176.8835,d
2026-08-01T18:19:11Z,-27.7526,24.8491,{
2026-08-01T21:01:29Z,-26.9591,-36.7120,w
2026-08-01T14:24:04Z,-10.2484,3.6797,f
2026-08-01T11:07:00Z,-35.4466,41.0240,z
2026-08-01T13:33:00Z,17.6540,-178.9280,h
2026-08-01T05:17:54Z,45.7770,-150.4999,0
2026-08-01T22:14:06Z,-21.4808,-125.0452,1
2026-08-01T16:03:31Z,11.1042,-11.2272,j
2026-08-01T10:18:31Z,41.3166,-131.2370,t
2026-08-01T20:54:11Z,20.7553,-66.5142,7
2026-08-01T09:25:44Z,-49.9429,32.0019,v
2026-08-01T16:01:46Z,-4.4285,-10.5464,v
2026-08-01T19:46:45Z,44.3101,147.8614,w
2026-08-01T03:15:28Z,-26.3751,162.5431,8
2026-08-01T13:00:26Z,16.7802,48.6283,j
2026-08-01T17:29:38Z,-20.5177,-59.8640,z
2026-08-01T05:36:01Z,32.2842,-67.7236,c
2026-08-01T00:11:35Z,-10.4575,-140.7966,p
2026-08-01T11:55:25Z,34.6545,-161.0264,q
2026-08-01T20:49:04Z,14.4436,-78.2880,2
2026-08-01T16:33:56Z,48.2328,117.6033,4
2026-08-01T03:08:42Z,-44.2528,137.3225,m
2026-08-01T13:35:18Z,17.2040,-173.9499,1
2026-08-01T04:13:43Z,-6.7534,-2.9546,6
2026-08-01T07:55:04Z,-39.8168,74.2709,p
2026-08-01T12:48:23Z,-55.8157,-117.6530,0
2026-08-01T08:20:20Z,32.9602,132.6332,9
2026-08-01T23:12:06Z,49.5557,24.4336,d
2026-08-01T10:46:15Z,-27.9663,90.2341,g
2026-08-01T04:36:05Z,-25.6129,15.9390,r
2026-08-01T18:32:31Z,11.2253,-5.7023,k
2026-08-01T10:59:22Z,-41.3070,-127.7070,y
2026-08-01T04:39:51Z,47.1444,-22.1007,n
2026-08-01T21:52:24Z,32.9279,-57.2299,t
2026-08-01T12:58:51Z,-52.1878,138.1756,u
2026-08-01T12:03:54Z,9.0008,-136.7431,v
2026-08-01T09:28:24Z,-2.6847,-126.3525,w
2026-08-01T02:13:01Z,46.2447,-115.7663,v
2026-08-01T22:04:10Z,-21.0038,-131.1805,6
2026-08-01T05:42:16Z,21.3520,-49.9400,m
2026-08-01T06:54:52Z,54.5902,-158.5734,{
2026-08-01T14:08:40Z,50.6760,-139.9921,3
2026-08-01T16:08:16Z,19.0343,0.6065,h
2026-08-01T03:09:02Z,-45.3706,136.9796,v
2026-08-01T13:03:04Z,45.5476,144.4613,4
2026-08-01T21:35:19Z,2.1920,86.7166,i
2026-08-01T20:11:12Z,-35.5153,136.0766,}
2026-08-01T03:11:21Z,-6.5581,178.9952,h
2026-08-01T20:58:17Z,-10.8431,99.1676,e
2026-08-01T05:00:59Z,0.4849,102.8983,g
2026-08-01T06:24:47Z,-0.2969,83.8758,}
2026-08-01T06:21:59Z,52.0548,20.0604,m
2026-08-01T04:03:50Z,29.8799,-29.5104,9
2026-08-01T08:54:03Z,6.9770,64.7446,q
2026-08-01T11:04:11Z,-32.8175,20.1456,4
2026-08-01T23:37:15Z,-43.7767,-18.6146,1
2026-08-01T17:08:52Z,-57.1523,68.0331,5
2026-08-01T08:02:14Z,2.2682,161.0897,1
2026-08-01T00:57:54Z,17.3073,23.7921,r
2026-08-01T16:07:17Z,11.6925,-1.6854,x
2026-08-01T18:19:11Z,5.5129,-109.4831,y
2026-08-01T12:19:46Z,36.7609,155.0809,d
2026-08-01T14:32:34Z,-29.5555,-167.0283,o
2026-08-01T09:14:29Z,-53.0061,-33.3719,m
2026-08-01T09:36:50Z,-17.2400,68.5838,z
2026-08-01T12:47:53Z,-50.5444,104.5312,6
2026-08-01T23:46:24Z,-6.2038,-10.3409,m
2026-08-01T03:05:44Z,-46.7368,122.4036,q
2026-08-01T20:23:28Z,-53.8522,-159.9264,b
2026-08-01T14:54:43Z,-47.7938,74.1725,y
2026-08-01T22:47:58Z,-35.1327,82.7274,{
2026-08-01T22:12:13Z,22.5354,118.0929,5
2026-08-01T16:54:26Z,-10.4646,172.7089,p
2026-08-01T22:58:13Z,31.0183,35.5012,6
2026-08-01T14:00:46Z,40.2129,36.9319,}
2026-08-01T14:07:56Z,-49.5475,-55.9021,1
2026-08-01T08:43:13Z,31.1487,-111.9116,k
2026-08-01T23:21:31Z,-34.5414,-94.4260,{
2026-08-01T07:21:28Z,6.0754,-57.0133,a
2026-08-01T00:14:57Z,-27.2714,-170.9682,u
2026-08-01T05:32:09Z,42.1295,-70.1884,l
2026-08-01T15:15:30Z,-5.7546,179.0692,3
2026-08-01T18:12:52Z,32.4878,109.7365,_
2026-08-01T09:41:23Z,-15.2602,77.2034,g
2026-08-01T01:53:00Z,11.8658,-154.7095,c
2026-08-01T14:02:08Z,-58.5054,-88.8084,3
2026-08-01T16:34:54Z,-27.0128,-60.9601,_
2026-08-01T08:02:02Z,-17.7259,-75.0029,u
2026-08-01T03:05:47Z,52.5125,67.2681,c
2026-08-01T10:41:31Z,-32.0171,-77.6901,x
2026-08-01T20:01:11Z,-11.6115,115.4535,0
2026-08-01T19:51:24Z,-15.5858,134.9026,8
2026-08-01T03:13:47Z,-32.7779,146.3932,{
2026-08-01T00:54:32Z,29.2238,146.2068,v
2026-08-01T10:49:37Z,26.1855,141.9266,t
2026-08-01T07:57:50Z,-31.2906,81.6404,e
2026-08-01T22:21:21Z,-28.3882,110.6901,i
2026-08-01T07:47:31Z,-58.6297,-71.1370,c
2026-08-01T23:33:39Z,-44.8194,-166.6850,9
2026-08-01T04:39:49Z,-43.6350,99.2261,b
2026-08-01T19:29:38Z,45.4076,-9.5454,7
2026-08-01T04:23:40Z,-30.0633,23.7214,y
2026-08-01T18:09:51Z,44.0362,101.0553,r
2026-08-01T07:35:53Z,-48.2396,-23.8926,y
2026-08-01T23:25:49Z,-11.5841,47.2856,v
2026-08-01T23:08:22Z,-42.1704,-158.6816,1
2026-08-01T01:15:38Z,15.1644,-64.3992,s
2026-08-01T21:40:30Z,-20.8399,90.9662,w
2026-08-01T05:12:55Z,49.4090,156.3792,o
2026-08-01T18:50:38Z,-50.4867,-125.5254,s
2026-08-01T18:24:09Z,4.5226,137.7479,b
2026-08-01T19:22:00Z,31.4476,-36.9624,0
2026-08-01T09:51:08Z,21.3160,98.9464,e
2026-08-01T08:33:07Z,-24.9936,-16.9469,t
2026-08-01T07:17:22Z,-56.9724,-76.8505,x
2026-08-01T16:09:28Z,20.4164,0.5096,p
2026-08-01T19:16:11Z,-52.2878,-105.5032,{
2026-08-01T19:08:12Z,-8.7709,-71.2733,2
2026-08-01T14:14:31Z,-38.4359,-23.8752,i
2026-08-01T04:52:29Z,-25.5338,139.1762,_
2026-08-01T15:11:05Z,13.5689,170.9969,x
2026-08-01T06:26:34Z,-22.0420,113.8785,m
2026-08-01T03:24:17Z,-26.8563,-11.3524,r
2026-08-01T01:50:13Z,-39.7432,-35.0582,5
2026-08-01T06:55:52Z,53.3936,-156.0962,8
2026-08-01T21:48:24Z,10.9020,-172.7812,l
2026-08-01T13:15:30Z,51.6726,113.0084,s
2026-08-01T15:15:41Z,44.0061,-166.7634,t
2026-08-01T15:57:51Z,-13.9942,-23.1423,t
2026-08-01T03:04:37Z,-50.7648,108.3714,w
2026-08-01T04:07:05Z,16.9680,-23.6600,1
2026-08-01T20:28:01Z,-45.2757,-138.1763,s
2026-08-01T06:40:17Z,17.2973,146.7050,m
2026-08-01T07:13:33Z,47.3836,42.7570,5
2026-08-01T14:57:23Z,43.9502,137.8845,z
2026-08-01T01:28:54Z,27.4705,62.5001,x
2026-08-01T03:34:38Z,26.4814,-159.8194,b
2026-08-01T06:16:04Z,-57.3634,79.0345,k
2026-08-01T11:19:29Z,11.8147,64.9298,v
2026-08-01T18:34:28Z,32.2077,42.0337,j
2026-08-01T17:39:17Z,22.7582,73.8805,h
2026-08-01T04:50:11Z,-26.1567,143.5808,l
2026-08-01T19:29:40Z,47.9304,-8.0313,r
2026-08-01T01:33:52Z,-47.8381,162.6181,3
2026-08-01T00:58:40Z,17.0397,23.2496,d
2026-08-01T05:28:54Z,28.0998,142.2134,y
2026-08-01T02:50:56Z,12.8016,-78.7001,c
2026-08-01T02:31:04Z,14.3801,5.1682,m
2026-08-01T05:19:17Z,52.5659,-141.4845,l
2026-08-01T23:51:58Z,10.5097,-101.4003,c
2026-08-01T18:40:58Z,57.5411,177.8887,f
2026-08-01T04:37:01Z,-59.7528,84.0965,9
2026-08-01T16:00:50Z,-42.1590,11.3917,8
2026-08-01T16:35:31Z,41.0885,128.1322,p
2026-08-01T13:19:59Z,15.1023,173.3288,0
2026-08-01T23:41:10Z,33.6034,135.8973,v
2026-08-01T20:35:19Z,28.6767,174.7790,s
2026-08-01T17:13:45Z,-56.4334,-114.0490,a
2026-08-01T05:09:47Z,31.2700,177.0561,a
2026-08-01T07:50:17Z,-51.4258,53.8110,6
2026-08-01T00:03:36Z,5.0112,95.4644,x
2026-08-01T04:42:17Z,-49.4410,107.7164,x
2026-08-01T08:10:10Z,-18.2821,-87.4092,5
2026-08-01T19:01:11Z,41.2444,79.3645,9
2026-08-01T16:49:56Z,-25.0293,84.6318,e
2026-08-01T13:08:51Z,43.7084,85.5328,d
2026-08-01T21:51:59Z,-33.5478,10.1661,o
2026-08-01T12:58:15Z,36.0444,-68.5236,w
2026-08-01T05:38:57Z,38.7747,115.9877,s
2026-08-01T04:34:19Z,21.1894,8.0818,q
2026-08-01T06:53:09Z,43.4467,-177.4055,u
2026-08-01T11:34:40Z,54.2761,-51.6264,c
2026-08-01T17:13:36Z,26.3268,-155.2633,l
2026-08-01T20:14:10Z,-43.9538,149.7041,}
2026-08-01T15:01:45Z,-3.6630,-117.3089,n
2026-08-01T21:31:03Z,53.4772,91.3509,k
2026-08-01T08:38:42Z,-12.9538,137.7928,r
2026-08-01T16:27:26Z,44.3848,81.8623,6
2026-08-01T11:08:29Z,-30.0192,36.7442,q
2026-08-01T05:32:13Z,42.2685,-66.5153,}
2026-08-01T23:03:37Z,12.6226,58.9414,}
2026-08-01T17:07:27Z,-50.3696,-160.2072,8
2026-08-01T09:27:55Z,-45.6746,48.1430,f
2026-08-01T07:16:59Z,16.4113,-61.7044,3
2026-08-01T03:04:19Z,-54.0065,112.9442,7
2026-08-01T14:41:15Z,41.1566,41.3802,g
2026-08-01T03:35:15Z,30.5929,-162.0995,s
2026-08-01T21:24:07Z,23.3121,62.2044,a
2026-08-01T08:15:59Z,57.7693,166.7070,x
2026-08-01T06:03:07Z,-15.5395,2.8591,c
2026-08-01T03:43:58Z,47.7080,4.4639,j
2026-08-01T14:15:20Z,-59.1709,3.4899,t
2026-08-01T02:26:40Z,39.6657,-45.3935,w
2026-08-01T10:11:32Z,28.4634,-72.5782,p
2026-08-01T20:25:13Z,45.9490,-51.6619,3
2026-08-01T18:53:56Z,-41.8896,-12.0787,3
2026-08-01T02:05:24Z,42.9937,-116.4430,w
2026-08-01T21:25:23Z,26.6749,74.3172,1
2026-08-01T02:20:41Z,15.5113,42.1951,o
2026-08-01T23:53:42Z,-11.5077,-136.1443,o
2026-08-01T21:35:37Z,-7.8297,88.3620,v
2026-08-01T22:16:33Z,-15.4700,-124.1980,k
2026-08-01T16:57:01Z,-27.1106,173.7697,p
2026-08-01T17:36:07Z,-1.9257,-36.0774,e
2026-08-01T07:38:50Z,-55.8265,-92.0266,i
2026-08-01T10:34:26Z,-23.0989,151.3581,h
2026-08-01T00:38:07Z,5.5184,-52.2912,m
2026-08-01T10:08:34Z,-24.1270,53.1343,l
2026-08-01T12:33:33Z,3.5441,-70.3742,4
2026-08-01T23:08:11Z,0.6670,56.5542,g
2026-08-01T11:07:13Z,-16.1888,-128.3768,l
2026-08-01T23:36:05Z,-53.1895,159.8854,9
2026-08-01T00:45:15Z,55.6022,-26.3341,a
2026-08-01T19:39:09Z,-6.2557,-86.7486,s
2026-08-01T00:40:27Z,-48.4216,151.6734,o
2026-08-01T03:04:28Z,-35.5821,74.7907,p
2026-08-01T05:05:31Z,-43.7252,-88.5561,u
2026-08-01T23:14:58Z,-19.4731,68.4485,8
2026-08-01T12:40:24Z,37.1253,-110.4724,a
2026-08-01T07:15:23Z,26.2151,-72.0660,c
2026-08-01T20:19:39Z,-49.2687,178.7901,s
2026-08-01T02:19:53Z,-23.1591,18.4737,}
2026-08-01T17:02:42Z,-25.5666,9.2040,0
2026-08-01T02:01:09Z,38.1519,-130.0331,d
2026-08-01T06:58:19Z,59.7916,-139.7222,u
2026-08-01T01:16:51Z,-40.8459,-80.1475,q
2026-08-01T10:48:42Z,23.9590,-159.2917,g
2026-08-01T07:27:30Z,-32.5108,48.8049,l
2026-08-01T07:14:58Z,13.6352,-77.1312,v
2026-08-01T21:37:58Z,-10.1699,91.2184,g
2026-08-01T20:13:43Z,-49.0722,141.7155,}
2026-08-01T23:01:57Z,33.7629,132.5173,4
2026-08-01T11:36:24Z,30.2619,-147.3393,9
2026-08-01T06:00:58Z,-48.8800,58.2880,8
2026-08-01T03:50:26Z,25.4656,-110.1026,g
2026-08-01T01:41:30Z,-54.6107,-148.3441,p
2026-08-01T16:22:22Z,43.4106,46.6863,b
2026-08-01T12:52:44Z,54.5052,63.6932,4
2026-08-01T17:39:52Z,18.0841,-71.6240,a
2026-08-01T10:12:30Z,40.1481,-163.2361,h
2026-08-01T14:40:09Z,-25.8668,101.0146,f
2026-08-01T09:51:38Z,19.9996,172.1573,j
2026-08-01T03:13:57Z,-11.5313,-13.3142,b
2026-08-01T14:41:22Z,32.4260,46.7062,1
2026-08-01T01:29:12Z,-52.9791,130.2149,n
2026-08-01T19:03:36Z,-26.0701,-77.7008,{
2026-08-01T17:16:21Z,-52.9596,-105.5981,u
2026-08-01T09:54:13Z,33.3533,107.3957,g
2026-08-01T00:54:26Z,26.7413,14.5519,u
2026-08-01T00:57:16Z,18.4688,23.0704,1
2026-08-01T00:06:56Z,40.0211,-3.2049,3
2026-08-01T08:51:25Z,-47.8928,-57.3005,o
2026-08-01T00:08:54Z,-20.7739,-150.6535,w
2026-08-01T10:33:08Z,-14.6849,-144.5364,s
2026-08-01T11:09:51Z,-34.0117,39.7615,o
2026-08-01T03:13:36Z,-26.9876,156.5164,5
2026-08-01T04:08:25Z,17.8035,-24.8590,6
2026-08-01T05:22:29Z,-17.3723,-59.2387,}
2026-08-01T17:12:53Z,-5.2663,-149.9560,c
2026-08-01T14:12:15Z,-19.4851,32.3273,1
2026-08-01T13:25:40Z,41.4783,172.2629,g
2026-08-01T02:10:54Z,-50.6793,7.4695,c
2026-08-01T13:14:16Z,52.2130,101.0079,6
2026-08-01T13:08:51Z,13.7846,-49.3712,t
2026-08-01T05:15:46Z,20.0432,144.7632,4
2026-08-01T07:04:41Z,47.5521,-106.1178,g
2026-08-01T16:42:48Z,6.7792,-13.4696,y
2026-08-01T21:27:12Z,59.3444,-148.0094,1
2026-08-01T01:31:04Z,-55.8579,147.5005,h
2026-08-01T03:51:19Z,48.0266,-86.7044,g
2026-08-01T09:00:18Z,-12.1801,-73.1542,x
2026-08-01T18:23:27Z,50.6709,16.4822,y
2026-08-01T08:51:07Z,14.2022,-91.5939,p
2026-08-01T03:01:45Z,38.7845,-163.5459,_
2026-08-01T22:42:40Z,53.4914,-42.4127,h
2026-08-01T13:42:11Z,55.8459,-78.8006,w
2026-08-01T20:30:18Z,-34.3334,31.2114,q
2026-08-01T07:17:19Z,10.7348,-67.6099,j
2026-08-01T17:24:00Z,-37.1705,-64.2165,j
2026-08-01T08:07:13Z,41.0306,-2.7818,b
2026-08-01T19:19:13Z,19.6759,-41.0397,a
2026-08-01T13:06:55Z,-43.7958,1.7594,5
2026-08-01T06:05:17Z,-43.8479,11.1296,q
2026-08-01T16:02:48Z,-5.7444,-16.1867,x
2026-08-01T15:22:04Z,-23.1549,-162.3139,n
2026-08-01T15:37:27Z,-13.8727,68.6186,4
2026-08-01T15:55:24Z,25.9270,-157.3139,r
2026-08-01T21:20:04Z,33.5332,54.8031,y
2026-08-01T15:15:09Z,-18.0851,-138.4236,u
2026-08-01T13:50:40Z,57.6179,91.1820,v
2026-08-01T18:08:00Z,-16.2520,-7.7434,b
2026-08-01T06:18:40Z,-44.8114,91.8208,q
2026-08-01T12:58:15Z,-18.6445,-58.9621,1
2026-08-01T10:23:15Z,-15.9207,-120.9214,c
2026-08-01T06:43:36Z,-47.0723,-160.0178,{
2026-08-01T04:08:59Z,-44.9624,59.2114,v
2026-08-01T02:52:23Z,-36.5633,56.6586,w
2026-08-01T22:03:16Z,-35.4994,5.3031,i
2026-08-01T23:41:30Z,-43.9797,-165.1849,f
2026-08-01T07:34:29Z,-32.4218,-29.3266,g
2026-08-01T12:38:16Z,59.3226,-103.6893,m
2026-08-01T02:15:54Z,49.4077,-58.9360,8
2026-08-01T16:51:11Z,-4.7821,161.0536,4
2026-08-01T01:38:04Z,-32.1797,167.8148,i
2026-08-01T17:24:11Z,-37.0689,-64.2271,p
2026-08-01T17:06:11Z,5.8955,-28.4126,k
2026-08-01T15:04:11Z,-6.7173,155.5808,b
2026-08-01T02:09:42Z,0.9073,91.6849,z
2026-08-01T11:23:56Z,-9.0066,-103.5434,}
2026-08-01T19:57:48Z,11.9118,16.4505,x
2026-08-01T06:37:31Z,-44.0517,-100.7521,o
2026-08-01T03:37:56Z,14.7552,95.8411,}
2026-08-01T18:42:51Z,-47.3561,-169.4955,k
2026-08-01T22:59:06Z,-49.1283,109.8909,i
2026-08-01T19:23:09Z,-32.8993,48.1073,p
2026-08-01T03:44:50Z,50.7634,-116.2584,0
2026-08-01T15:25:06Z,34.8630,-26.7941,n
2026-08-01T18:20:44Z,16.1585,-163.2462,j
2026-08-01T19:26:18Z,-47.3599,20.3778,q
2026-08-01T03:16:18Z,-32.2887,164.9222,v
2026-08-01T08:01:08Z,-25.2820,93.2817,5
2026-08-01T10:44:07Z,-34.0889,-78.9309,z
2026-08-01T17:14:35Z,-51.6721,-112.1025,6
2026-08-01T10:44:55Z,-9.7384,-67.6393,u
2026-08-01T18:45:11Z,-54.6499,-162.8401,m
2026-08-01T06:42:14Z,25.1222,147.8769,l
2026-08-01T12:46:04Z,-22.2770,25.0182,5
2026-08-01T07:30:51Z,15.6775,89.3334,4
2026-08-01T03:17:17Z,-25.5101,161.4988,0
2026-08-01T03:21:38Z,-4.9714,179.0625,_
2026-08-01T22:32:51Z,59.8231,100.4349,t
2026-08-01T19:50:27Z,22.8746,89.5075,d
2026-08-01T21:20:11Z,43.9173,49.8174,}
2026-08-01T09:35:49Z,-40.2249,-46.5041,z
2026-08-01T11:49:55Z,23.3794,29.3357,v
2026-08-01T18:56:06Z,-38.0879,-100.6589,c
2026-08-01T19:06:07Z,-41.2604,114.7113,j
2026-08-01T18:28:40Z,-15.3398,136.7085,}
2026-08-01T03:19:05Z,51.3779,144.8204,o
2026-08-01T17:47:50Z,-35.4624,136.1247,y
2026-08-01T22:39:50Z,47.2393,-60.8947,f
2026-08-01T02:08:06Z,2.4147,-88.6406,i
2026-08-01T18:20:02Z,8.4663,-177.8966,5
2026-08-01T14:53:31Z,53.2863,109.6579,4
2026-08-01T20:52:43Z,15.2060,-76.0566,w
2026-08-01T11:35:58Z,15.9263,-146.5533,j
2026-08-01T15:14:28Z,2.9305,-179.2241,q
2026-08-01T00:11:59Z,-9.4547,-140.0530,6
2026-08-01T00:43:52Z,48.8943,-25.1262,p
2026-08-01T06:47:14Z,34.8655,166.3856,m
2026-08-01T07:24:19Z,19.4402,166.4078,z
2026-08-01T14:42:24Z,1.1005,126.3958,b
2026-08-01T20:59:05Z,19.8955,65.2577,r
2026-08-01T10:05:29Z,55.0336,149.2688,7
2026-08-01T10:38:09Z,-18.5046,-84.3665,q
2026-08-01T00:46:50Z,-49.1791,0.8764,j
2026-08-01T20:11:18Z,6.9442,165.4100,l
2026-08-01T02:27:31Z,36.1551,-160.5912,e
2026-08-01T02:41:29Z,35.0782,-83.8070,b
2026-08-01T05:09:47Z,30.6140,-172.3002,1
2026-08-01T15:32:19Z,55.9210,65.5320,8
2026-08-01T20:07:08Z,-20.8354,127.6724,q
2026-08-01T16:45:57Z,11.2183,150.6869,6
2026-08-01T06:17:34Z,-8.6030,162.6391,p
2026-08-01T00:13:04Z,-56.4672,117.3721,a
2026-08-01T13:22:19Z,2.5391,-118.9317,n
2026-08-01T16:41:24Z,-54.5494,160.7829,x
2026-08-01T01:51:54Z,-3.4557,-170.7739,n
2026-08-01T09:12:33Z,59.0404,-62.3648,6
2026-08-01T22:51:37Z,-47.0587,-126.3538,e
2026-08-01T19:07:57Z,-10.0988,-74.9628,3
2026-08-01T05:13:53Z,-4.3202,97.2874,2
2026-08-01T02:22:04Z,51.3870,-31.2641,j
2026-08-01T23:12:44Z,-13.8052,64.6964,3
2026-08-01T13:50:02Z,11.6660,49.2546,7
2026-08-01T11:58:27Z,26.6519,-154.2900,{
2026-08-01T18:29:36Z,-16.1939,25.0974,m
2026-08-01T11:38:42Z,-38.3017,75.1881,y
2026-08-01T23:53:17Z,-7.6656,-128.3945,l
2026-08-01T17:14:11Z,34.5744,-100.6836,x
2026-08-01T05:09:40Z,33.8333,-175.4814,i
2026-08-01T21:10:09Z,56.9065,6.4004,y
2026-08-01T05:30:36Z,38.8523,121.0492,v
2026-08-01T18:13:24Z,34.2482,103.9010,v
2026-08-01T03:06:17Z,33.0093,64.9372,5
2026-08-01T14:12:30Z,-14.2945,166.7843,p
2026-08-01T15:12:12Z,5.5764,174.5016,8
2026-08-01T04:09:37Z,21.6994,-126.7906,5
2026-08-01T00:40:41Z,47.2508,13.0257,z
2026-08-01T14:37:20Z,21.9054,136.3667,z
2026-08-01T05:12:27Z,36.2771,-174.4766,e
2026-08-01T16:13:01Z,1.7762,-17.4319,d
2026-08-01T18:42:23Z,-30.5432,137.6853,y
2026-08-01T22:51:13Z,42.7237,9.9499,t
2026-08-01T00:34:32Z,54.7561,-71.5258,s
2026-08-01T10:50:38Z,-9.1131,-175.3178,_
2026-08-01T21:22:46Z,26.4209,62.0108,z
2026-08-01T23:42:45Z,-46.9447,-131.2990,h
2026-08-01T01:14:33Z,-29.0772,62.4312,5
2026-08-01T07:47:15Z,15.2127,-111.9864,7
2026-08-01T08:17:51Z,-33.6969,140.2231,7
2026-08-01T12:59:56Z,25.7828,47.4492,x
2026-08-01T16:20:59Z,43.2813,37.3426,i
2026-08-01T00:20:02Z,14.0212,-124.1551,v
2026-08-01T09:58:28Z,-8.9348,-108.8701,s
2026-08-01T10:06:31Z,-7.7322,-153.6810,a
2026-08-01T18:26:22Z,8.8621,-42.8848,e
2026-08-01T05:40:59Z,-1.2972,-171.3971,5
2026-08-01T04:26:12Z,-8.4648,92.6197,s
2026-08-01T11:22:59Z,16.9620,71.9494,y
2026-08-01T09:47:11Z,22.8725,126.4858,x
2026-08-01T09:22:12Z,-51.0028,6.8370,m
2026-08-01T06:56:12Z,52.8315,-155.0353,r
2026-08-01T19:20:29Z,-29.6481,20.2091,e
2026-08-01T17:03:46Z,52.7042,-73.4688,k
2026-08-01T04:40:18Z,52.7807,-148.3881,0
2026-08-01T11:50:00Z,40.8306,-175.1573,s
2026-08-01T17:16:31Z,-57.8148,-107.8065,e
2026-08-01T21:14:34Z,23.5889,-58.4473,3
2026-08-01T15:46:11Z,-6.2461,135.0529,7
2026-08-01T05:18:07Z,47.2943,-150.8892,4
2026-08-01T14:54:00Z,42.1751,84.1810,r
2026-08-01T03:40:03Z,46.7297,-140.5525,d
2026-08-01T21:53:28Z,-52.2465,147.6903,s
2026-08-01T15:31:06Z,-53.0353,-134.2394,g
2026-08-01T13:21:04Z,-43.2803,111.9804,i
2026-08-01T10:30:51Z,-28.9390,60.3841,4
2026-08-01T11:39:28Z,-34.1940,34.1259,e
2026-08-01T20:55:34Z,-59.0000,54.8570,}
2026-08-01T10:56:35Z,-54.6274,-13.0484,z
2026-08-01T22:24:38Z,41.0306,-12.8654,w
2026-08-01T20:07:47Z,-50.4913,176.4618,5
2026-08-01T15:24:38Z,47.4219,174.9516,5
2026-08-01T18:41:08Z,-30.9126,86.4451,c
2026-08-01T12:32:16Z,-48.1908,-29.6788,y
2026-08-01T23:43:34Z,-11.5977,66.5568,s
2026-08-01T06:06:58Z,-45.4046,24.4635,4
2026-08-01T01:57:33Z,19.0009,-140.0272,2
2026-08-01T08:05:51Z,-11.3637,96.7137,2
2026-08-01T01:41:27Z,-17.7974,-177.1964,9
2026-08-01T18:16:59Z,-26.2229,-140.3271,f
2026-08-01T02:21:17Z,-19.2553,-92.6504,0
2026-08-01T13:44:53Z,-43.9401,48.8900,w
2026-08-01T02:03:27Z,-45.0594,-127.1321,b
2026-08-01T19:13:53Z,0.6572,-48.7017,y
2026-08-01T23:57:09Z,0.9575,-133.4590,4
2026-08-01T16:33:11Z,27.2538,103.4733,_
2026-08-01T08:34:54Z,54.4503,-156.0815,r
2026-08-01T09:25:55Z,-47.3308,28.9936,i
2026-08-01T08:24:52Z,37.3719,155.4904,z
2026-08-01T10:05:46Z,18.3587,115.5353,b
2026-08-01T03:33:02Z,22.1903,-156.0398,l
2026-08-01T20:46:58Z,-1.3347,-82.1498,3
2026-08-01T06:13:00Z,-51.0980,65.8166,u
2026-08-01T02:45:25Z,-21.3116,-85.7715,t
2026-08-01T07:51:48Z,-2.8336,142.3353,{
2026-08-01T19:35:54Z,53.9148,24.0399,z
2026-08-01T14:57:24Z,47.1668,129.1336,p
2026-08-01T14:13:38Z,-42.5540,-28.4664,t
2026-08-01T11:26:59Z,23.3900,80.9256,s
2026-08-01T04:20:42Z,-18.8385,9.4192,5
2026-08-01T14:08:42Z,47.4007,-110.1139,1
2026-08-01T13:54:09Z,20.8203,-93.6658,0
2026-08-01T11:17:23Z,-27.2352,151.2701,a
2026-08-01T05:34:23Z,41.4301,-67.7703,s
2026-08-01T17:33:05Z,47.6963,14.4493,9
2026-08-01T15:28:17Z,-31.1283,-151.1890,6
2026-08-01T00:13:34Z,-5.0289,-136.4944,1
2026-08-01T01:34:17Z,-48.7360,161.9197,l
2026-08-01T13:27:05Z,29.2810,70.7380,i
2026-08-01T05:37:32Z,26.8500,-54.3673,n
2026-08-01T06:21:32Z,38.1706,-148.6207,l
2026-08-01T16:56:52Z,-16.3462,167.0913,_
2026-08-01T15:02:18Z,34.0936,148.9971,r
2026-08-01T19:42:49Z,46.8230,65.9730,z
2026-08-01T17:47:08Z,-31.0103,69.9482,q
2026-08-01T22:54:54Z,-56.3656,-178.2684,1
2026-08-01T06:58:14Z,56.3939,-134.4981,0
2026-08-01T07:40:51Z,-48.9892,-7.3382,4
2026-08-01T16:11:40Z,-59.3704,118.8614,_
2026-08-01T02:43:47Z,-17.7937,24.3906,j
2026-08-01T06:30:47Z,-4.4976,122.6170,y
2026-08-01T03:35:06Z,-8.2172,118.4110,b
2026-08-01T10:13:51Z,45.7784,-159.4735,_
2026-08-01T13:10:07Z,44.8240,91.1097,b
2026-08-01T01:04:20Z,-8.3046,32.4748,d
2026-08-01T18:11:50Z,-24.1859,85.5586,q
2026-08-01T10:53:59Z,-56.7545,-31.3400,w
2026-08-01T22:32:33Z,-58.0237,162.4976,{
2026-08-01T12:17:59Z,-4.7258,43.1356,m
2026-08-01T23:01:49Z,-30.6192,85.8860,g
2026-08-01T03:37:27Z,-52.9394,52.8799,6
2026-08-01T17:30:46Z,-49.0749,114.8686,p
2026-08-01T02:33:30Z,16.4045,9.6629,4
2026-08-01T21:28:34Z,13.0458,80.3595,5
2026-08-01T02:33:33Z,-3.4689,42.7392,8
2026-08-01T11:53:38Z,-17.4551,20.1426,s
2026-08-01T03:06:44Z,-54.1526,123.3410,_
2026-08-01T07:33:35Z,21.5563,150.2972,_
2026-08-01T11:24:48Z,18.3842,74.8678,l
2026-08-01T01:17:59Z,-37.4032,76.4668,2
2026-08-01T15:27:08Z,-37.3663,-147.8493,7
2026-08-01T01:33:44Z,-43.0526,155.5849,x
2026-08-01T02:40:20Z,10.6880,18.3899,s
2026-08-01T21:20:40Z,-14.9371,-31.0160,b
2026-08-01T01:14:08Z,23.0888,-115.8134,r
2026-08-01T04:34:45Z,-59.2006,64.4173,6
2026-08-01T05:58:28Z,-35.6336,-7.7261,r
2026-08-01T02:32:46Z,13.4569,1.1675,6
2026-08-01T02:13:35Z,16.3172,-74.5231,3
2026-08-01T23:25:32Z,-30.9562,-30.5001,6
2026-08-01T09:18:31Z,-56.2874,-6.1793,m
2026-08-01T16:19:26Z,46.3671,34.9493,s
2026-08-01T21:02:43Z,59.6292,-94.4599,3
2026-08-01T20:44:42Z,1.2638,-82.2989,v
2026-08-01T02:34:06Z,8.4325,4.1133,8
2026-08-01T13:23:24Z,43.3584,2.8704,o
2026-08-01T15:34:20Z,18.7505,-132.4608,u
2026-08-01T01:31:28Z,-33.2493,-151.4518,v
2026-08-01T09:19:10Z,-56.9548,-6.5755,t
2026-08-01T23:59:08Z,59.4176,-85.1531,e
2026-08-01T08:18:39Z,44.6756,-150.6099,2
2026-08-01T13:29:59Z,-16.6962,96.0612,t
2026-08-01T12:30:12Z,12.5339,-146.7284,j
2026-08-01T05:41:07Z,0.3233,-71.7115,}
2026-08-01T10:24:09Z,24.0697,-124.2357,k
2026-08-01T22:21:30Z,-46.5216,28.3830,3
2026-08-01T20:19:37Z,-55.8591,170.3437,6
2026-08-01T04:44:15Z,-44.0583,112.4471,8
2026-08-01T23:15:04Z,-19.6079,73.0877,7
2026-08-01T08:48:47Z,23.4883,-104.0223,}
2026-08-01T13:24:07Z,3.1941,-140.4806,l
2026-08-01T18:12:24Z,38.6296,107.3480,7
2026-08-01T00:10:38Z,56.1231,-106.4667,f
2026-08-01T23:59:02Z,10.4839,-125.5895,8
2026-08-01T01:18:28Z,-39.3074,73.5923,4
2026-08-01T15:10:35Z,15.3702,-149.1239,o
2026-08-01T03:50:00Z,56.9500,-83.9733,9
2026-08-01T10:21:20Z,4.5387,93.9612,7
2026-08-01T13:17:29Z,49.1781,123.1338,3
2026-08-01T08:21:57Z,38.3126,137.3439,{
2026-08-01T12:55:55Z,4.4829,164.2498,9
2026-08-01T00:27:43Z,35.8127,-100.1824,0
2026-08-01T06:59:18Z,38.2077,26.2876,v
2026-08-01T10:18:46Z,28.5915,-134.9741,v
2026-08-01T16:37:59Z,40.2502,139.8988,a
2026-08-01T05:20:27Z,45.8484,-141.2585,e
2026-08-01T08:11:32Z,14.5653,116.3496,u
2026-08-01T19:34:35Z,53.9873,18.8477,o
2026-08-01T14:29:36Z,2.3898,15.4242,j
2026-08-01T09:07:53Z,-41.0814,-59.3068,}
2026-08-01T15:13:16Z,3.5387,-174.6249,a
2026-08-01T01:12:34Z,3.7566,126.9591,e
2026-08-01T10:40:00Z,16.1310,158.6573,e
2026-08-01T18:42:28Z,-42.9833,32.5557,{
2026-08-01T04:35:34Z,-51.4115,70.9644,t
2026-08-01T22:20:20Z,57.3696,-27.1286,h
2026-08-01T01:35:24Z,-39.1582,-133.5214,5
2026-08-01T10:06:40Z,-59.1067,-5.7438,0
2026-08-01T15:55:17Z,14.7973,4.7174,g
2026-08-01T18:51:36Z,-51.2944,-119.3541,c
2026-08-01T22:24:09Z,-31.0931,-146.0645,1
2026-08-01T17:12:57Z,-2.3521,-84.0461,j
2026-08-01T08:07:13Z,15.8684,85.6170,n
2026-08-01T21:28:45Z,-28.1656,-116.3080,g
2026-08-01T16:34:06Z,45.6840,118.0864,5
2026-08-01T10:21:25Z,-32.6265,176.3997,x
2026-08-01T22:13:12Z,-19.7802,-118.7702,i
2026-08-01T03:18:51Z,-21.0172,174.4462,8
2026-08-01T19:17:13Z,16.1404,-51.1368,u
2026-08-01T17:15:22Z,-15.5824,12.2647,9
2026-08-01T22:06:05Z,47.8923,155.1031,b
2026-08-01T14:40:41Z,11.4556,47.8678,_
2026-08-01T19:14:54Z,-42.7107,7.1171,j
2026-08-01T10:56:59Z,-53.3788,-8.0715,1
2026-08-01T22:51:30Z,50.6352,-7.1961,c
2026-08-01T00:36:10Z,-59.7588,142.4384,l
2026-08-01T12:22:47Z,-28.8770,-69.7236,_
2026-08-01T02:58:02Z,49.6637,167.8254,d
2026-08-01T02:26:14Z,-57.3018,105.9254,}
2026-08-01T13:45:09Z,-13.1924,-143.6018,{
2026-08-01T07:11:10Z,-2.1051,-124.1171,p
2026-08-01T21:24:26Z,30.2822,56.4448,h
2026-08-01T11:34:28Z,-56.0970,-132.1681,c
2026-08-01T04:20:33Z,-4.0363,2.7798,6
2026-08-01T02:42:20Z,-8.1461,26.4559,x
2026-08-01T18:49:09Z,-1.7046,-27.0981,n
2026-08-01T08:33:51Z,52.2727,-157.1162,{
2026-08-01T20:33:30Z,-41.0172,-113.1254,_
2026-08-01T16:47:04Z,9.2212,154.2636,z
2026-08-01T11:56:39Z,10.6193,-119.8202,9
2026-08-01T07:41:16Z,-49.7889,-1.4461,h
2026-08-01T18:27:36Z,-7.9397,136.6328,9
2026-08-01T10:20:26Z,-30.1828,-116.1645,z
2026-08-01T13:59:39Z,-36.0978,-68.0583,d
2026-08-01T04:49:22Z,-33.8913,138.7792,s
2026-08-01T23:42:06Z,-53.0522,-150.8990,p
2026-08-01T14:55:45Z,-27.7885,28.9205,f
2026-08-01T06:03:36Z,38.7821,-43.6570,2
2026-08-01T21:25:18Z,20.6516,64.7869,z
2026-08-01T17:49:29Z,58.2733,-1.9500,v
2026-08-01T12:14:49Z,-24.9868,-111.4130,w
2026-08-01T05:22:37Z,-6.3650,54.9128,s
2026-08-01T18:45:30Z,-14.1893,78.5160,h
2026-08-01T13:22:16Z,53.2434,-104.6625,7
2026-08-01T17:21:09Z,-46.6950,1.4233,u
2026-08-01T08:33:52Z,21.5518,153.3987,p
2026-08-01T02:09:43Z,10.3990,78.4205,5
2026-08-01T17:48:37Z,37.8984,-15.0202,4
2026-08-01T03:56:04Z,50.9352,-60.9112,{
2026-08-01T19:45:04Z,-51.8721,-20.5983,0
2026-08-01T23:21:39Z,-34.8555,97.6809,x
2026-08-01T03:21:05Z,-11.4895,170.5886,u
2026-08-01T00:16:55Z,-0.8426,-134.6789,p
2026-08-01T13:18:20Z,51.3432,135.9969,e
2026-08-01T21:28:44Z,-24.1985,66.0474,j
2026-08-01T04:34:26Z,32.1122,-107.9871,m
2026-08-01T13:28:27Z,35.5299,175.1283,2
2026-08-01T01:13:38Z,-32.8014,59.9043,8
2026-08-01T13:11:38Z,53.2809,96.5323,5
2026-08-01T07:31:10Z,-33.6075,-42.5991,z
2026-08-01T01:20:55Z,-10.1020,140.6394,v
2026-08-01T17:55:47Z,-37.4518,-151.3796,5
2026-08-01T06:38:22Z,14.7218,-109.3297,z
2026-08-01T06:47:35Z,30.3555,167.3867,2
2026-08-01T16:43:01Z,57.5823,-160.6829,4
2026-08-01T00:39:07Z,57.8301,-49.5605,y
2026-08-01T09:41:36Z,-3.3344,77.6777,9
2026-08-01T23:47:42Z,-23.7265,-140.9778,v
2026-08-01T15:48:23Z,-40.8808,-50.9379,x
2026-08-01T02:50:23Z,-36.7109,41.2696,s
2026-08-01T22:05:45Z,-38.6229,-152.4925,m
2026-08-01T09:28:22Z,-48.1643,45.8805,y
2026-08-01T14:39:42Z,-13.5656,-132.9781,3
2026-08-01T01:09:11Z,-20.9730,50.0047,_
2026-08-01T14:37:07Z,29.1096,35.5144,n
2026-08-01T13:42:06Z,-14.4384,161.9945,p
2026-08-01T21:22:47Z,6.1035,-145.8854,z
2026-08-01T02:14:41Z,-4.8183,91.4181,z
2026-08-01T08:44:00Z,42.4609,-116.4112,q
2026-08-01T21:56:59Z,-52.3022,172.4332,s
2026-08-01T12:36:22Z,-49.9781,-10.7597,b
2026-08-01T13:58:43Z,-47.0383,-103.7424,m
2026-08-01T18:22:13Z,8.8212,127.6182,4
2026-08-01T14:42:30Z,50.7311,-158.0496,d
2026-08-01T10:11:23Z,53.4249,-162.7267,n
2026-08-01T20:19:03Z,-46.1979,167.0002,e
2026-08-01T20:16:42Z,31.4822,73.6210,s
2026-08-01T11:50:38Z,43.8519,-176.0097,e
2026-08-01T21:17:27Z,41.0068,40.3997,h
2026-08-01T08:20:38Z,30.4629,137.0435,y
2026-08-01T14:44:30Z,39.7506,56.3247,q
2026-08-01T19:29:12Z,42.6127,-6.8039,h
2026-08-01T10:23:56Z,23.8011,-123.2178,v
2026-08-01T22:43:20Z,47.4521,-26.7307,w
2026-08-01T16:54:47Z,31.2018,140.6605,w
2026-08-01T11:41:26Z,42.3414,-64.0849,k
2026-08-01T20:38:25Z,47.0480,-136.3651,f
2026-08-01T23:12:52Z,-10.6187,69.3800,i
2026-08-01T15:49:26Z,-39.9377,-38.4406,t
2026-08-01T18:52:29Z,-36.3336,35.4561,4
2026-08-01T06:53:25Z,36.5605,-144.4943,u
2026-08-01T23:25:50Z,-46.5075,106.5710,{
2026-08-01T18:57:11Z,-45.4935,-99.9223,6
2026-08-01T13:35:45Z,-30.5046,-76.0245,e
2026-08-01T14:30:50Z,5.4212,25.6112,a
2026-08-01T23:08:29Z,3.8461,59.7265,s
2026-08-01T10:07:15Z,49.6545,-50.8330,a
2026-08-01T13:34:14Z,16.9232,-167.1034,j
2026-08-01T12:52:21Z,43.0563,-162.3205,_
2026-08-01T11:12:03Z,-50.2960,-65.1823,x
2026-08-01T07:29:32Z,6.3542,62.3040,_
2026-08-01T18:05:32Z,37.9973,-89.1704,k
2026-08-01T17:26:25Z,-59.8784,85.3435,8
2026-08-01T09:50:31Z,15.0374,101.5501,v
2026-08-01T15:40:18Z,-56.1899,-81.7328,k
2026-08-01T05:21:33Z,59.6511,-126.1592,}
2026-08-01T17:29:21Z,-16.3797,-53.6516,o
2026-08-01T07:40:53Z,27.4082,83.0121,u
2026-08-01T14:13:31Z,54.2655,-82.4976,z
2026-08-01T15:06:31Z,14.2734,-133.1034,2
2026-08-01T22:29:58Z,48.4964,122.0249,0
2026-08-01T01:33:16Z,-48.8226,155.3759,{
2026-08-01T16:43:27Z,24.3967,144.1575,z
2026-08-01T04:58:56Z,-19.7063,-18.7513,l
2026-08-01T16:35:52Z,32.2631,125.4881,t
2026-08-01T01:22:59Z,-32.1524,-34.9832,h
2026-08-01T04:14:11Z,-14.5629,-49.2263,w
2026-08-01T17:27:39Z,-35.9663,-55.7378,q
2026-08-01T13:11:43Z,46.4829,-63.3006,n
2026-08-01T08:06:06Z,-2.1346,107.1095,3
2026-08-01T05:52:41Z,-21.0012,-24.0846,n
2026-08-01T10:03:40Z,1.1971,179.2473,j
2026-08-01T15:01:49Z,39.3527,148.6610,d
2026-08-01T18:50:47Z,-53.1511,-125.8070,5
2026-08-01T18:47:56Z,-55.1840,-142.9731,i
2026-08-01T22:40:37Z,51.8659,-40.9678,x
2026-08-01T12:52:28Z,-0.2982,36.1176,v
2026-08-01T04:06:34Z,-43.2681,-4.5431,8
2026-08-01T00:09:22Z,-23.6493,-144.6559,c
2026-08-01T02:12:47Z,-4.2006,126.9448,7
2026-08-01T16:40:36Z,58.7328,-70.6639,1
2026-08-01T10:45:27Z,-48.2060,-73.7439,i
2026-08-01T20:53:21Z,23.9414,-73.7839,7
2026-08-01T02:30:53Z,17.2407,-4.4639,h
2026-08-01T17:52:57Z,49.5955,3.4913,9
2026-08-01T21:09:13Z,53.0155,-5.1340,n
2026-08-01T13:26:21Z,41.5882,172.6076,8
2026-08-01T06:44:01Z,33.7023,158.6738,8
2026-08-01T21:50:05Z,-33.3879,35.6028,1
2026-08-01T03:42:19Z,54.2431,-129.9237,o
2026-08-01T13:23:13Z,16.8756,-109.2433,s
2026-08-01T21:52:18Z,-49.1811,142.9558,v
2026-08-01T17:55:53Z,-33.3705,83.7813,j
2026-08-01T20:12:13Z,-42.1643,142.9149,2
2026-08-01T23:42:01Z,-44.9885,-25.3046,w
2026-08-01T10:54:58Z,-3.2277,-79.2925,n
2026-08-01T17:02:36Z,46.9966,-140.8732,w
2026-08-01T03:53:57Z,22.7500,129.7080,r
2026-08-01T07:57:59Z,-27.1334,89.6314,d
2026-08-01T05:46:47Z,5.0309,-33.3730,p
2026-08-01T16:34:06Z,-14.2391,179.4346,y
2026-08-01T14:46:28Z,-43.1444,-176.7090,q
2026-08-01T09:42:47Z,-0.6776,89.9831,l
2026-08-01T11:31:47Z,37.5556,91.9625,u
2026-08-01T00:08:37Z,-26.9773,-125.6743,j
2026-08-01T20:45:40Z,-53.5427,-128.9184,y
2026-08-01T12:44:56Z,-21.5411,170.7143,z
2026-08-01T20:00:09Z,-10.9238,-157.3262,x
2026-08-01T17:09:55Z,-57.1394,-139.8481,3
2026-08-01T07:16:38Z,18.8586,52.3147,j
2026-08-01T05:34:02Z,30.5335,-61.3223,e
2026-08-01T19:41:03Z,-30.0698,-130.9395,{
2026-08-01T12:30:04Z,-34.4930,-63.5649,u
2026-08-01T22:09:35Z,-33.0636,-129.5972,e
2026-08-01T23:14:51Z,45.6810,-131.4752,3
2026-08-01T02:57:41Z,-47.9783,74.8603,8
2026-08-01T23:22:32Z,-37.7807,52.3723,_
2026-08-01T10:55:05Z,4.2245,75.9752,8
2026-08-01T22:23:25Z,6.7733,-104.1255,8
2026-08-01T05:49:05Z,-48.0429,-119.8772,9
2026-08-01T09:01:50Z,12.5960,81.4659,c
2026-08-01T02:24:30Z,44.2314,-22.1403,l
2026-08-01T06:32:47Z,20.6654,-126.9293,2
2026-08-01T20:03:08Z,-5.9030,122.5263,o
2026-08-01T15:05:12Z,11.1620,-176.1204,_
2026-08-01T14:57:55Z,-47.3161,94.4028,w
2026-08-01T06:21:04Z,52.6324,-65.8557,c
2026-08-01T08:32:14Z,-58.0758,-149.5179,8
2026-08-01T17:25:28Z,-6.0548,10.5693,a
2026-08-01T23:42:21Z,-40.0339,-172.9770,k
2026-08-01T11:46:03Z,-56.3698,166.5963,d
2026-08-01T02:08:15Z,-39.0722,-168.3939,2
2026-08-01T21:04:46Z,48.8599,-31.1156,3
2026-08-01T21:09:43Z,49.7031,-3.6837,p
2026-08-01T14:53:34Z,47.8705,111.1171,2
2026-08-01T11:36:28Z,-1.5108,-115.7311,j
2026-08-01T16:53:39Z,40.1295,-107.4059,k
2026-08-01T09:44:09Z,-7.5508,85.6656,m
2026-08-01T15:21:41Z,-26.1134,-164.6302,r
2026-08-01T12:18:13Z,-39.0305,-99.8198,t
2026-08-01T02:20:22Z,46.2294,-30.2361,x
2026-08-01T05:18:12Z,49.5742,-143.7652,v
2026-08-01T18:24:50Z,2.1363,133.4416,l
2026-08-01T23:37:30Z,-40.8949,86.9302,p
2026-08-01T23:56:39Z,32.8256,-118.3628,e
2026-08-01T14:13:50Z,26.8948,-110.7470,j
2026-08-01T13:44:48Z,-19.0990,-151.1050,{
2026-08-01T22:18:15Z,-14.2203,-120.4382,y
2026-08-01T02:38:58Z,-4.8128,12.6003,5
2026-08-01T18:40:41Z,46.1165,118.4170,7
2026-08-01T13:39:25Z,36.7898,-113.0437,7
2026-08-01T15:14:47Z,-17.7488,-8.2106,n
2026-08-01T12:40:47Z,-40.5740,13.2734,6
2026-08-01T09:13:32Z,-41.7620,-40.7346,4
2026-08-01T16:14:17Z,30.5868,22.0669,e
2026-08-01T18:23:54Z,-27.3153,-114.4419,f
2026-08-01T14:24:35Z,-38.8025,-9.5699,j
2026-08-01T13:38:43Z,5.3551,-161.2257,r
2026-08-01T05:37:02Z,-10.9435,144.2271,7
2026-08-01T18:06:41Z,2.5593,82.3041,8
2026-08-01T08:21:03Z,40.4494,138.3408,s
2026-08-01T14:55:45Z,54.3063,124.5795,b
2026-08-01T04:00:57Z,36.5431,-34.4809,k
2026-08-01T00:50:29Z,57.4107,27.1662,2
2026-08-01T17:15:26Z,-53.0651,-100.2473,o
2026-08-01T13:25:39Z,39.6776,166.8142,}
2026-08-01T03:56:11Z,-30.5926,84.2275,f
2026-08-01T16:13:14Z,-30.6292,-73.6748,q
2026-08-01T11:07:55Z,-30.3703,45.1777,5
2026-08-01T03:33:31Z,21.8042,-166.3150,u
2026-08-01T03:04:56Z,31.8285,-118.7118,2
2026-08-01T23:51:42Z,-7.5981,-113.4716,y
2026-08-01T20:32:26Z,-2.9530,83.4105,m
2026-08-01T16:33:35Z,38.9610,118.8020,5
2026-08-01T04:17:21Z,-13.9790,-0.1876,a
2026-08-01T23:55:29Z,-12.0729,64.8702,j
2026-08-01T11:05:52Z,32.9723,-74.8442,8
2026-08-01T21:37:49Z,-5.0713,94.2312,c
2026-08-01T05:28:11Z,54.0128,163.0351,w
2026-08-01T10:41:47Z,33.7447,-99.4338,e
2026-08-01T17:06:34Z,53.2690,100.1481,7
2026-08-01T17:41:43Z,12.9035,-28.0476,l
2026-08-01T22:49:36Z,47.5344,3.5511,9
2026-08-01T22:58:08Z,25.5837,30.9037,o
2026-08-01T02:25:13Z,-50.0262,64.0377,w
2026-08-01T04:44:48Z,-37.5509,120.3114,d
2026-08-01T04:46:38Z,-40.5427,125.6600,b
2026-08-01T10:48:15Z,-9.3283,104.2934,1
2026-08-01T10:37:38Z,-16.4545,-91.6508,k
2026-08-01T01:03:59Z,-38.3744,80.4948,i
2026-08-01T08:44:31Z,-54.8608,-97.2246,w
2026-08-01T19:17:13Z,-51.9837,57.0901,p
2026-08-01T09:55:13Z,33.2275,103.0617,d
2026-08-01T11:23:20Z,-41.5144,63.9679,9
2026-08-01T22:01:16Z,-45.6634,-173.4104,r
2026-08-01T00:49:11Z,55.8447,-106.3876,m
2026-08-01T14:58:09Z,-13.1219,-161.5715,a
2026-08-01T14:44:28Z,46.1886,60.7550,d
2026-08-01T07:44:51Z,-47.9185,27.6076,q
2026-08-01T03:15:58Z,-31.2286,160.0723,h
2026-08-01T19:36:21Z,55.1981,28.8574,s
2026-08-01T03:59:17Z,41.1223,-40.6822,8
2026-08-01T03:29:25Z,6.5008,-173.6120,v
2026-08-01T01:44:11Z,19.0934,152.7285,4
2026-08-01T07:57:51Z,-31.9445,80.9287,l
2026-08-01T07:03:36Z,-13.3529,119.5836,7
2026-08-01T11:20:56Z,4.4746,72.1538,4
2026-08-01T01:16:23Z,48.5976,60.6734,m
2026-08-01T01:30:26Z,-47.7775,142.9174,6
2026-08-01T00:20:56Z,19.7961,-118.5426,l
2026-08-01T11:19:38Z,2.2076,66.5868,m
2026-08-01T23:33:09Z,-60.4449,154.8288,m
2026-08-01T14:43:35Z,17.2503,-126.8645,0
2026-08-01T02:25:38Z,-6.6031,-106.8816,b
2026-08-01T13:00:35Z,-0.2211,67.5975,i
2026-08-01T08:48:20Z,16.7783,-105.0551,2
2026-08-01T23:36:26Z,-52.6144,169.3548,}
2026-08-01T13:49:07Z,29.3855,-102.9517,a
2026-08-01T22:02:25Z,-43.0758,-158.3239,e
2026-08-01T15:51:48Z,-29.9886,-35.3391,l
2026-08-01T14:29:37Z,14.4333,16.9217,9
2026-08-01T09:46:38Z,40.2554,28.0091,1
2026-08-01T05:31:15Z,2.1751,37.7732,k
2026-08-01T17:59:11Z,8.8715,-169.7895,h
2026-08-01T20:35:11Z,-32.4788,-108.9203,d
2026-08-01T17:58:25Z,-7.4064,93.6015,n
2026-08-01T07:02:18Z,9.1691,-12.8882,h
2026-08-01T14:02:26Z,47.7569,-117.1718,i
2026-08-01T15:46:25Z,25.7251,-145.6890,x
2026-08-01T15:29:23Z,-42.3575,-134.5416,8
2026-08-01T18:08:08Z,44.0693,61.7148,z
2026-08-01T11:00:57Z,-47.8699,12.3257,}
2026-08-01T21:15:02Z,47.9436,29.4633,u
2026-08-01T15:31:18Z,-51.2963,-141.0470,v
2026-08-01T01:32:27Z,-20.6938,0.9681,g
2026-08-01T13:22:24Z,46.2758,159.8320,v
2026-08-01T23:43:33Z,-41.8214,136.2581,1
2026-08-01T16:17:03Z,-3.5983,21.9717,a
2026-08-01T14:23:16Z,-23.9596,-64.5162,6
2026-08-01T07:16:20Z,1.2429,-115.1839,z
2026-08-01T13:15:52Z,55.3037,114.8027,l
2026-08-01T08:41:41Z,43.4096,-125.6326,p
2026-08-01T22:00:51Z,-50.1330,-176.5401,2
2026-08-01T04:45:12Z,8.1279,173.4511,k
2026-08-01T18:26:32Z,-1.5719,141.9403,1
2026-08-01T00:50:36Z,30.3799,12.0922,d
2026-08-01T11:32:39Z,39.8607,99.9694,m
2026-08-01T16:03:11Z,27.3195,-46.1707,t
2026-08-01T22:22:46Z,5.8030,-104.3937,y
2026-08-01T08:48:39Z,-11.9435,-90.9717,{
2026-08-01T07:08:05Z,36.0067,-91.4399,1
2026-08-01T20:15:01Z,-39.8963,34.2288,6
2026-08-01T08:07:18Z,-12.6461,99.8820,_
2026-08-01T17:57:21Z,-31.2869,-166.2447,i
2026-08-01T08:52:07Z,11.7939,-99.3338,1
2026-08-01T08:35:14Z,9.1306,-110.9615,a
2026-08-01T20:45:53Z,-32.2884,-94.7519,b
2026-08-01T18:35:47Z,-29.6077,157.2193,l
2026-08-01T22:43:57Z,59.1119,-30.4740,2
2026-08-01T05:49:36Z,-22.9248,136.9854,{
2026-08-01T07:48:30Z,41.7703,159.2252,p
2026-08-01T03:22:22Z,-4.3438,177.1221,e
2026-08-01T04:51:17Z,-21.9926,132.0983,k
2026-08-01T02:02:22Z,-33.6125,140.0305,6
2026-08-01T21:34:52Z,-9.5211,80.6133,x
2026-08-01T18:40:07Z,-46.6675,172.1001,l
2026-08-01T14:45:05Z,39.6282,62.7175,u
2026-08-01T08:41:07Z,44.1007,-121.1931,z
2026-08-01T03:53:38Z,44.9349,-71.0185,i
2026-08-01T21:23:22Z,22.3859,59.9617,7
2026-08-01T11:17:02Z,-1.9545,51.0867,8
2026-08-01T08:35:37Z,48.6975,-157.0178,}
2026-08-01T19:41:20Z,24.9693,-56.0557,7
2026-08-01T06:28:17Z,31.8059,-129.9775,6
2026-08-01T23:18:02Z,-33.0860,79.8584,v
2026-08-01T21:22:45Z,6.0367,-90.1147,s
2026-08-01T15:25:51Z,-35.3194,-158.8049,z
2026-08-01T07:42:55Z,57.4942,60.5721,6
2026-08-01T09:55:13Z,43.6159,-97.1584,t
2026-08-01T17:32:38Z,-8.5718,-50.1838,c
2026-08-01T03:01:25Z,49.3954,-80.9138,f
2026-08-01T17:59:25Z,32.0877,48.3949,2
2026-08-01T16:55:17Z,-18.5439,176.1101,y
2026-08-01T00:47:22Z,-50.3584,-12.9552,_
2026-08-01T09:17:40Z,-45.5331,-11.7141,t
2026-08-01T14:04:24Z,-33.2686,136.0589,d
2026-08-01T12:29:30Z,-59.1446,69.3696,y
2026-08-01T15:24:27Z,-24.0757,-166.5112,a
2026-08-01T04:07:17Z,10.4271,-24.5184,k
2026-08-01T12:01:13Z,27.0171,41.6523,d
2026-08-01T00:58:39Z,17.8216,27.7106,_
2026-08-01T12:29:09Z,-49.8147,-46.1354,c
2026-08-01T01:37:51Z,-25.8028,134.6087,1
2026-08-01T16:01:59Z,-6.7536,-14.1530,o
2026-08-01T16:29:39Z,47.8684,94.9541,i
2026-08-01T16:39:40Z,28.8286,133.1923,p
2026-08-01T03:53:59Z,59.5323,-66.9036,b
2026-08-01T06:29:45Z,-13.1833,125.9964,h
2026-08-01T15:47:24Z,-41.9292,-59.1181,c
2026-08-01T01:03:15Z,-42.1138,-60.9469,i
2026-08-01T16:57:55Z,34.6915,173.0933,v
2026-08-01T02:05:23Z,35.1879,96.4464,n
2026-08-01T15:41:20Z,43.6168,-159.0261,9
2026-08-01T06:44:46Z,-12.6644,82.2404,q
2026-08-01T03:53:43Z,-34.2718,-127.6590,o
2026-08-01T12:04:27Z,17.4681,8.5193,q
2026-08-01T22:25:57Z,14.5576,-96.4251,v
2026-08-01T11:16:37Z,4.5029,175.5156,2
2026-08-01T20:04:40Z,39.2862,24.7079,7
2026-08-01T03:48:18Z,54.6285,-90.1400,y
2026-08-01T14:50:10Z,60.7019,86.8651,r
2026-08-01T09:09:01Z,-0.2671,-50.4662,0
2026-08-01T11:57:15Z,38.8278,12.5537,_
2026-08-01T04:25:18Z,-34.0624,14.7097,3
2026-08-01T17:46:44Z,6.1309,-97.8842,j
2026-08-01T01:30:48Z,-46.5166,145.7763,i
2026-08-01T00:47:08Z,22.4743,114.6900,0
2026-08-01T21:17:16Z,42.0699,41.2825,v
2026-08-01T20:18:54Z,50.4443,-170.4284,6
2026-08-01T00:45:55Z,-4.2190,-39.7427,_
2026-08-01T22:25:37Z,11.4964,-96.8330,0
2026-08-01T02:49:16Z,-57.2319,-98.1377,u
2026-08-01T06:03:38Z,-43.5167,15.4607,k
2026-08-01T16:46:32Z,6.3145,155.2500,8
2026-08-01T13:33:05Z,39.6335,69.8955,n
2026-08-01T00:58:08Z,-39.8154,114.0941,j
2026-08-01T16:48:44Z,52.4388,-130.4876,c
2026-08-01T10:58:31Z,-58.9588,-46.6067,i
2026-08-01T16:57:17Z,-27.1583,177.9776,9
2026-08-01T16:07:20Z,31.5949,-156.5313,r
2026-08-01T19:08:09Z,-33.1845,114.8277,0
2026-08-01T04:45:46Z,-57.6109,102.3679,v
2026-08-01T06:11:48Z,49.0733,-170.3355,u
2026-08-01T08:12:17Z,14.0253,-148.9239,q
2026-08-01T07:09:12Z,35.7924,-85.4606,q
2026-08-01T23:30:47Z,-52.5613,141.7251,i
2026-08-01T10:19:46Z,31.2214,-134.7267,8
2026-08-01T19:15:56Z,-6.0771,-25.8082,o
2026-08-01T17:57:43Z,48.8954,31.3635,6
2026-08-01T20:46:42Z,-4.1401,-83.3755,2
2026-08-01T19:11:19Z,-2.0467,-59.6142,a
2026-08-01T02:10:12Z,-22.2882,132.3791,a
2026-08-01T00:19:06Z,3.7548,-121.9026,p
2026-08-01T00:03:36Z,-36.1131,-159.0100,i
2026-08-01T13:23:09Z,23.9469,-132.7427,q
2026-08-01T07:48:28Z,5.5642,-125.2213,0
2026-08-01T03:40:42Z,48.9795,-132.0363,v
2026-08-01T19:21:37Z,35.2761,142.8097,a
2026-08-01T13:46:51Z,12.6462,49.7391,2
2026-08-01T03:21:16Z,-15.8998,168.5569,y
2026-08-01T00:52:45Z,36.9842,8.6075,q
2026-08-01T06:24:59Z,-27.0070,107.9992,2
2026-08-01T11:01:52Z,-6.9654,-111.6675,e
2026-08-01T11:28:45Z,-58.8672,-8.4633,2
2026-08-01T11:06:21Z,44.0358,-116.4608,v
2026-08-01T23:44:37Z,-27.3468,14.8744,g
2026-08-01T08:41:59Z,-2.9582,166.3127,h
2026-08-01T00:05:35Z,-25.5465,-152.7059,u
2026-08-01T02:52:19Z,-43.3793,52.0018,b
2026-08-01T12:29:15Z,40.9068,-78.4983,}
2026-08-01T04:14:19Z,4.3145,-24.6883,k
2026-08-01T08:42:49Z,32.0159,-116.2500,k
2026-08-01T15:35:48Z,32.7902,-102.8761,8
2026-08-01T12:37:56Z,-39.4208,4.0139,1
2026-08-01T22:46:29Z,29.9712,107.5584,9
2026-08-01T11:21:15Z,5.2675,74.6080,5
2026-08-01T23:35:47Z,-57.5588,164.9158,r
2026-08-01T23:42:03Z,-42.6545,-162.9106,y
2026-08-01T16:25:03Z,53.1964,73.2937,o
2026-08-01T04:17:53Z,-21.9999,1.1342,_
2026-08-01T08:39:44Z,45.7908,-127.2500,s
2026-08-01T02:19:52Z,55.5070,-38.1619,z
2026-08-01T15:05:52Z,55.9225,-85.1615,1
2026-08-01T21:21:11Z,-23.1696,-172.1753,x
2026-08-01T14:25:25Z,-7.3528,2.6971,n
2026-08-01T14:10:06Z,-46.6964,-44.6749,1
2026-08-01T21:26:56Z,25.6259,64.2582,j
2026-08-01T21:00:33Z,-29.5503,-89.2655,_
2026-08-01T15:07:07Z,23.8942,157.5403,p
2026-08-01T14:27:43Z,-5.9934,6.7594,j
2026-08-01T18:51:59Z,50.6965,-75.1350,x
2026-08-01T05:34:51Z,40.8416,74.8822,4
2026-08-01T02:13:49Z,55.4771,-78.1010,3
2026-08-01T03:37:22Z,36.5598,-151.7035,e
2026-08-01T20:52:40Z,-33.8011,-20.2071,t
2026-08-01T09:54:44Z,-14.5759,-23.6746,{
2026-08-01T10:03:03Z,28.1525,101.2211,1
2026-08-01T20:34:47Z,12.3926,124.5552,b
2026-08-01T03:05:19Z,-51.1290,112.3001,0
2026-08-01T16:10:41Z,23.7498,12.0800,g
2026-08-01T00:21:46Z,30.8999,-88.4126,m
2026-08-01T08:30:48Z,56.3946,175.6828,a
2026-08-01T06:10:22Z,-45.1883,45.7132,5
2026-08-01T07:31:42Z,-44.4321,-155.4129,}
2026-08-01T05:47:33Z,-0.2083,-32.0932,i
2026-08-01T00:33:01Z,39.9538,-78.1664,y
2026-08-01T08:37:45Z,45.2503,-132.8951,z
2026-08-01T06:50:06Z,-30.9936,119.7865,7
2026-08-01T06:46:47Z,38.2275,164.3916,n
2026-08-01T10:28:37Z,-56.8757,-124.5263,y
2026-08-01T17:29:23Z,57.7409,-116.8064,9
2026-08-01T08:55:50Z,1.9322,-88.6112,k
2026-08-01T06:18:00Z,-39.9456,91.0285,2
2026-08-01T04:09:00Z,-26.6148,123.9670,9
2026-08-01T01:34:52Z,49.1841,-113.9889,a
2026-08-01T23:09:28Z,18.8420,152.2148,b
2026-08-01T00:19:42Z,-8.8030,116.8836,7
2026-08-01T01:21:53Z,-44.9796,96.5020,1
2026-08-01T17:03:28Z,-42.6897,-167.6981,x
2026-08-01T14:47:21Z,40.2681,133.6345,o
2026-08-01T05:30:11Z,47.4965,-111.5228,9
2026-08-01T07:21:09Z,17.7130,125.5624,z
2026-08-01T11:05:35Z,-35.1023,31.9846,9
2026-08-01T12:00:05Z,16.6260,-140.8494,u
2026-08-01T14:34:59Z,25.8275,35.8963,c
2026-08-01T21:40:42Z,28.5065,-130.7319,t
2026-08-01T18:59:46Z,55.9707,58.7653,6
2026-08-01T15:49:08Z,10.1542,-155.2009,2
2026-08-01T05:06:58Z,22.4977,164.8239,l
2026-08-01T14:36:23Z,-25.1097,175.2432,{
2026-08-01T01:36:37Z,-52.4733,-152.6470,a
2026-08-01T09:50:37Z,19.7283,106.5779,x
2026-08-01T11:43:54Z,53.3884,147.8840,2
2026-08-01T16:01:52Z,-1.1600,-10.0909,b
2026-08-01T20:48:53Z,10.2066,27.3385,k
2026-08-01T16:26:41Z,-37.6481,22.9449,2
2026-08-01T10:08:05Z,0.9073,79.7885,q
2026-08-01T03:23:09Z,2.3396,-166.1274,w
2026-08-01T09:02:47Z,-20.5946,-70.7706,w
2026-08-01T14:50:40Z,52.9747,94.2275,g
2026-08-01T16:48:31Z,2.9513,111.1531,h
2026-08-01T18:23:46Z,2.0625,123.4110,m
2026-08-01T14:44:37Z,49.7819,62.7784,k
2026-08-01T00:12:28Z,6.2933,-63.3175,i
2026-08-01T01:00:50Z,0.1667,31.3905,m
2026-08-01T12:25:49Z,-56.5335,-70.9946,g
2026-08-01T15:48:52Z,-25.6427,78.7697,o
2026-08-01T20:16:17Z,33.4764,80.7753,c
2026-08-01T04:06:20Z,39.8753,68.8909,u
2026-08-01T07:58:31Z,-26.6781,84.1707,i
2026-08-01T09:04:41Z,-22.3139,-71.6944,r
2026-08-01T13:40:57Z,-1.1437,-161.0544,c
2026-08-01T08:40:00Z,45.8641,-124.5427,{
2026-08-01T07:54:42Z,-47.4725,69.2991,e
2026-08-01T15:33:20Z,26.8876,-166.5888,b
2026-08-01T13:38:46Z,3.5209,-158.1047,q
2026-08-01T03:09:18Z,-45.4971,-111.1637,0
2026-08-01T19:54:40Z,17.5604,95.6210,n
2026-08-01T07:53:48Z,-10.7873,-66.9748,y
2026-08-01T15:24:35Z,13.2590,-16.9863,0
2026-08-01T21:25:34Z,-49.7692,125.2398,y
2026-08-01T21:50:43Z,-51.9770,-106.0971,z
2026-08-01T07:56:31Z,1.4599,125.7161,8
2026-08-01T19:29:39Z,1.3349,71.3655,m
2026-08-01T00:23:51Z,-47.5787,121.9770,r
2026-08-01T11:24:03Z,17.3285,73.5633,v
2026-08-01T21:33:18Z,3.5594,85.1938,x
2026-08-01T00:02:20Z,-46.2980,-160.0903,v
2026-08-01T14:00:37Z,-54.7505,-99.6405,{
2026-08-01T05:51:47Z,-20.5543,-24.0248,n
2026-08-01T20:12:38Z,-6.4788,171.9248,}
2026-08-01T07:43:44Z,1.7363,91.3999,z
2026-08-01T22:49:24Z,44.9633,-7.4597,a
2026-08-01T08:46:59Z,24.2581,-104.9658,a
2026-08-01T18:54:33Z,17.0436,151.1470,6
2026-08-01T16:25:26Z,50.6899,68.3669,c
2026-08-01T16:38:18Z,7.8122,171.7619,t
2026-08-01T03:11:50Z,-20.9876,-94.6816,5
2026-08-01T17:05:32Z,-45.7703,-159.7290,l
2026-08-01T14:57:06Z,50.1197,128.3935,p
2026-08-01T18:27:06Z,-7.9277,139.0130,g
2026-08-01T12:45:10Z,-18.3887,-24.5038,}
2026-08-01T23:47:00Z,-29.4793,-153.1076,_
2026-08-01T04:28:02Z,-19.7119,-28.5603,1
2026-08-01T03:52:26Z,-58.0012,148.6217,4
2026-08-01T02:19:39Z,52.2921,17.9537,2
2026-08-01T10:46:32Z,-47.0905,-65.2715,3
2026-08-01T05:48:16Z,-2.0161,175.5015,8
2026-08-01T13:10:53Z,42.7520,87.2520,j
2026-08-01T06:51:02Z,41.8356,-179.8048,o
2026-08-01T08:06:54Z,-4.1414,10.1706,g
2026-08-01T03:39:21Z,33.2046,-143.7676,m
2026-08-01T03:45:42Z,-37.3015,-150.7336,z
2026-08-01T08:45:21Z,-13.2808,95.8715,7
2026-08-01T03:25:44Z,-49.8649,54.3297,5
2026-08-01T15:12:09Z,10.9653,174.3292,6
2026-08-01T15:00:42Z,37.9094,139.4496,3
2026-08-01T15:05:52Z,23.0458,162.1879,3
2026-08-01T00:11:27Z,-7.0778,-140.4530,z
2026-08-01T02:40:23Z,-24.5005,-119.3619,e
2026-08-01T10:52:03Z,32.8803,-109.3668,0
2026-08-01T19:07:32Z,-12.2175,-63.6420,v
2026-08-01T02:18:38Z,52.2126,-44.2001,x
2026-08-01T17:41:36Z,14.1353,-24.8281,}
2026-08-01T18:52:43Z,-55.1035,-113.8564,8
2026-08-01T10:36:21Z,-36.0375,8.3912,0
2026-08-01T04:10:06Z,2.8961,-55.8827,l
2026-08-01T10:40:38Z,-29.4511,-84.6059,v
2026-08-01T07:33:19Z,-24.9494,40.3401,b
2026-08-01T00:49:17Z,34.4784,-0.3212,u
2026-08-01T02:57:28Z,-44.7425,68.1086,g
2026-08-01T21:52:42Z,-44.9029,141.9492,0
2026-08-01T12:44:15Z,-28.1542,10.4427,{
2026-08-01T07:53:29Z,-34.5447,44.3088,0
2026-08-01T00:44:31Z,40.4878,-18.4266,2
2026-08-01T01:26:58Z,16.6909,102.4233,h
2026-08-01T13:24:34Z,-16.9827,-146.9937,l
2026-08-01T16:37:22Z,-35.1502,-121.2291,z
2026-08-01T22:35:21Z,-23.5848,102.6683,r
2026-08-01T22:43:27Z,54.3834,-33.8912,q
2026-08-01T03:13:32Z,25.6789,8.1830,t
2026-08-01T16:06:25Z,12.5703,0.4775,p
2026-08-01T11:41:22Z,55.6993,144.3516,3
2026-08-01T12:29:34Z,15.5664,81.9070,l
2026-08-01T18:58:54Z,-39.4230,-89.2218,j
2026-08-01T12:32:55Z,-19.7895,159.0394,8
2026-08-01T19:30:55Z,45.2494,-4.2133,2
2026-08-01T17:30:43Z,-24.0960,-50.0442,p
2026-08-01T21:18:43Z,35.5594,41.8263,3
2026-08-01T12:29:26Z,59.5619,47.8513,z
2026-08-01T10:16:26Z,-21.7227,-74.4484,p
2026-08-01T11:31:52Z,39.3031,97.8218,h
2026-08-01T09:29:07Z,-40.9686,49.0585,g
2026-08-01T10:27:42Z,16.2347,-110.3869,d
2026-08-01T02:42:08Z,-37.0489,10.1373,r
2026-08-01T03:16:25Z,-3.7974,-160.8351,z
2026-08-01T19:17:59Z,50.8990,172.6089,f
2026-08-01T17:30:01Z,35.7502,-106.0496,n
2026-08-01T09:54:02Z,26.2798,-113.5449,b
2026-08-01T01:32:17Z,23.3706,168.7172,e
2026-08-01T08:52:41Z,49.3449,-137.8150,0
2026-08-01T15:08:26Z,21.1155,169.5640,l
2026-08-01T17:36:45Z,-8.5014,-41.1953,d
2026-08-01T02:21:18Z,-4.9729,-152.0713,n
2026-08-01T16:12:53Z,39.7242,179.5092,{
2026-08-01T18:26:10Z,-52.5178,-91.5926,i
2026-08-01T08:17:08Z,-6.1557,10.1429,1
2026-08-01T00:56:01Z,-24.2161,135.7407,w
2026-08-01T03:05:47Z,-50.6943,129.1753,6
2026-08-01T08:08:00Z,-2.8439,99.3473,h
2026-08-01T08:05:32Z,-11.0469,100.4980,e
2026-08-01T17:32:56Z,28.8769,-103.3104,g
2026-08-01T12:13:21Z,2.6745,99.1285,z
2026-08-01T04:27:36Z,-36.6060,-67.8699,x
2026-08-01T07:34:37Z,46.1255,99.8816,q
2026-08-01T11:57:57Z,-5.5729,138.8287,2
2026-08-01T02:39:55Z,-30.4723,-73.1814,{
2026-08-01T10:02:29Z,47.9248,139.9064,3
2026-08-01T03:45:30Z,-13.2783,-175.4377,y
2026-08-01T20:36:04Z,-29.3070,23.9162,6
2026-08-01T22:50:41Z,43.1170,164.2412,6
2026-08-01T14:15:57Z,26.2382,-159.1727,t
2026-08-01T15:15:09Z,-1.0371,-177.9476,1
2026-08-01T04:34:15Z,-53.4472,61.3336,2
2026-08-01T23:18:56Z,30.0026,66.2303,1
2026-08-01T16:00:49Z,-9.8448,-52.8591,d
2026-08-01T16:06:54Z,28.7529,143.9717,w
2026-08-01T03:21:38Z,-4.8833,176.9991,_
2026-08-01T18:39:08Z,-43.2784,167.8678,k
2026-08-01T08:15:14Z,19.6665,126.1861,m
2026-08-01T17:59:35Z,-28.2533,-130.2399,a
2026-08-01T12:10:34Z,-17.7203,-119.6140,_
2026-08-01T01:44:08Z,-50.4924,-86.5045,g
2026-08-01T13:47:08Z,-23.8726,81.5011,n
2026-08-01T21:58:33Z,54.8597,-84.1901,a
2026-08-01T14:30:34Z,-28.5985,76.6985,m
2026-08-01T04:00:09Z,-42.7829,-64.8151,}
2026-08-01T08:37:24Z,50.2471,-138.4698,2
2026-08-01T17:23:36Z,9.1281,158.4136,{
2026-08-01T21:13:11Z,43.9716,22.4143,u
2026-08-01T01:36:08Z,-52.1677,130.6877,9
2026-08-01T19:53:21Z,18.8582,92.4923,l
2026-08-01T20:21:22Z,-43.5923,171.2856,j
2026-08-01T06:58:41Z,-58.2702,83.4063,2
2026-08-01T08:49:22Z,16.8751,-103.6803,s
2026-08-01T21:10:06Z,-44.8943,88.6129,c
2026-08-01T03:49:31Z,53.0728,-95.0332,j
2026-08-01T07:24:00Z,-1.6999,1.5763,e
2026-08-01T17:23:51Z,-38.1978,-73.1130,n
2026-08-01T04:36:00Z,36.0276,-132.1120,3
2026-08-01T03:50:46Z,46.4430,-77.6899,y
2026-08-01T14:00:15Z,-45.7674,-97.9017,}
2026-08-01T20:52:01Z,15.7925,-74.5215,c
2026-08-01T17:07:49Z,-56.0509,-149.9746,4
2026-08-01T18:42:27Z,-29.5352,152.0232,7
2026-08-01T10:28:18Z,-21.0685,164.4722,8
2026-08-01T22:23:28Z,34.9319,111.1908,p
2026-08-01T02:50:09Z,-0.1111,98.0313,9
2026-08-01T01:44:25Z,-17.6586,-165.4482,p
2026-08-01T22:21:36Z,-0.9751,-105.5271,h
2026-08-01T18:04:06Z,32.2258,-105.3939,u
2026-08-01T01:54:56Z,42.5673,-8.3383,5
2026-08-01T02:54:14Z,-39.8927,64.6826,j
2026-08-01T07:04:15Z,-45.5938,-155.8344,d
2026-08-01T06:56:28Z,50.3076,-150.7626,6
2026-08-01T16:10:52Z,22.4692,7.9751,9
2026-08-01T08:23:53Z,41.0695,149.5367,1
2026-08-01T01:38:02Z,-11.3732,113.2878,0
2026-08-01T00:47:13Z,-6.2640,121.1118,m
2026-08-01T19:31:36Z,55.1958,4.0975,l
2026-08-01T02:32:30Z,14.2611,-5.3490,j
2026-08-01T05:02:32Z,31.9044,-7.6512,z
2026-08-01T18:14:15Z,34.2227,111.8581,8
2026-08-01T17:49:55Z,4.7395,80.7276,t
2026-08-01T02:13:10Z,52.4544,-78.2438,q
2026-08-01T07:21:14Z,-30.5478,-154.9628,c
2026-08-01T19:14:19Z,14.8146,-59.2049,w
2026-08-01T11:40:42Z,52.5219,137.7449,t
2026-08-01T05:10:02Z,30.0184,-176.6022,1
2026-08-01T14:04:13Z,-58.5613,-74.0596,5
2026-08-01T16:01:47Z,-0.8674,-10.6681,z
2026-08-01T07:43:50Z,-56.8996,11.4556,n
2026-08-01T18:11:14Z,44.6830,96.4783,c
2026-08-01T21:01:03Z,10.2247,75.4319,}
2026-08-01T11:52:58Z,-30.6578,151.9769,h
2026-08-01T03:44:48Z,-40.2442,-0.7906,s
2026-08-01T09:43:44Z,45.1383,-32.0851,5
2026-08-01T03:21:03Z,-9.3689,179.8389,c
2026-08-01T03:15:47Z,-11.8556,84.5179,g
2026-08-01T15:29:54Z,-54.3186,163.5418,6
2026-08-01T11:14:40Z,-31.8335,69.3969,b
2026-08-01T10:24:34Z,14.5349,-119.8951,}
2026-08-01T08:59:56Z,-10.0746,-75.3433,j
2026-08-01T19:04:27Z,-22.0622,-78.7227,x
2026-08-01T04:50:05Z,22.5474,37.8895,j
2026-08-01T06:40:16Z,32.5747,97.9304,b
2026-08-01T03:50:58Z,53.0999,-81.2036,w
2026-08-01T06:02:55Z,-45.1290,1.5138,g
2026-08-01T04:10:36Z,29.5844,8.3713,x
2026-08-01T19:05:42Z,-19.7754,-73.1606,a
2026-08-01T23:16:35Z,38.3982,-80.1705,g
2026-08-01T18:06:21Z,51.8207,74.5939,z
2026-08-01T00:00:11Z,-51.2519,-173.7646,3
2026-08-01T07:37:54Z,-44.0385,-14.1482,9
2026-08-01T07:00:00Z,46.0938,-134.3451,v
2026-08-01T08:58:47Z,48.5428,171.0439,6
2026-08-01T20:30:33Z,-46.6286,-123.5688,7
2026-08-01T02:47:02Z,-30.8413,39.7299,b
2026-08-01T17:29:38Z,-18.0098,-57.0000,9
2026-08-01T03:41:33Z,59.5714,166.4434,}
2026-08-01T12:26:22Z,-43.5458,-65.6103,r
2026-08-01T19:17:31Z,-0.4586,-91.2417,_
2026-08-01T17:23:48Z,-38.6139,-75.0014,5
2026-08-01T18:17:49Z,20.4495,117.7194,3
2026-08-01T17:25:53Z,-47.3315,84.1043,j
2026-08-01T18:47:55Z,54.6010,116.7954,d
2026-08-01T13:26:54Z,38.4646,172.7950,j
2026-08-01T03:34:00Z,-26.7421,145.9315,e
2026-08-01T05:05:14Z,-1.9058,143.4318,e
2026-08-01T22:10:19Z,30.8482,8.1866,u
2026-08-01T02:28:40Z,31.5325,-4.3932,n
2026-08-01T23:15:53Z,-21.9654,71.0541,o
2026-08-01T05:08:36Z,-9.1837,-124.9564,n
2026-08-01T05:23:53Z,-33.9695,1.8341,y
2026-08-01T18:27:09Z,23.7857,-150.8048,4
2026-08-01T09:44:25Z,37.4903,41.5582,z
2026-08-01T10:02:15Z,21.0068,-135.3929,6
2026-08-01T13:08:47Z,36.3038,82.8062,h
2026-08-01T00:21:14Z,26.2214,-108.7205,p
2026-08-01T13:16:04Z,56.4618,110.8816,k
2026-08-01T14:14:34Z,-21.4020,-128.8670,6
2026-08-01T04:41:09Z,-49.0929,103.7877,g
2026-08-01T00:43:17Z,2.4658,78.8101,4
2026-08-01T22:16:13Z,-19.7045,-116.8973,p
2026-08-01T18:49:04Z,-53.1758,-143.5299,h
2026-08-01T23:55:17Z,13.6254,-166.1053,7
2026-08-01T01:49:14Z,24.5709,129.5262,8
2026-08-01T09:05:44Z,-27.3617,-57.9153,o
2026-08-01T11:37:31Z,-49.0241,7.2591,l
2026-08-01T07:36:47Z,5.3220,-13.9820,{
2026-08-01T12:17:43Z,-29.1791,-96.7292,0
2026-08-01T18:40:50Z,-49.3906,-179.2145,t
2026-08-01T16:08:53Z,22.0746,-1.8868,3
2026-08-01T14:15:40Z,-8.6929,-3.3240,v
2026-08-01T20:00:19Z,53.1205,165.4089,}
2026-08-01T03:25:06Z,31.4264,-103.1191,q
2026-08-01T21:16:54Z,-12.5836,-101.6602,5
2026-08-01T19:52:31Z,22.4363,93.4639,m
2026-08-01T16:44:20Z,31.7454,-81.5812,x
2026-08-01T13:16:53Z,53.1992,118.3788,x
2026-08-01T17:48:24Z,30.2782,-88.0007,z
2026-08-01T07:08:47Z,34.4473,-95.0253,b
2026-08-01T21:25:03Z,23.4778,66.8197,f
2026-08-01T14:13:48Z,47.8701,156.5964,i
2026-08-01T03:55:14Z,39.5908,-11.2913,u
2026-08-01T12:14:16Z,-28.6340,153.4223,c
2026-08-01T00:07:19Z,-18.7344,-145.5376,d
2026-08-01T17:10:31Z,29.2073,-42.3282,u
2026-08-01T12:41:24Z,-30.1897,13.7087,n
2026-08-01T17:15:12Z,-46.0371,-113.8513,c
2026-08-01T12:50:54Z,25.4907,-4.1784,9
2026-08-01T07:26:18Z,-13.0437,-50.9133,u
2026-08-01T14:53:48Z,-31.4779,-125.0456,}
2026-08-01T05:36:26Z,42.9100,-5.0935,j
2026-08-01T15:31:23Z,-51.0096,-137.6363,k
2026-08-01T22:36:05Z,33.1952,-69.9704,8
2026-08-01T12:06:57Z,-40.8828,-71.6308,p
2026-08-01T14:49:34Z,-5.2092,37.4720,t
2026-08-01T22:29:17Z,-57.2045,144.0668,y
2026-08-01T03:44:35Z,53.8042,-42.2987,r
2026-08-01T15:49:44Z,-28.3241,32.4434,_
2026-08-01T07:54:07Z,-43.3394,70.6500,7
2026-08-01T14:19:56Z,-44.4215,47.8983,b
2026-08-01T12:28:02Z,29.9140,-42.6426,_
2026-08-01T09:49:22Z,25.4933,-95.7614,w
2026-08-01T15:45:22Z,-38.4859,-61.4367,m
2026-08-01T18:59:05Z,11.9548,-162.4382,b
2026-08-01T14:21:07Z,-52.4476,110.4350,7
2026-08-01T13:55:11Z,-47.8790,-76.4772,b
2026-08-01T20:24:26Z,11.8543,-83.2586,3
2026-08-01T19:03:14Z,-30.6619,-80.1714,}
2026-08-01T22:31:45Z,30.6316,-1.5764,x
2026-08-01T04:45:36Z,-56.2764,-25.1373,k
2026-08-01T18:22:08Z,-56.0712,91.6617,i
2026-08-01T03:15:11Z,-37.3460,161.3107,c
2026-08-01T01:07:01Z,-15.8633,44.2903,3
2026-08-01T21:54:01Z,-45.3384,151.5362,b
2026-08-01T01:44:16Z,-17.1159,-166.2346,p
2026-08-01T06:15:17Z,11.5751,135.4030,p
2026-08-01T02:13:46Z,51.2724,-75.2093,h
2026-08-01T09:06:59Z,-35.0651,-66.2188,q
2026-08-01T07:28:28Z,-22.3780,-51.6962,x
2026-08-01T21:03:50Z,41.2516,-31.2434,a
2026-08-01T09:06:06Z,-29.5637,-62.7922,h
2026-08-01T18:11:21Z,-57.6208,-95.9596,v
2026-08-01T21:11:27Z,31.5447,-31.2817,p
2026-08-01T00:28:57Z,55.4168,-24.2383,9
2026-08-01T14:28:13Z,7.6926,-34.2762,6
2026-08-01T21:15:23Z,-57.0296,39.9178,{
2026-08-01T18:54:39Z,-38.3731,-108.7215,{
2026-08-01T10:39:11Z,11.1581,96.1924,f
2026-08-01T21:04:28Z,-41.3778,127.0513,p
2026-08-01T00:49:11Z,32.2615,-95.1864,9
2026-08-01T11:03:17Z,-49.2000,23.7065,{
2026-08-01T14:15:54Z,29.3263,6.3524,}
2026-08-01T08:55:02Z,-2.4992,-89.1433,z
2026-08-01T18:23:19Z,38.1640,16.3367,s
2026-08-01T07:06:51Z,39.5033,-100.3885,z
2026-08-01T00:40:52Z,53.7983,-38.0051,w
2026-08-01T08:00:15Z,2.8771,64.7631,d
2026-08-01T12:17:12Z,-29.9566,-101.6363,h
2026-08-01T03:41:59Z,17.6767,-133.9862,o
2026-08-01T15:51:15Z,-31.0991,-39.0029,1
2026-08-01T03:47:50Z,50.8236,-95.1179,r
2026-08-01T14:05:55Z,-4.5577,-170.1121,6
2026-08-01T03:55:03Z,38.3340,-56.6377,b
2026-08-01T21:05:41Z,52.8805,-18.3897,e
2026-08-01T03:33:47Z,23.9701,-152.3559,g
2026-08-01T10:45:29Z,-42.7559,-72.4683,f
2026-08-01T06:43:57Z,-19.5061,-151.0673,s
2026-08-01T15:02:37Z,-54.8319,3.8589,0
2026-08-01T07:02:07Z,7.4737,12.1569,r
